2.200064298965299892e-04 2.200078474130060413e-04 2.200094203322548834e-04 2.200111006544741132e-04 2.200128311500001500e-04 2.200145592214738542e-04 2.200162394129674128e-04 2.200178348135009923e-04 2.200193191301718146e-04 2.200206765197627607e-04 2.200219003501471251e-04 2.200229914910958786e-04 2.200239562424103322e-04 2.200248042691746214e-04 2.200255469043942169e-04 2.200261959086845492e-04 2.200267626622914310e-04 2.200272576914648185e-04 2.200276904478996453e-04 2.200280692542507053e-04 2.200284013486321865e-04 2.200286929805549260e-04 2.200289495252455549e-04 2.200291755992010907e-04 2.200293751673420748e-04 2.200295516374957774e-04 2.200297079423978500e-04 2.200298466101265440e-04 2.200299698237795560e-04 2.200300794717492691e-04 2.200301771902328019e-04 2.200302643993541283e-04 2.200303423339065216e-04 2.200304120695012889e-04 2.200304745448027240e-04 2.200305305804538323e-04 2.200305808952144097e-04 2.200306261197489219e-04 2.200306668084263655e-04 2.200307034494320519e-04 2.200307364734423361e-04 2.200307662610747933e-04 2.200307931492939293e-04 2.200308174369258393e-04 2.200308393894126783e-04 2.200308592429185348e-04 2.200308772078805452e-04 2.200308934720864831e-04 2.200309082033466402e-04 2.200309215518179214e-04 2.200309283024861424e-04 2.200309417586116521e-04 2.200309551544321022e-04 2.200309684899198184e-04 2.200309817650481295e-04 2.200309949797915566e-04 2.200310081341257866e-04 2.200310212280277530e-04 2.200310342614757175e-04 2.200310472344492701e-04 2.200310601469293288e-04 2.200310729988984922e-04 2.200310857903406327e-04 2.200310985212413034e-04 2.200311111915876294e-04 2.200311238013684433e-04 2.200311363505741771e-04 2.200311488391969432e-04 2.200311612672307786e-04 2.200311736346712921e-04 2.200311797956682434e-04 2.200311918935528679e-04 2.200312051157527870e-04 2.200312195590370292e-04 2.200312353268157948e-04 2.200312525291999788e-04 2.200312712829454430e-04 2.200312917112471256e-04 2.200313139433394862e-04 2.200313381138513781e-04 2.200313643618522213e-04 2.200313928295147476e-04 2.200314236603071751e-04 2.200314569966144141e-04 2.200314929766776083e-04 2.200315317307352427e-04 2.200315733762494826e-04 2.200316180121136877e-04 2.200316657117604104e-04 2.200317165151253432e-04 2.200317704194974116e-04 2.200318273694818806e-04 2.200318872468204551e-04 2.200319498618509659e-04 2.200320149496792679e-04 2.200320821746022161e-04 2.200321511462901961e-04 2.200322214577396485e-04 2.200322927733018282e-04 2.200323649926571885e-04 2.200324384784183658e-04 2.200325144446999167e-04 2.200325957241115033e-04 2.200326877412140184e-04 2.200328001168067634e-04 2.200329491957357067e-04 2.200331622123899899e-04 2.200334838628769426e-04 2.200339883822713036e-04 2.200348044324373573e-04 2.200361697730086994e-04 2.200385996219427658e-04 2.200435373850618583e-04 2.200606286779883340e-04 2.203238965563089548e-04 2.206623394524818798e-04 2.210689042493319521e-04 2.215223048718701108e-04 2.219582503774928186e-04 2.222065100661667326e-04 
2.200083214917951250e-04 2.200102870783795714e-04 2.200125560663822647e-04 2.200150706075832026e-04 2.200177579136144144e-04 2.200205296695882976e-04 2.200232962841741603e-04 2.200259832722274689e-04 2.200285333730404380e-04 2.200309061010266944e-04 2.200330769485994416e-04 2.200350354751314755e-04 2.200367826098289441e-04 2.200383276734223139e-04 2.200396856500793817e-04 2.200408745412546409e-04 2.200419132296111845e-04 2.200428200478156415e-04 2.200436119532492849e-04 2.200443041526910931e-04 2.200449100187016119e-04 2.200454411628303454e-04 2.200459075976851696e-04 2.200463179298854622e-04 2.200466795463570382e-04 2.200469987862754741e-04 2.200472810960159460e-04 2.200475311628327007e-04 2.200477530273465762e-04 2.200479501783997088e-04 2.200481256336221897e-04 2.200482820078701856e-04 2.200484215711737536e-04 2.200485462977583371e-04 2.200486579076072499e-04 2.200487579018238244e-04 2.200488475928022371e-04 2.200489281300152305e-04 2.200490005220754046e-04 2.200490656556206633e-04 2.200491243114917849e-04 2.200491771786034878e-04 2.200492248658500276e-04 2.200492679123388457e-04 2.200493067961993056e-04 2.200493419421774744e-04 2.200493737281950587e-04 2.200494024910241726e-04 2.200494285312054685e-04 2.200494521173195145e-04 2.200494640418601067e-04 2.200494878038397953e-04 2.200495114496326115e-04 2.200495349791793849e-04 2.200495583924236829e-04 2.200495816893120813e-04 2.200496048697943004e-04 2.200496279338232043e-04 2.200496508813547475e-04 2.200496737123481639e-04 2.200496964267659129e-04 2.200497190245737339e-04 2.200497415057407541e-04 2.200497638702392992e-04 2.200497861180451375e-04 2.200498082491373708e-04 2.200498302634984623e-04 2.200498521611142901e-04 2.200498739419741207e-04 2.200498956060707441e-04 2.200499063943314910e-04 2.200499275706232767e-04 2.200499507029570259e-04 2.200499759570646147e-04 2.200500035094327979e-04 2.200500335472172322e-04 2.200500662679157787e-04 2.200501018787320222e-04 2.200501405955448725e-04 2.200501826413847725e-04 2.200502282442973049e-04 2.200502776344559616e-04 2.200503310403665149e-04 2.200503886839869690e-04 2.200504507745729241e-04 2.200505175010513521e-04 2.200505890227263278e-04 2.200506654581434868e-04 2.200507468720062530e-04 2.200508332602354512e-04 2.200509245337519196e-04 2.200510205025558682e-04 2.200511208631460679e-04 2.200512251934560299e-04 2.200513329589597988e-04 2.200514435335094781e-04 2.200515562506485945e-04 2.200516705346295548e-04 2.200517861706234178e-04 2.200519037025799429e-04 2.200520250076168675e-04 2.200521544320603335e-04 2.200523005794907542e-04 2.200524789852604851e-04 2.200527165780372368e-04 2.200530570937925322e-04 2.200535710028881764e-04 2.200543769011876051e-04 2.200556800735540641e-04 2.200578643268311736e-04 2.200617477398251283e-04 2.200698487566660883e-04 2.200990290794576135e-04 2.204763151936376233e-04 2.209439024284021353e-04 2.215681349997319644e-04 2.222877024100767662e-04 2.229740719278357273e-04 2.233730139919237127e-04 2.232998983656971450e-04 
2.200106977017135990e-04 2.200133140822448812e-04 2.200164570041157998e-04 2.200200878592490348e-04 2.200241158864365480e-04 2.200284118663818622e-04 2.200328408740775585e-04 2.200372679495901900e-04 2.200415709433204022e-04 2.200456545733817288e-04 2.200494525195219016e-04 2.200529254258998518e-04 2.200560571095895948e-04 2.200588499636307546e-04 2.200613198847164997e-04 2.200634913543742313e-04 2.200653930762001170e-04 2.200670549824840932e-04 2.200685061276703406e-04 2.200697734970017566e-04 2.200708813677061389e-04 2.200718510912917766e-04 2.200727012237838217e-04 2.200734477858252026e-04 2.200741045478944919e-04 2.200746833261385191e-04 2.200751942646456258e-04 2.200756460823795411e-04 2.200760462831823495e-04 2.200764013351021262e-04 2.200767168234060646e-04 2.200769975800711056e-04 2.200772477928493367e-04 2.200774710973185178e-04 2.200776706549694393e-04 2.200778492197267666e-04 2.200780091947312285e-04 2.200781526808327012e-04 2.200782815180078961e-04 2.200783973207449788e-04 2.200785015082963331e-04 2.200785953305712877e-04 2.200786798903284875e-04 2.200787561622230223e-04 2.200788250091802103e-04 2.200788871964931537e-04 2.200789434039798168e-04 2.200789942364846346e-04 2.200790402329654558e-04 2.200790818743700815e-04 2.200791029197570587e-04 2.200791448416754422e-04 2.200791865383217678e-04 2.200792280095435966e-04 2.200792692551939921e-04 2.200793102751323876e-04 2.200793510692239624e-04 2.200793916373402115e-04 2.200794319793586201e-04 2.200794720951632869e-04 2.200795119846444907e-04 2.200795516476992324e-04 2.200795910842309364e-04 2.200796302941500208e-04 2.200796692773738150e-04 2.200797080338266960e-04 2.200797465634406300e-04 2.200797848661550102e-04 2.200798229419171986e-04 2.200798607906828783e-04 2.200798796299304502e-04 2.200799165925775317e-04 2.200799569434117237e-04 2.200800009637342400e-04 2.200800489517109508e-04 2.200801012218073509e-04 2.200801581037195901e-04 2.200802199406685087e-04 2.200802870868962143e-04 2.200803599041769025e-04 2.200804387571252162e-04 2.200805240070556493e-04 2.200806160041192080e-04 2.200807150774248655e-04 2.200808215228408778e-04 2.200809355881764510e-04 2.200810574554840104e-04 2.200811872203509395e-04 2.200813248684091201e-04 2.200814702501653955e-04 2.200816230570575623e-04 2.200817828045477278e-04 2.200819488311599994e-04 2.200821203231352694e-04 2.200822963717827447e-04 2.200824760750780663e-04 2.200826587291268262e-04 2.200828442018207514e-04 2.200830335312952129e-04 2.200832297280252720e-04 2.200834392068055955e-04 2.200836747140630086e-04 2.200839599091889331e-04 2.200843377077479717e-04 2.200848813104672066e-04 2.200857073205605659e-04 2.200869988629883950e-04 2.200890888161800775e-04 2.200925739242669092e-04 2.200987745025711052e-04 2.201115945862646848e-04 2.201601193313294108e-04 2.207055957987293039e-04 2.213531166937303689e-04 2.222918675375543031e-04 2.234251777078022729e-04 2.244987697469664209e-04 2.251178577999852245e-04 2.250117579221603127e-04 2.243081378511270463e-04 
2.200137839867774840e-04 2.200171148274291722e-04 2.200213007089400752e-04 2.200263330612213270e-04 2.200321355959853102e-04 2.200385769337382335e-04 2.200454600724383015e-04 2.200525513016751689e-04 2.200596302381212547e-04 2.200665092386732465e-04 2.200730385013135114e-04 2.200791154882571188e-04 2.200846727947705270e-04 2.200896860781654434e-04 2.200941587235992025e-04 2.200981127981722029e-04 2.201015868021765644e-04 2.201046281634532929e-04 2.201072856915870987e-04 2.201096062861618351e-04 2.201116332235487309e-04 2.201134052397088665e-04 2.201149564048220791e-04 2.201163163389274562e-04 2.201175105964508149e-04 2.201185611588469247e-04 2.201194869253180841e-04 2.201203041421012608e-04 2.201210267752624428e-04 2.201216668404929692e-04 2.201222346917157456e-04 2.201227392676826918e-04 2.201231882997270407e-04 2.201235884866278836e-04 2.201239456425280888e-04 2.201242648226153971e-04 2.201245504301258308e-04 2.201248063074894533e-04 2.201250358139875422e-04 2.201252418919583381e-04 2.201254271233046584e-04 2.201255937777942375e-04 2.201257438544087304e-04 2.201258791167977748e-04 2.201260011237234147e-04 2.201261112552413879e-04 2.201262107352495491e-04 2.201263006509360720e-04 2.201263819695807068e-04 2.201264555530925762e-04 2.201264927288211091e-04 2.201265667555296461e-04 2.201266403490294570e-04 2.201267135090819631e-04 2.201267862354650928e-04 2.201268585279733626e-04 2.201269303864176606e-04 2.201270018106252463e-04 2.201270728004401300e-04 2.201271433557228021e-04 2.201272134763503953e-04 2.201272831622167392e-04 2.201273524132326309e-04 2.201274212293258085e-04 2.201274896104416011e-04 2.201275575565429018e-04 2.201276250676110894e-04 2.201276921436460285e-04 2.201277587846671533e-04 2.201278249907142812e-04 2.201278579306406482e-04 2.201279225311371769e-04 2.201279930108014096e-04 2.201280698485154168e-04 2.201281535496902328e-04 2.201282446446746802e-04 2.201283436861768662e-04 2.201284512454536183e-04 2.201285679069775382e-04 2.201286942612538911e-04 2.201288308954137151e-04 2.201289783811832433e-04 2.201291372598068795e-04 2.201293080235029774e-04 2.201294910930610255e-04 2.201296867912338887e-04 2.201298953116905140e-04 2.201301166835222954e-04 2.201303507319053460e-04 2.201305970370281550e-04 2.201308548965018373e-04 2.201311233012024835e-04 2.201314009385034638e-04 2.201316862357134739e-04 2.201319774527369787e-04 2.201322728582233467e-04 2.201325711266195479e-04 2.201328722458878754e-04 2.201331792787934586e-04 2.201335015157406536e-04 2.201338611257283562e-04 2.201343044414595402e-04 2.201349135767042805e-04 2.201358130517479901e-04 2.201371622791170070e-04 2.201392038757630609e-04 2.201424887515495614e-04 2.201481377094232717e-04 2.201578769185703508e-04 2.201780202157212598e-04 2.202597240203513966e-04 2.210457295621452972e-04 2.219589790976530966e-04 2.233481746464578623e-04 2.250759394040509223e-04 2.267419003017320399e-04 2.277226139293529110e-04 2.275761395683917332e-04 2.264665867613186606e-04 2.250823473778902444e-04 
2.200180767666257370e-04 2.200220526885324126e-04 2.200273835038214993e-04 2.200340773906478734e-04 2.200421266878928338e-04 2.200514227308790537e-04 2.200617264647728518e-04 2.200727263056574115e-04 2.200840684247516797e-04 2.200954028991398178e-04 2.201064135618612937e-04 2.201168664773634290e-04 2.201265865691757855e-04 2.201354780221113341e-04 2.201434948417196121e-04 2.201506459935117328e-04 2.201569670844320641e-04 2.201625199155838220e-04 2.201673817662343831e-04 2.201716321892482333e-04 2.201753457416193605e-04 2.201785900560012299e-04 2.201814260209848857e-04 2.201839077478593722e-04 2.201860825786102187e-04 2.201879915429186512e-04 2.201896700478015877e-04 2.201911485630995459e-04 2.201924532587798693e-04 2.201936066031351380e-04 2.201946279082614367e-04 2.201955338043599421e-04 2.201963386395110222e-04 2.201970548141608255e-04 2.201976930627141992e-04 2.201982626924927939e-04 2.201987717873912743e-04 2.201992273815830416e-04 2.201996356075661154e-04 2.202000018222439472e-04 2.202003307142862641e-04 2.202006263956055368e-04 2.202008924793831882e-04 2.202011321467152298e-04 2.202013482036230545e-04 2.202015431298983165e-04 2.202017191210191359e-04 2.202018781241797088e-04 2.202020218693132893e-04 2.202021518958533072e-04 2.202022175712272192e-04 2.202023483154750584e-04 2.202024782513244919e-04 2.202026073791330625e-04 2.202027356992979946e-04 2.202028632122556527e-04 2.202029899184800770e-04 2.202031158184827126e-04 2.202032409128096453e-04 2.202033652020408960e-04 2.202034886867881445e-04 2.202036113676934012e-04 2.202037332454267842e-04 2.202038543206844055e-04 2.202039745941868532e-04 2.202040940666767513e-04 2.202042127389173512e-04 2.202043306116904168e-04 2.202044476857947341e-04 2.202045639620447558e-04 2.202046218012326763e-04 2.202047352091116841e-04 2.202048589016715409e-04 2.202049937094554004e-04 2.202051405074576212e-04 2.202053002119221451e-04 2.202054737753138312e-04 2.202056621789887894e-04 2.202058664229958860e-04 2.202060875123305515e-04 2.202063264388312873e-04 2.202065841577649377e-04 2.202068615579767341e-04 2.202071594242717314e-04 2.202074783904128829e-04 2.202078188807132526e-04 2.202081810376174632e-04 2.202085646319893873e-04 2.202089689525996640e-04 2.202093926728757338e-04 2.202098336992761919e-04 2.202102890212920684e-04 2.202107546123614561e-04 2.202112254793390806e-04 2.202116960392277154e-04 2.202121611749799227e-04 2.202126188784043191e-04 2.202130758893570549e-04 2.202135569261599478e-04 2.202141159555596507e-04 2.202148443404744796e-04 2.202158681332395355e-04 2.202173257160368607e-04 2.202194110195569449e-04 2.202226326943929773e-04 2.202280099771327195e-04 2.202371313253144458e-04 2.202525855883796986e-04 2.202849273838310043e-04 2.204171994729011287e-04 2.215586506770449680e-04 2.228554090413737364e-04 2.248872025669761902e-04 2.274817614364060597e-04 2.299920355477378655e-04 2.315063107718101708e-04 2.313526269315171883e-04 2.296708795129150950e-04 2.274237047702139301e-04 2.253833305306007805e-04 
2.200251431197488487e-04 2.200289230343068804e-04 2.200352823014198604e-04 2.200438084377073290e-04 2.200545248562646146e-04 2.200674021147382142e-04 2.200822628580285001e-04 2.200987591565184702e-04 2.201163627394628884e-04 2.201345191930773959e-04 2.201526368854717856e-04 2.201702494532637648e-04 2.201869915165746098e-04 2.202025207881619612e-04 2.202167610355472915e-04 2.202295993164786415e-04 2.202410015804985707e-04 2.202510855476813817e-04 2.202599841201079893e-04 2.202678046833584768e-04 2.202746492957102819e-04 2.202806239943254742e-04 2.202858358042920374e-04 2.202903858539423507e-04 2.202943643971539463e-04 2.202978495396505361e-04 2.203009082010639566e-04 2.203035976121615338e-04 2.203059666937676631e-04 2.203080572734759522e-04 2.203099051757625721e-04 2.203115411734486630e-04 2.203129917850018226e-04 2.203142799268925569e-04 2.203154254468490632e-04 2.203164455653216136e-04 2.203173552463811246e-04 2.203181675126403153e-04 2.203188937141223477e-04 2.203195437583361171e-04 2.203201263073083400e-04 2.203206489463954319e-04 2.203211183290013217e-04 2.203215403007290638e-04 2.203219200059955603e-04 2.203222619796717978e-04 2.203225702259386880e-04 2.203228482862094060e-04 2.203230992977078307e-04 2.203233260440372256e-04 2.203234404571800852e-04 2.203236679921143657e-04 2.203238938028268608e-04 2.203241178865606342e-04 2.203243402407363690e-04 2.203245608629635077e-04 2.203247797510538594e-04 2.203249969030307608e-04 2.203252123171421412e-04 2.203254259918714457e-04 2.203256379259480708e-04 2.203258481183577452e-04 2.203260565683537518e-04 2.203262632754667395e-04 2.203264682395146708e-04 2.203266714606123898e-04 2.203268729391823287e-04 2.203270726759639405e-04 2.203272706720219118e-04 2.203274669287584413e-04 2.203275644054136881e-04 2.203277552439325852e-04 2.203279629468012698e-04 2.203281887783878281e-04 2.203284340475939775e-04 2.203287000968133622e-04 2.203289882872015281e-04 2.203292999796663623e-04 2.203296365110556522e-04 2.203299991651982081e-04 2.203303891388573945e-04 2.203308075033800801e-04 2.203312551640951094e-04 2.203317328215699620e-04 2.203322409420322532e-04 2.203327797489557560e-04 2.203333492543005758e-04 2.203339493558158495e-04 2.203345800340490658e-04 2.203352416859522813e-04 2.203359356335109589e-04 2.203366648431208906e-04 2.203374348067281942e-04 2.203382542674985122e-04 2.203391349631426098e-04 2.203400888378320233e-04 2.203411210217223032e-04 2.203422186054271618e-04 2.203433446303481723e-04 2.203444576489947671e-04 2.203456158209337625e-04 2.203472137238353921e-04 2.203502770352145008e-04 2.203560879327663496e-04 2.203655084798659958e-04 2.203793063199159237e-04 2.204040318615682061e-04 2.204563727961744149e-04 2.206744462236486296e-04 2.223170292562596389e-04 2.241983773269294372e-04 2.271432194784488872e-04 2.309337314199311382e-04 2.346702572635359964e-04 2.369851266137418928e-04 2.368163142231706128e-04 2.343306034032027979e-04 2.308278430903065433e-04 2.275963759537598982e-04 2.246178794393710793e-04 
2.200701758228741894e-04 2.200400623912595179e-04 2.200462609203814924e-04 2.200564490502765588e-04 2.200700904840069503e-04 2.200872326732395030e-04 2.201078466394127233e-04 2.201316263935750679e-04 2.201579982654249261e-04 2.201861582080704869e-04 2.202152381724290496e-04 2.202441715057065828e-04 2.202724986558172754e-04 2.202991305972016179e-04 2.203240863301223450e-04 2.203468559098169873e-04 2.203672723723127595e-04 2.203855393170376146e-04 2.204017627946325047e-04 2.204160288676508626e-04 2.204285046961532754e-04 2.204393978686516886e-04 2.204489098501365716e-04 2.204572214038926631e-04 2.204644908339670802e-04 2.204708555145182042e-04 2.204764347011483358e-04 2.204813322262667255e-04 2.204856384190903530e-04 2.204894314989000155e-04 2.204927788561107118e-04 2.204957383755595292e-04 2.204983597490488441e-04 2.205006856834510647e-04 2.205027529529054531e-04 2.205045932897193022e-04 2.205062341323665224e-04 2.205076992544190108e-04 2.205090092955602245e-04 2.205101822114204188e-04 2.205112336553481114e-04 2.205121773026665999e-04 2.205130251262041037e-04 2.205137876305508760e-04 2.205144740514079066e-04 2.205150925254570891e-04 2.205156502353485145e-04 2.205161535336911055e-04 2.205166080493029120e-04 2.205170187784617937e-04 2.205172260834551421e-04 2.205176384702768817e-04 2.205180478904144854e-04 2.205184543407289984e-04 2.205188578178685825e-04 2.205192583182670528e-04 2.205196558381408690e-04 2.205200503734879155e-04 2.205204419200854147e-04 2.205208304734916885e-04 2.205212160290422280e-04 2.205215985818523771e-04 2.205219781268158419e-04 2.205223546586050967e-04 2.205227281716716015e-04 2.205230986602460454e-04 2.205234661183392956e-04 2.205238305397420992e-04 2.205241919180254355e-04 2.205245502465420879e-04 2.205247282650001897e-04 2.205250768673742620e-04 2.205254563880571005e-04 2.205258691528809943e-04 2.205263175637509261e-04 2.205268040729397097e-04 2.205273311473674054e-04 2.205279012201007550e-04 2.205285166255643501e-04 2.205291795140648973e-04 2.205298917401956173e-04 2.205306547185820068e-04 2.205314692395289264e-04 2.205323352367651415e-04 2.205332515002547829e-04 2.205342153302407120e-04 2.205352221380659731e-04 2.205362650224721658e-04 2.205373343941323719e-04 2.205384177996216086e-04 2.205395002830213462e-04 2.205405659793977066e-04 2.205416020652700769e-04 2.205426070317125246e-04 2.205436057499429281e-04 2.205446745075045456e-04 2.205459652762454333e-04 2.205477178284498397e-04 2.205502170680524374e-04 2.205536426833729243e-04 2.205579058840738318e-04 2.205626180952225941e-04 2.205687360503488781e-04 2.205811837670405330e-04 2.206069131331480694e-04 2.206515953965130833e-04 2.207265976535372561e-04 2.210942308424633572e-04 2.234332875437652064e-04 2.262033137473925301e-04 2.304327874194958775e-04 2.359608020698873514e-04 2.414014472300874921e-04 2.447777952384844972e-04 2.446710891819730204e-04 2.410816169432316680e-04 2.357679912698883921e-04 2.307857854075631037e-04 2.266713010894656278e-04 2.239999016684816944e-04 
2.202573332210293442e-04 2.201110011046145218e-04 2.200639942655451366e-04 2.200739743499664780e-04 2.200903105731993349e-04 2.201121265076298478e-04 2.201395467593252617e-04 2.201725215360996043e-04 2.202105715036945823e-04 2.202526922419850253e-04 2.202981124050611269e-04 2.203441592003141760e-04 2.203908949179108224e-04 2.204357515321022016e-04 2.204787519070909509e-04 2.205186400970584519e-04 2.205550067537918803e-04 2.205878945394620157e-04 2.206170156379057572e-04 2.206424682288448357e-04 2.206647562438993711e-04 2.206843902768145990e-04 2.207017201354328259e-04 2.207169852670196151e-04 2.207303890599446978e-04 2.207421285128207550e-04 2.207523954762101600e-04 2.207613711789783236e-04 2.207692219583777299e-04 2.207760970379740121e-04 2.207821278725550075e-04 2.207874286725935011e-04 2.207920977501774554e-04 2.207962193031088130e-04 2.207998653082141180e-04 2.208030973113633063e-04 2.208059680149721600e-04 2.208085226393211888e-04 2.208108000720613315e-04 2.208128338337436150e-04 2.208146528884330181e-04 2.208162823250574649e-04 2.208177439308896793e-04 2.208190566747753882e-04 2.208202371146972514e-04 2.208212997417903674e-04 2.208222572710137317e-04 2.208231208870198867e-04 2.208239004524380732e-04 2.208246046846285395e-04 2.208249600584660745e-04 2.208256668868245859e-04 2.208263685298086693e-04 2.208270650369175748e-04 2.208277564588108388e-04 2.208284428472738600e-04 2.208291242551869190e-04 2.208298007364832192e-04 2.208304723461148699e-04 2.208311391400123648e-04 2.208318011750379879e-04 2.208324585089435025e-04 2.208331112003131225e-04 2.208337593085068628e-04 2.208344028935969232e-04 2.208350420162911987e-04 2.208356767378594177e-04 2.208363071200422590e-04 2.208369332249570803e-04 2.208375551149991474e-04 2.208378644989913140e-04 2.208384712314087953e-04 2.208391332106989728e-04 2.208398550334634831e-04 2.208406416032320841e-04 2.208414981392216802e-04 2.208424301836065483e-04 2.208434436067122086e-04 2.208445446089306406e-04 2.208457397168145798e-04 2.208470357683157536e-04 2.208484398775923286e-04 2.208499593620091449e-04 2.208516015998145240e-04 2.208533737604380940e-04 2.208552823019016348e-04 2.208573320612787320e-04 2.208595246824188846e-04 2.208618559852174794e-04 2.208643116638158810e-04 2.208668609925262805e-04 2.208694487514139063e-04 2.208719834723004306e-04 2.208743278259324969e-04 2.208763111791553913e-04 2.208777793671831962e-04 2.208787286497213790e-04 2.208796088183752955e-04 2.208816589948681705e-04 2.208868810233669444e-04 2.208975691211451586e-04 2.209144743482374803e-04 2.209357593190223025e-04 2.209663533796457342e-04 2.210352535102999517e-04 2.211761334052440842e-04 2.217420658654574623e-04 2.251535782738179540e-04 2.291442052593664158e-04 2.353137324336420451e-04 2.431746387319484357e-04 2.511803621927335322e-04 2.561140033947532230e-04 2.559378964342269515e-04 2.507631093370450443e-04 2.429398670148068858e-04 2.354420299900388674e-04 2.296718354174510956e-04 2.259865583162249184e-04 2.243920691721994513e-04 
2.204883566174390774e-04 2.203722556753843034e-04 2.201737264760563893e-04 2.201027212759354499e-04 2.201184405703991687e-04 2.201445499355294860e-04 2.201794192144479662e-04 2.202232188978049611e-04 2.202758945298165943e-04 2.203373070554431391e-04 2.204043916301052434e-04 2.204765307327018946e-04 2.205512571294556226e-04 2.206246429147391266e-04 2.206973732224094711e-04 2.207662637736739440e-04 2.208298862303918568e-04 2.208890830831362288e-04 2.209420124816513867e-04 2.209877617884898368e-04 2.210273922745671280e-04 2.210623193951851643e-04 2.210934044072112832e-04 2.211210354465652380e-04 2.211454439747256742e-04 2.211668790536321213e-04 2.211856348075285283e-04 2.212020218291558475e-04 2.212163384846738200e-04 2.212288562021241095e-04 2.212398152296327157e-04 2.212494253371913798e-04 2.212578682714361807e-04 2.212653006904551230e-04 2.212718571537369209e-04 2.212776530000927489e-04 2.212827870191557648e-04 2.212873438591726055e-04 2.212913961435531611e-04 2.212950062947633908e-04 2.212982280849484513e-04 2.213011079446554666e-04 2.213036860643334688e-04 2.213059973210601376e-04 2.213080720586729148e-04 2.213099367450719376e-04 2.213116145266349241e-04 2.213131256964362783e-04 2.213144880902635076e-04 2.213157174221227173e-04 2.213163372632553482e-04 2.213175690819247136e-04 2.213187905033296493e-04 2.213200016365860509e-04 2.213212025955549334e-04 2.213223934989583589e-04 2.213235744704612404e-04 2.213247456387663990e-04 2.213259071376937374e-04 2.213270591062617724e-04 2.213282016887543945e-04 2.213293350347942951e-04 2.213304592993947380e-04 2.213315746429975867e-04 2.213326812314991637e-04 2.213337792362360737e-04 2.213348688339571233e-04 2.213359502067493512e-04 2.213370235419364924e-04 2.213380890319491452e-04 2.213386188965039655e-04 2.213396576658652648e-04 2.213407905821227623e-04 2.213420255306834932e-04 2.213433709953393331e-04 2.213448361191452745e-04 2.213464307851874474e-04 2.213481657261761454e-04 2.213500526746105907e-04 2.213521045676541141e-04 2.213543358218924791e-04 2.213567626922592017e-04 2.213594037284053275e-04 2.213622803408577184e-04 2.213654174577056166e-04 2.213688440700676912e-04 2.213725929723320241e-04 2.213766984653087189e-04 2.213811910818290572e-04 2.213860882594333287e-04 2.213913750859464690e-04 2.213969679869937893e-04 2.214026609282571838e-04 2.214080506633392246e-04 2.214125114634072039e-04 2.214152459644570337e-04 2.214155301298762293e-04 2.214136682196095579e-04 2.214128535774752629e-04 2.214209263872955735e-04 2.214487223202777125e-04 2.215007545215324288e-04 2.215700757110209839e-04 2.216543302086571596e-04 2.218469605000380563e-04 2.228589921827118982e-04 2.275171310348947373e-04 2.336871875635555893e-04 2.421889585669775088e-04 2.543942476907319833e-04 2.645983862779763512e-04 2.725156524371822719e-04 2.722401123333024727e-04 2.647102439146500116e-04 2.533399369394906137e-04 2.422795676750277556e-04 2.340473189538927880e-04 2.288668956528022637e-04 2.262687948903719856e-04 2.245303424742079487e-04 
2.208503902328250591e-04 2.207199285657239854e-04 2.205442371962694156e-04 2.202715986080811190e-04 2.201641531805334311e-04 2.201893309733024778e-04 2.202312675489286086e-04 2.202873535679487362e-04 2.203579049320146760e-04 2.204414310262315920e-04 2.205387510715272595e-04 2.206471241494940198e-04 2.207628057546933797e-04 2.208825745733369243e-04 2.209986336105347810e-04 2.211164707129230551e-04 2.212246426435880925e-04 2.213262719190227954e-04 2.214220475006391459e-04 2.215074507755919757e-04 2.215815489387847460e-04 2.216464352578199242e-04 2.217040812706260562e-04 2.217554454170620598e-04 2.218009159721477642e-04 2.218408083530743955e-04 2.218755642467527952e-04 2.219057405990176022e-04 2.219319307013851007e-04 2.219546969087533178e-04 2.219745361283796464e-04 2.219918714898248542e-04 2.220070580041490682e-04 2.220203931018498373e-04 2.220321271847805207e-04 2.220424724487236293e-04 2.220516098125738832e-04 2.220596942870667041e-04 2.220668591729934769e-04 2.220732194130575060e-04 2.220788743284097318e-04 2.220839098919019032e-04 2.220884006387194710e-04 2.220924112851375802e-04 2.220959981074601330e-04 2.220992101205773934e-04 2.221020900868433219e-04 2.221046753800485043e-04 2.221069987251725949e-04 2.221090888316116195e-04 2.221101403284644242e-04 2.221122251392908405e-04 2.221142857836042278e-04 2.221163223667229280e-04 2.221183350089732161e-04 2.221203238464122733e-04 2.221222890314960554e-04 2.221242307337228483e-04 2.221261491402068649e-04 2.221280444562497014e-04 2.221299169058989719e-04 2.221317667325472763e-04 2.221335941995865434e-04 2.221353995911672433e-04 2.221371832130406227e-04 2.221389453935087644e-04 2.221406864844359581e-04 2.221424068622388209e-04 2.221441069288248909e-04 2.221457871123346287e-04 2.221466198890220277e-04 2.221482471557645517e-04 2.221500138595722414e-04 2.221519301823507084e-04 2.221540068780549165e-04 2.221562553577486102e-04 2.221586878299929371e-04 2.221613175240968216e-04 2.221641590375499032e-04 2.221672288743101859e-04 2.221705462829552007e-04 2.221741345542520220e-04 2.221780229454105044e-04 2.221822492683450548e-04 2.221868628954159315e-04 2.221919277765726640e-04 2.221975251680866038e-04 2.222037544106148703e-04 2.222107253409383559e-04 2.222185364884835402e-04 2.222272423572882081e-04 2.222367809723494033e-04 2.222468182401457232e-04 2.222565250034728458e-04 2.222643662158386448e-04 2.222685898547555278e-04 2.222679395527578112e-04 2.222648361343276943e-04 2.222695998776503027e-04 2.223029163558647376e-04 2.223902703390864474e-04 2.225363480337658813e-04 2.226866012035192484e-04 2.229068779634987331e-04 2.245208350820919897e-04 2.316886363009123455e-04 2.394865849399333674e-04 2.534853470642172259e-04 2.687203602235212750e-04 2.868124787426547359e-04 2.960945501466433032e-04 2.945273128744780016e-04 2.845822191827133410e-04 2.682982460558305349e-04 2.523466965053157429e-04 2.404726724354253053e-04 2.330540904698491500e-04 2.290194032402259432e-04 2.265811849870676879e-04 2.247078028072364213e-04 
2.213990999089658380e-04 2.212769557997894265e-04 2.210600898803001979e-04 2.207989173494782497e-04 2.204198675669238915e-04 2.202629844261024428e-04 2.203030770791733202e-04 2.203689529742612456e-04 2.204580700385855090e-04 2.205715299393647155e-04 2.207069356615566267e-04 2.208645864172126185e-04 2.210323032004672227e-04 2.212224614321497908e-04 2.214104616877136228e-04 2.215999488293606792e-04 2.217910251348143328e-04 2.219633112878485141e-04 2.221229061394827827e-04 2.222683964136063883e-04 2.223950714044659049e-04 2.225059388973406099e-04 2.226066931077269769e-04 2.227003414642753586e-04 2.227870688351527809e-04 2.228659989571904747e-04 2.229364298235283267e-04 2.229982364687019280e-04 2.230518162987879939e-04 2.230978952229166392e-04 2.231373446844610287e-04 2.231710535920105036e-04 2.231998546859510974e-04 2.232244907467592046e-04 2.232456053645037589e-04 2.232637467911352178e-04 2.232793775401496978e-04 2.232928857221048340e-04 2.233045961643694325e-04 2.233147804631520697e-04 2.233236657087971316e-04 2.233314419158406250e-04 2.233382682887117036e-04 2.233442784674509430e-04 2.233495848917333728e-04 2.233542824139649519e-04 2.233584512825223089e-04 2.233621596025285204e-04 2.233654653655240839e-04 2.233684181239328228e-04 2.233698962153985606e-04 2.233728125996540170e-04 2.233756771488855429e-04 2.233784913863477782e-04 2.233812568875867858e-04 2.233839752783825885e-04 2.233866482329988057e-04 2.233892774730379801e-04 2.233918647670760929e-04 2.233944119311993793e-04 2.233969208303687433e-04 2.233993933804795514e-04 2.234018315507488566e-04 2.234042373660648370e-04 2.234066129088396703e-04 2.234089603199128371e-04 2.234112817982117111e-04 2.234135795989080904e-04 2.234158560301093477e-04 2.234181134481871996e-04 2.234192357754931878e-04 2.234214367004681465e-04 2.234238400625043872e-04 2.234264664602984591e-04 2.234293398880288597e-04 2.234324887577918324e-04 2.234359472953776835e-04 2.234397574406493453e-04 2.234439714117448345e-04 2.234486550935516763e-04 2.234538923526300787e-04 2.234597902608170339e-04 2.234664851433149438e-04 2.234741495597707454e-04 2.234830004976303536e-04 2.234933073088114374e-04 2.235053919269634130e-04 2.235196082191021299e-04 2.235362911454023382e-04 2.235556523340265147e-04 2.235775531923772999e-04 2.236012480423198135e-04 2.236252297887917555e-04 2.236466265805568145e-04 2.236614932337272702e-04 2.236662175360081375e-04 2.236610914507978338e-04 2.236568299089580173e-04 2.236843635713466484e-04 2.237977302174711512e-04 2.240281338866780881e-04 2.243102157418921775e-04 2.246620593594989359e-04 2.271038863605020954e-04 2.379239120632603306e-04 2.489442282994571592e-04 2.675156943184723614e-04 2.940344743784566390e-04 3.148917807109856372e-04 3.291838954621282036e-04 3.313510447499738200e-04 3.153633936192640642e-04 2.903006684359693990e-04 2.671717763475676879e-04 2.498631839961504178e-04 2.390274408027029060e-04 2.330527170384460653e-04 2.295700986233389462e-04 2.270291585078777058e-04 2.250649776766998236e-04 
2.220798010810854717e-04 2.220904610185204337e-04 2.219004014339433239e-04 2.215676163222774896e-04 2.211883840170160865e-04 2.206484275339960451e-04 2.204202111778488424e-04 2.204875155075565962e-04 2.205932417802270449e-04 2.207357854499974483e-04 2.209143183271511303e-04 2.211257320487583576e-04 2.213875918853752114e-04 2.216508835481439575e-04 2.219603513670374579e-04 2.222492070230047971e-04 2.225483644776137643e-04 2.228568489498795337e-04 2.231494284136937764e-04 2.234361966879308688e-04 2.236984209425460501e-04 2.239079500725866525e-04 2.240623794404785732e-04 2.241790284704472144e-04 2.242763955796699376e-04 2.243655542834008861e-04 2.244506211638782895e-04 2.245319162863893285e-04 2.246084758613686760e-04 2.246793314598142209e-04 2.247439428272245631e-04 2.248022221271296173e-04 2.248544165613210535e-04 2.249009737119989614e-04 2.249424335184987706e-04 2.249793549856693475e-04 2.250122730264994596e-04 2.250416765747013904e-04 2.250679997131021419e-04 2.250916205405588150e-04 2.251128646903442516e-04 2.251320112775160426e-04 2.251492995668988295e-04 2.251649352895688573e-04 2.251790961416346045e-04 2.251919363880500451e-04 2.252035906616872230e-04 2.252141770858993592e-04 2.252237998377779407e-04 2.252325512498865457e-04 2.252369897709783893e-04 2.252458648258405820e-04 2.252547398926858378e-04 2.252636181608282855e-04 2.252725028050281029e-04 2.252813969768699691e-04 2.252903037974260240e-04 2.252992263506168919e-04 2.253081676764650436e-04 2.253171307633887758e-04 2.253261185387785148e-04 2.253351338573743865e-04 2.253441794873179826e-04 2.253532580942068362e-04 2.253623722239040447e-04 2.253715242850441247e-04 2.253807165325390997e-04 2.253899510531560892e-04 2.253992297540370181e-04 2.254085543546650037e-04 2.254132343521961690e-04 2.254224931751181457e-04 2.254327196341304360e-04 2.254440220121497985e-04 2.254565219898898069e-04 2.254703563300586343e-04 2.254856785936539118e-04 2.255026606691825665e-04 2.255214936697152257e-04 2.255423873960314218e-04 2.255655670835583608e-04 2.255912655709837176e-04 2.256197081362052554e-04 2.256510849608988831e-04 2.256855005862499336e-04 2.257228828403932161e-04 2.257628424350321180e-04 2.258045131348307096e-04 2.258463778892651869e-04 2.258858761342615452e-04 2.259187934910814901e-04 2.259392570970224158e-04 2.259399436055934080e-04 2.259134042482909054e-04 2.258557418650889847e-04 2.257751766157165441e-04 2.257065042154795598e-04 2.257296198185825063e-04 2.259546622643944730e-04 2.264233030139552736e-04 2.270225242257373460e-04 2.276310981089315450e-04 2.312143009843104587e-04 2.464561292920255855e-04 2.636631437694100864e-04 2.880382682060915684e-04 3.320352799814210243e-04 3.517653803451293920e-04 3.865932160929117564e-04 3.776820672195982755e-04 3.541791542499636439e-04 3.207704873942519180e-04 2.884567691181832354e-04 2.633262953745229965e-04 2.477243366494475785e-04 2.390633170463664261e-04 2.339256895821955251e-04 2.303969491316830865e-04 2.275540147791031904e-04 2.252372221550063441e-04 
2.229350291630086296e-04 2.231028220483627909e-04 2.230994692223608219e-04 2.228056359257493885e-04 2.223093649453789726e-04 2.217678450050718209e-04 2.210084069831371280e-04 2.206681929635380878e-04 2.207753133451983258e-04 2.209441165311024394e-04 2.211807227785839928e-04 2.214693514482623550e-04 2.217989330917296620e-04 2.222196251350062413e-04 2.226279763830586408e-04 2.231513709417741692e-04 2.236304138858043980e-04 2.240901980847767485e-04 2.245408154082157088e-04 2.249341677777019538e-04 2.253392713703732944e-04 2.258065125286981654e-04 2.262942903709708512e-04 2.267344979215113151e-04 2.270899361769391730e-04 2.273595806020841813e-04 2.275609709169201279e-04 2.277148169355184550e-04 2.278378796285390826e-04 2.279415427481349603e-04 2.280327536255644615e-04 2.281154418172780013e-04 2.281917031889149855e-04 2.282626101533599835e-04 2.283287003304298513e-04 2.283902526220218531e-04 2.284474412808338987e-04 2.285004159245379184e-04 2.285493356016802722e-04 2.285943786386640834e-04 2.286357422308251503e-04 2.286736382353299671e-04 2.287082876644516867e-04 2.287399150635968019e-04 2.287687434988567084e-04 2.287949905247094466e-04 2.288188652050640235e-04 2.288405660822751691e-04 2.288602799226691108e-04 2.288781810660586171e-04 2.288872447709417617e-04 2.289053265606631456e-04 2.289233385769747962e-04 2.289412697998237335e-04 2.289591088998876303e-04 2.289768442547731719e-04 2.289944639621578062e-04 2.290119558477872528e-04 2.290293074668640135e-04 2.290465060981477130e-04 2.290635387311757169e-04 2.290803920480591327e-04 2.290970524021397755e-04 2.291135057966374564e-04 2.291297378664005290e-04 2.291457338657716073e-04 2.291614786644994997e-04 2.291769567525534467e-04 2.291921522529028279e-04 2.292070489397094249e-04 2.292143800670014080e-04 2.292285894745341483e-04 2.292438173176417212e-04 2.292600595669622946e-04 2.292772812239801997e-04 2.292954036066107175e-04 2.293142870021490094e-04 2.293337070061912707e-04 2.293533226000016550e-04 2.293726344180847289e-04 2.293909334267855429e-04 2.294072431168380703e-04 2.294202583279063030e-04 2.294282722241970684e-04 2.294290609523419032e-04 2.294197128166906223e-04 2.293965252179003776e-04 2.293552159038155121e-04 2.292914098304975931e-04 2.292012931531469972e-04 2.290836406761274815e-04 2.289434592804176862e-04 2.287968224265410637e-04 2.286816554739012593e-04 2.286651160698130968e-04 2.288521660632066533e-04 2.293523094829247430e-04 2.301839570584353930e-04 2.310681017310703357e-04 2.315629703939799501e-04 2.317051933336829303e-04 2.368609054534838161e-04 2.602438223957396785e-04 2.876268999348898740e-04 3.189956939470641232e-04 3.821375012428967479e-04 4.115945635425044807e-04 4.662378758787546042e-04 4.381283557277372825e-04 4.225451995310658512e-04 3.707133993141968880e-04 3.211131918200795009e-04 2.838876196388996805e-04 2.608343510811513910e-04 2.477745825558587802e-04 2.402696829258094222e-04 2.352363479633606488e-04 2.311637328338037002e-04 2.277949874865520773e-04 2.253547322206570565e-04 
2.239119406514893226e-04 2.242941461793372074e-04 2.245908334806438940e-04 2.245459824695144474e-04 2.241055377171771235e-04 2.234166920348555174e-04 2.226012008896701116e-04 2.215355510820301601e-04 2.210670863816357340e-04 2.212400949110739708e-04 2.214960489002615611e-04 2.218847578124600738e-04 2.223563596710571757e-04 2.228645647287317135e-04 2.235903094024587780e-04 2.241924852457041978e-04 2.249722911761392846e-04 2.258037393358576788e-04 2.266029169247687884e-04 2.274586675826111969e-04 2.281839565993700500e-04 2.286601431386737072e-04 2.289964934817871459e-04 2.293462427850882128e-04 2.297741338692134297e-04 2.302633527239341001e-04 2.307676489843677055e-04 2.312466878076609525e-04 2.316770365318393055e-04 2.320500841156321868e-04 2.323665264988635675e-04 2.326316357279681953e-04 2.328522672613647854e-04 2.330353140601444076e-04 2.331870230439899903e-04 2.333127696619649442e-04 2.334170623260039548e-04 2.335036359707929048e-04 2.335755662396347694e-04 2.336353811603502121e-04 2.336851613272018650e-04 2.337266236061181785e-04 2.337611878006234955e-04 2.337900291950409663e-04 2.338141207238804040e-04 2.338342676282107282e-04 2.338511363196728971e-04 2.338652784564228889e-04 2.338771509360336475e-04 2.338871324139356431e-04 2.338918970546754832e-04 2.339008227385895708e-04 2.339089469182760873e-04 2.339162739138860676e-04 2.339228085233097598e-04 2.339285560636463824e-04 2.339335223843515938e-04 2.339377138505052440e-04 2.339411373011973368e-04 2.339437999950375470e-04 2.339457095600711511e-04 2.339468739694379571e-04 2.339473015637863137e-04 2.339470011384622101e-04 2.339459821058299262e-04 2.339442547328252553e-04 2.339418304419899021e-04 2.339387221524440402e-04 2.339349446276715080e-04 2.339305147916932465e-04 2.339280611991529507e-04 2.339227726622083179e-04 2.339162928308444265e-04 2.339084037114737941e-04 2.338988625676910362e-04 2.338874058018768076e-04 2.338737564784911785e-04 2.338576372130085894e-04 2.338387922126805942e-04 2.338170271217847589e-04 2.337922837760634392e-04 2.337647760247323417e-04 2.337352130831150607e-04 2.337051212252126882e-04 2.336772673689467041e-04 2.336562542571532823e-04 2.336494694513122951e-04 2.336684121544439015e-04 2.337298688490445885e-04 2.338567478460774961e-04 2.340796068357027201e-04 2.344339704727500502e-04 2.349471684746741787e-04 2.356273181728976685e-04 2.364006529245118473e-04 2.370593786687759093e-04 2.371917425567031509e-04 2.364792525360102210e-04 2.354106644159950656e-04 2.366046584204834586e-04 2.502618160214082092e-04 2.883838525403923064e-04 3.150286949094939005e-04 3.538565341059426279e-04 4.632757780371466708e-04 5.059378529394243078e-04 5.694812133170485324e-04 5.359294562877247106e-04 5.244774549653265618e-04 4.314580892963015423e-04 3.610286271714008592e-04 3.105736589885513049e-04 2.779003589869915333e-04 2.599249916334676956e-04 2.496226802209730437e-04 2.421321242305045373e-04 2.363224430364514836e-04 2.314982691216581573e-04 2.278004234813676022e-04 2.252266487130058948e-04 
2.243843034155356417e-04 2.255820058975568259e-04 2.262761997627239406e-04 2.267106554660326364e-04 2.266541912568162268e-04 2.260006082339270010e-04 2.250312739006458105e-04 2.239578892984425001e-04 2.224347689650557256e-04 2.217384815998651277e-04 2.220053841892181176e-04 2.223981576696212631e-04 2.229899241617354355e-04 2.238151909378689611e-04 2.245376524291420111e-04 2.257025927690401400e-04 2.268675719029232475e-04 2.279692906956271958e-04 2.292396042509440451e-04 2.303346974832928091e-04 2.314686854792419996e-04 2.328848936160552189e-04 2.343923210200640349e-04 2.356828247493496231e-04 2.366240926993224780e-04 2.372581412552327278e-04 2.376909700350232635e-04 2.380167973607410928e-04 2.382946799583205843e-04 2.385531612702392870e-04 2.388022158147005915e-04 2.390430503805318131e-04 2.392738159483558352e-04 2.394923269743892723e-04 2.396970280553992368e-04 2.398871602796677277e-04 2.400626625758029320e-04 2.402239790868362576e-04 2.403718526119824465e-04 2.405071674834532330e-04 2.406308552049342994e-04 2.407438420194978231e-04 2.408470181019452424e-04 2.409412193845817318e-04 2.410272189592089131e-04 2.411057256633622210e-04 2.411773870464018713e-04 2.412427942457309434e-04 2.413024871907462838e-04 2.413569594058913184e-04 2.413846497553169383e-04 2.414401383700179099e-04 2.414957781975573560e-04 2.415515791685639161e-04 2.416075526715532901e-04 2.416637116371717509e-04 2.417200705032675678e-04 2.417766450495354303e-04 2.418334521063964285e-04 2.418905091605093847e-04 2.419478338939499106e-04 2.420054437045303635e-04 2.420633552585020219e-04 2.421215841243647441e-04 2.421801445254752620e-04 2.422390492347880632e-04 2.422983096138372030e-04 2.423579357780588934e-04 2.424179368515714519e-04 2.424783212584261842e-04 2.425086597204905066e-04 2.425687416259647404e-04 2.426351951469065522e-04 2.427087522557406715e-04 2.427902409659915973e-04 2.428805982793470764e-04 2.429808815918210643e-04 2.430922744256311548e-04 2.432160802478358663e-04 2.433536974867017222e-04 2.435065708605982360e-04 2.436761128108862185e-04 2.438635579465970248e-04 2.440696112231269862e-04 2.442936167004466507e-04 2.445321115510311035e-04 2.447772730899900793e-04 2.450154156934968345e-04 2.452222852079811652e-04 2.453541971289912812e-04 2.453486347976157277e-04 2.451265086253728008e-04 2.445858681173434905e-04 2.436794010021786562e-04 2.425242477756143003e-04 2.416565442096716624e-04 2.424043992335077086e-04 2.465578905396825825e-04 2.559455170007772485e-04 2.763519598333383904e-04 3.011669085959568911e-04 3.251166214597599777e-04 4.518711680654011794e-04 6.142280531832151847e-04 5.913933351545774385e-04 7.315056972070695541e-04 6.894850145400280251e-04 6.572257020244875840e-04 5.186779365171674669e-04 4.250871883517818076e-04 3.580210797628946735e-04 3.074327661797262787e-04 2.794640029901161228e-04 2.629855297385897761e-04 2.520827865353501319e-04 2.437793444847270513e-04 2.367597409001593537e-04 2.313517964028528190e-04 2.274643056369196658e-04 2.244755151276946453e-04 
2.253274012090049491e-04 2.265097443867756990e-04 2.280228509188327165e-04 2.291454104216947740e-04 2.298159886389106404e-04 2.296935473584346167e-04 2.290060820939997526e-04 2.275616914038059108e-04 2.258587028966260811e-04 2.237460482490173663e-04 2.227978147043897274e-04 2.232195075311230095e-04 2.238563692325565638e-04 2.247806488159338127e-04 2.260271045722043125e-04 2.274991573062815650e-04 2.288831115567623194e-04 2.309282110237353871e-04 2.327727729426252556e-04 2.349130346467873977e-04 2.372211441111562471e-04 2.390091643672851785e-04 2.402669950672583479e-04 2.414354604404367224e-04 2.427934910506561017e-04 2.443428272826082891e-04 2.459453761967151817e-04 2.474620943443879301e-04 2.488121339986701266e-04 2.499704076725525834e-04 2.509455233728699218e-04 2.517606744656900736e-04 2.524421714608179488e-04 2.530142589750824546e-04 2.534973634301729891e-04 2.539078831270181222e-04 2.542587315601390089e-04 2.545600734003256147e-04 2.548199528976401759e-04 2.550447926568879414e-04 2.552397987725651680e-04 2.554092729828970365e-04 2.555568294181248838e-04 2.556855346337363324e-04 2.557980001420032774e-04 2.558964510616089936e-04 2.559827834620954684e-04 2.560586147261444253e-04 2.561253275320219628e-04 2.561841073165783251e-04 2.562132122250970149e-04 2.562699460447597790e-04 2.563246798366521908e-04 2.563773721765098953e-04 2.564279790907085630e-04 2.564764551398363577e-04 2.565227545064230731e-04 2.565668319409318988e-04 2.566086434368717835e-04 2.566481465441742562e-04 2.566853002869257908e-04 2.567200647167299085e-04 2.567524001992245192e-04 2.567822665836971699e-04 2.568096224376730050e-04 2.568344245291004054e-04 2.568566277091654301e-04 2.568761852878017151e-04 2.568930499125008445e-04 2.569071748713569903e-04 2.569131959367085879e-04 2.569230045161740488e-04 2.569305964668137064e-04 2.569350481262077366e-04 2.569351978632356892e-04 2.569295974807638450e-04 2.569164525328163865e-04 2.568935441827275884e-04 2.568581246992670793e-04 2.568067924062358907e-04 2.567353974289780880e-04 2.566391090940756993e-04 2.565128236344307042e-04 2.563519568456521219e-04 2.561533624925715078e-04 2.559163937119276100e-04 2.556461019957824237e-04 2.553622769698822765e-04 2.551131547251503980e-04 2.549865618070968980e-04 2.551292752944699896e-04 2.557881277578412100e-04 2.572759203162497009e-04 2.598523409795998936e-04 2.636154058485596502e-04 2.679279534603174243e-04 2.705930334401685650e-04 2.704857031019506806e-04 2.762128795582746471e-04 3.234692396329021742e-04 4.684050034034851475e-04 6.532794630525681767e-04 6.331010803814673873e-04 7.309613665234058338e-04 1.089036812456620467e-03 8.265139459965506995e-04 8.708165527305529018e-04 6.479279286032623916e-04 5.235388470783447924e-04 4.275438267063774635e-04 3.474993319447121972e-04 3.060638402883608927e-04 2.838067034394457983e-04 2.677593142487858565e-04 2.544516500119891602e-04 2.444425054755031308e-04 2.364801172594314254e-04 2.307403237704326680e-04 2.266471866397015375e-04 2.242172382626543689e-04 
2.257068640007329346e-04 2.276184685389681368e-04 2.295837994832735567e-04 2.316411251507472825e-04 2.333275265135069442e-04 2.343951945933333441e-04 2.343530378086890653e-04 2.329241013614816484e-04 2.307749715973587165e-04 2.283955128016892662e-04 2.257221683222671266e-04 2.244355980106157327e-04 2.252390121949123870e-04 2.259789746916356134e-04 2.280018342331192448e-04 2.292429714697009327e-04 2.321325808719199198e-04 2.344526580251389460e-04 2.373874640473238511e-04 2.406718300106917418e-04 2.433643056249643109e-04 2.462063170584671617e-04 2.497028978679206672e-04 2.533692023813496137e-04 2.565736631100500628e-04 2.590800489905429249e-04 2.609993754640081774e-04 2.625309785807695539e-04 2.638324596019479482e-04 2.649970121722630863e-04 2.660667598679994925e-04 2.670549569331960083e-04 2.679631176093040458e-04 2.687904260305879031e-04 2.695376811246985040e-04 2.702078837658147175e-04 2.708057986705847387e-04 2.713375017475238671e-04 2.718097763144214645e-04 2.722293988815849600e-04 2.726026209423679345e-04 2.729349755086128118e-04 2.732313039744242722e-04 2.734958531651994137e-04 2.737323610473974922e-04 2.739441158813377608e-04 2.741340001663032113e-04 2.743045308771829339e-04 2.744579004315029374e-04 2.745960178014826710e-04 2.746655694160489262e-04 2.748036341587239105e-04 2.749403560451623135e-04 2.750757853394909802e-04 2.752099724845157675e-04 2.753429687620720075e-04 2.754748275023525552e-04 2.756056056236796795e-04 2.757353652114872340e-04 2.758641748188292941e-04 2.759921101979933861e-04 2.761192542513693786e-04 2.762456961104666278e-04 2.763715293958137267e-04 2.764968498558426991e-04 2.766217527067549504e-04 2.767463300729939711e-04 2.768706689483557172e-04 2.769948500495156654e-04 2.771189478218680550e-04 2.771809872931507972e-04 2.773032783846925880e-04 2.774377181826783736e-04 2.775856261638110205e-04 2.777485252056196337e-04 2.779282102230553665e-04 2.781268488518646260e-04 2.783471128808468918e-04 2.785923131996605748e-04 2.788664684248528982e-04 2.791742118702960815e-04 2.795205330907197952e-04 2.799106778124633510e-04 2.803509020692764920e-04 2.808500850585629182e-04 2.814190149084683235e-04 2.820616093043783364e-04 2.827616552644232053e-04 2.834821034570711917e-04 2.841539347690584245e-04 2.845952557204170725e-04 2.844884734059373397e-04 2.835377478368568318e-04 2.817052244869434527e-04 2.797478684972052004e-04 2.807184873537986523e-04 2.943798282344539967e-04 3.505025633605587639e-04 4.732598883626341771e-04 5.660631531439683228e-04 5.690325197195744743e-04 8.016594126489118158e-04 1.413862511054729890e-03 1.218297344306332923e-03 1.052141931494703997e-03 1.263053246260009439e-03 7.897218822411090087e-04 6.807167870324122702e-04 5.183060503804635347e-04 4.018455885327888678e-04 3.391698821970124951e-04 3.091619028237083881e-04 2.878421654815183127e-04 2.707324930514751725e-04 2.557257050107704073e-04 2.439786151590432530e-04 2.355917727561253122e-04 2.297903501259017487e-04 2.260523675912964284e-04 2.236535415775401736e-04 
2.258579355702908242e-04 2.282650787284764941e-04 2.309667004955301363e-04 2.339686668337010301e-04 2.369001421968800695e-04 2.396144022207536382e-04 2.406875069693579410e-04 2.404599828862864623e-04 2.390602240737645123e-04 2.359540597280177226e-04 2.325123876658989879e-04 2.287716988212579498e-04 2.271293677457498540e-04 2.284005630074723437e-04 2.295202447531473670e-04 2.326325188412265517e-04 2.354087399830902857e-04 2.386773949045900860e-04 2.434911307804776782e-04 2.474953097895918482e-04 2.523389261229043944e-04 2.581311563484623740e-04 2.633566824591085029e-04 2.676506515632232162e-04 2.715881444761513819e-04 2.756914976329026589e-04 2.799783627932723746e-04 2.842718372138273476e-04 2.883349439054007889e-04 2.919596057340063033e-04 2.950542568945285424e-04 2.976339385063576449e-04 2.997673520123277525e-04 3.015351166589844123e-04 3.030112319450577814e-04 3.042576890406688663e-04 3.053232219931190680e-04 3.062444092294416787e-04 3.070483677212937140e-04 3.077554901013941440e-04 3.083813878587869043e-04 3.089381428206504094e-04 3.094352008736768445e-04 3.098800798281161305e-04 3.102789213117728437e-04 3.106368869978576351e-04 3.109584198478525154e-04 3.112474074495364144e-04 3.115072842159433532e-04 3.117410994050825090e-04 3.118586997679026213e-04 3.120917250001788872e-04 3.123217290593266427e-04 3.125485470711897849e-04 3.127719877046478245e-04 3.129918301599992681e-04 3.132078225966017544e-04 3.134196826492336384e-04 3.136271004288177389e-04 3.138297440531625138e-04 3.140272673547117544e-04 3.142193190200306832e-04 3.144055521082403338e-04 3.145856327246827444e-04 3.147592466420482153e-04 3.149261028773007944e-04 3.150859336402986950e-04 3.152384906130268954e-04 3.153835381256456325e-04 3.155208443719583812e-04 3.155865208607306011e-04 3.157099990634753498e-04 3.158362822219673701e-04 3.159633026456556038e-04 3.160881395232856793e-04 3.162067698990559945e-04 3.163138179797501015e-04 3.164023835793328718e-04 3.164640663263076437e-04 3.164892618936735076e-04 3.164675939292023324e-04 3.163879892952537951e-04 3.162379086353406081e-04 3.160027296852726143e-04 3.156695474878981459e-04 3.152405455708449543e-04 3.147519141194383974e-04 3.142829284619259780e-04 3.139648846250224501e-04 3.140534828919999970e-04 3.150701525952381257e-04 3.178803016805625153e-04 3.235251300748592123e-04 3.324048863875541326e-04 3.446050506176275463e-04 3.621717716580211176e-04 3.968437583897601391e-04 4.608574118315152970e-04 6.192879744959081710e-04 1.049122493518635669e-03 1.553965558021967860e-03 1.368027728114343299e-03 1.310311425945426267e-03 2.155984066984130160e-03 1.291644101516394895e-03 1.201984296215767318e-03 8.446315332500122734e-04 6.643706161935629276e-04 4.787646683997912565e-04 3.921427520038555086e-04 3.494931931275371655e-04 3.189225850035938190e-04 2.918062945956607771e-04 2.711511011717514436e-04 2.552297316710423758e-04 2.426320077779446876e-04 2.342808524906007754e-04 2.287474571222459098e-04 2.252945494665349222e-04 2.230689142887645022e-04 
2.260322683848734685e-04 2.286607971585182821e-04 2.319919948748052816e-04 2.359436759961720581e-04 2.402455416244131132e-04 2.447569977666538030e-04 2.477572931747803846e-04 2.503087206099775352e-04 2.513044956922276529e-04 2.491329599207367019e-04 2.440876092527883656e-04 2.391010314786514725e-04 2.330710337791692727e-04 2.324208291705114678e-04 2.319655389959038912e-04 2.369821168192646045e-04 2.387039725793976277e-04 2.452494467086272379e-04 2.502485126055120266e-04 2.563742974245522403e-04 2.646749517646856801e-04 2.724028029547401718e-04 2.798528918360714403e-04 2.881546702943384728e-04 2.972088089407824468e-04 3.057286123116872588e-04 3.131689584854306803e-04 3.195958858097996350e-04 3.249249219139570483e-04 3.292654156607841931e-04 3.328907778348857678e-04 3.360312427275657303e-04 3.388230634803518666e-04 3.413393527383537908e-04 3.436175140408446668e-04 3.456780205794241574e-04 3.475369923459273422e-04 3.492104600420607328e-04 3.507140950889962644e-04 3.520628046278869881e-04 3.532709726506465318e-04 3.543525866829086326e-04 3.553209880107444053e-04 3.561885094521283907e-04 3.569662563718879224e-04 3.576640833414710904e-04 3.582906956381474409e-04 3.588537918719714929e-04 3.593601984213832482e-04 3.598159798563554338e-04 3.600453327511029026e-04 3.605001622958865087e-04 3.609498308530222901e-04 3.613943855329445612e-04 3.618339188941510805e-04 3.622685661850990300e-04 3.626984974666392280e-04 3.631239052531190200e-04 3.635449890441943503e-04 3.639619387004961251e-04 3.643749189427438308e-04 3.647840572649653891e-04 3.651894372267458326e-04 3.655910984541321795e-04 3.659890438072036824e-04 3.663832531771087997e-04 3.667737023902900616e-04 3.671603848617694624e-04 3.675433330861471119e-04 3.679226368709894498e-04 3.681109689832978943e-04 3.684796923545592164e-04 3.688812752645446048e-04 3.693187249090875541e-04 3.697955397476961558e-04 3.703158112079378127e-04 3.708842466719318312e-04 3.715060303518660030e-04 3.721865023446085008e-04 3.729308943661651613e-04 3.737448653185953878e-04 3.746369778359125787e-04 3.756232966076026333e-04 3.767302884634632192e-04 3.779868976192671867e-04 3.794010190507208211e-04 3.809393895560702964e-04 3.825385375708621489e-04 3.841100950298388227e-04 3.854873160929825219e-04 3.863909066468676273e-04 3.864164029157617303e-04 3.859472415548610572e-04 3.897485236753111051e-04 4.141875347617475760e-04 5.093436599602526715e-04 7.374030119417028083e-04 1.047917837950848889e-03 1.260509812677038880e-03 1.363954606701711994e-03 2.075192589106736492e-03 3.050075282214074340e-03 2.059815760586820952e-03 1.727944853833977617e-03 2.010620741263548662e-03 8.900403562396324480e-04 9.497244391333352614e-04 5.785778675823328391e-04 4.752224182426808023e-04 4.121237659766787027e-04 3.696785327169942355e-04 3.291729421517841322e-04 2.946349345596611024e-04 2.697640013578706040e-04 2.531437322638314382e-04 2.407219929432677570e-04 2.327574250211828205e-04 2.276802103747243297e-04 2.245454461757918278e-04 2.226487238070227949e-04 
2.261050059436499142e-04 2.289358329035545464e-04 2.326945454886674249e-04 2.374597388142572004e-04 2.431139189187222170e-04 2.493854726949396939e-04 2.552075056530702757e-04 2.616455779453389589e-04 2.661758535235213968e-04 2.672963226900722375e-04 2.632745257128219895e-04 2.572808655314724790e-04 2.462076351984772817e-04 2.432122511941493858e-04 2.384491943279410883e-04 2.405413206101968788e-04 2.450195261014682371e-04 2.527266319891749609e-04 2.579206113069766344e-04 2.687288428582135409e-04 2.795854707666524407e-04 2.908191553797148405e-04 3.045918531611278976e-04 3.186589835099348268e-04 3.320742779673119477e-04 3.435655232948963420e-04 3.545772901868799137e-04 3.657646018471159572e-04 3.766316730786583395e-04 3.870003642293844744e-04 3.966557864931592172e-04 4.053815996794551957e-04 4.131103506934579502e-04 4.198867847827448228e-04 4.258029544239039775e-04 4.309596721900493007e-04 4.354502352719943643e-04 4.393580141561383287e-04 4.427572854412794483e-04 4.457131203774183535e-04 4.482815591112563431e-04 4.505109776925804270e-04 4.524439144330852066e-04 4.541184276091042582e-04 4.555687328894459081e-04 4.568253778678270393e-04 4.579152933132748550e-04 4.588619199360061390e-04 4.596854575868786945e-04 4.604032017507541947e-04 4.607556764310772506e-04 4.614368288222900068e-04 4.620860528211727901e-04 4.627031067295260059e-04 4.632877570725762312e-04 4.638398025925282060e-04 4.643591082584113674e-04 4.648456449197974419e-04 4.652995287616780700e-04 4.657210540669087144e-04 4.661107131328646579e-04 4.664691985515484213e-04 4.667973853016280832e-04 4.670962929355075175e-04 4.673670311606177054e-04 4.676107348338139460e-04 4.678284963924647785e-04 4.680213046183933322e-04 4.681899982320483853e-04 4.683352410770636473e-04 4.683992277259610123e-04 4.685087085360066343e-04 4.686038108616155358e-04 4.686782317083690048e-04 4.687241710115174539e-04 4.687323225201054820e-04 4.686921707647368146e-04 4.685926701820765979e-04 4.684231141884067067e-04 4.681734899447374549e-04 4.678331816154704566e-04 4.673875998231023093e-04 4.668157701462044952e-04 4.660980902903835363e-04 4.652471526216529589e-04 4.643677273494736541e-04 4.637419006254946368e-04 4.639483890111109187e-04 4.660097014060405381e-04 4.713600904645329865e-04 4.815527341455421015e-04 4.989118877925950756e-04 5.282060894281052519e-04 5.817990769083775928e-04 6.918572453258089701e-04 8.776622192356973865e-04 1.175907753465513846e-03 1.791985214651307425e-03 2.776843902637090699e-03 3.243868627582334636e-03 2.647222092777905874e-03 3.189438015948459736e-03 3.627824500545100573e-03 1.599632363757604904e-03 1.835234869575670625e-03 9.979873558246968399e-04 8.652477071501238088e-04 5.527972199589394628e-04 5.123674129862198839e-04 4.397408602818530122e-04 3.838299378692957621e-04 3.332447157974533837e-04 2.945134986374916392e-04 2.671370169950409816e-04 2.501107438995276463e-04 2.385405668936069841e-04 2.312071889990000549e-04 2.266772870226971390e-04 2.239392768665090334e-04 2.223172041349556630e-04 
2.260848562762260167e-04 2.290393069111766491e-04 2.331022078813452540e-04 2.384920682421613584e-04 2.453433768766134933e-04 2.532538373514637707e-04 2.624377662749205454e-04 2.730245662623415623e-04 2.815096428457011953e-04 2.877248055887936425e-04 2.884181155632108313e-04 2.863479935613504361e-04 2.721357662765519860e-04 2.595285046537843909e-04 2.601592205420388826e-04 2.454199601463191976e-04 2.558443739106135975e-04 2.596863036728299040e-04 2.695030500134930058e-04 2.841510462910778610e-04 2.973604557107858244e-04 3.157145672221835361e-04 3.368744775491811080e-04 3.567150224378742200e-04 3.780898600176905988e-04 4.022752139344192858e-04 4.284255930994655551e-04 4.519018798467764318e-04 4.712188368900537038e-04 4.878993179929150660e-04 5.021824423343387508e-04 5.139467036401471674e-04 5.236215264353325481e-04 5.318314254095008907e-04 5.390498057718403051e-04 5.455636552062932947e-04 5.515303542599657091e-04 5.570219677406019467e-04 5.620613692998397163e-04 5.666536960426627129e-04 5.708059708542415848e-04 5.745339496070436163e-04 5.778615280521851374e-04 5.808179045860062178e-04 5.834349715349335282e-04 5.857454472290818219e-04 5.877815772043790219e-04 5.895742032635579392e-04 5.911521076519476395e-04 5.925416003601393462e-04 5.932290432713706665e-04 5.945676714334301779e-04 5.958573204693794244e-04 5.970976489401915062e-04 5.982887747383806420e-04 5.994312278774312133e-04 6.005258839331784710e-04 6.015738865898520929e-04 6.025765697170554994e-04 6.035353900549081732e-04 6.044518807214961566e-04 6.053276333630482195e-04 6.061643130493432488e-04 6.069637053732951154e-04 6.077277902498356933e-04 6.084588322723208115e-04 6.091594738990333642e-04 6.098328158097056362e-04 6.104824689161182562e-04 6.111125648751362764e-04 6.114217037855660796e-04 6.120224125764718364e-04 6.126742066450335594e-04 6.133882260599600065e-04 6.141803601131557442e-04 6.150724037949529144e-04 6.160927488862373612e-04 6.172761368003717476e-04 6.186622243829990181e-04 6.202933925450667156e-04 6.222129124450571447e-04 6.244634992927510387e-04 6.270810229844902151e-04 6.300707737060955464e-04 6.333572989313700826e-04 6.367226360881139777e-04 6.397494482716347677e-04 6.417365967195426575e-04 6.417775442021596321e-04 6.399769213416784059e-04 6.405105128666051468e-04 6.563714411512380385e-04 7.238318069212969002e-04 9.288545139185551804e-04 1.368433451306921367e-03 2.018637375350627091e-03 2.677820303613701047e-03 3.149431631839480755e-03 3.919247425193179979e-03 5.318003918446776064e-03 5.009751887394744280e-03 3.077759423278355298e-03 3.537514947777975743e-03 2.315466198913707085e-03 1.238467846454289296e-03 1.237958121975463307e-03 7.179836731867739576e-04 6.162697768492988830e-04 5.530414795363389072e-04 4.549962488820351986e-04 3.853065312795520090e-04 3.297849472430249701e-04 2.909545482170119947e-04 2.635601528441431350e-04 2.467450065592380532e-04 2.363289470817015337e-04 2.297624878951105701e-04 2.258069223920744224e-04 2.234479645937419211e-04 2.220598582557415236e-04 
2.261026121461125519e-04 2.290018417529706286e-04 2.332472800989694207e-04 2.390741440809202446e-04 2.468791305101261224e-04 2.562499845261707182e-04 2.687922146185476625e-04 2.831630491678875476e-04 2.957194248962649336e-04 3.080639466650964323e-04 3.162875564416285082e-04 3.225392045074208683e-04 3.204239442041782954e-04 2.799206629502579125e-04 3.058777535827512939e-04 2.622186132211220904e-04 2.734162944131582535e-04 2.687269417126485638e-04 2.869166491446569346e-04 3.011170406143794782e-04 3.199486260358537656e-04 3.477543648496764900e-04 3.752251923338604535e-04 4.074267969782121158e-04 4.474600638443640421e-04 4.858211852321858140e-04 5.215930791580294067e-04 5.526048693160399939e-04 5.770119244621308655e-04 5.984953907959156966e-04 6.167051709910776865e-04 6.315148105690918936e-04 6.451421081724940986e-04 6.592794368113029770e-04 6.739573203372712339e-04 6.883823927939277786e-04 7.018210761236765233e-04 7.139040684547824384e-04 7.245635507107900213e-04 7.338842142761088693e-04 7.419985936111835436e-04 7.490417307869452670e-04 7.551396183599523755e-04 7.604086222005829003e-04 7.649558356246219035e-04 7.688785152124868972e-04 7.722633617118005150e-04 7.751863466907728522e-04 7.777132047831875582e-04 7.799003785533709793e-04 7.809683717734007416e-04 7.830187833183778435e-04 7.849534636734919807e-04 7.867704505285535955e-04 7.884678729338042867e-04 7.900441047050974028e-04 7.914979536052415936e-04 7.928288651798898407e-04 7.940371168597284241e-04 7.951239782154538539e-04 7.960918170580423905e-04 7.969441378833213565e-04 7.976855480023697367e-04 7.983216562669903519e-04 7.988589182356436091e-04 7.993044486318960943e-04 7.996658260772751287e-04 7.999509157701551387e-04 8.001677330068452830e-04 8.003243646486945303e-04 8.003826533647400050e-04 8.004634282802848902e-04 8.005080475003412393e-04 8.005165841500381596e-04 8.004951507276088056e-04 8.004606578889956851e-04 8.004486202797442794e-04 8.005254235206287882e-04 8.008065116588549770e-04 8.014815456692947352e-04 8.028468564044929662e-04 8.053451270802358284e-04 8.096116586809685035e-04 8.165176254165734584e-04 8.271623798321789400e-04 8.427023789184943155e-04 8.639696163356591803e-04 8.913016574407028403e-04 9.253660435156973963e-04 9.686981983571152800e-04 1.029425532319389351e-03 1.136188410617372350e-03 1.349286699746006252e-03 1.734492767763277671e-03 2.407056155008669828e-03 3.625648655488472507e-03 5.392445505044527083e-03 6.641797636369019611e-03 6.270812908123333217e-03 6.036015089632455581e-03 6.563618854080900851e-03 4.198599774163702669e-03 2.609748945446711647e-03 2.652261536635397085e-03 1.021997709416343995e-03 1.328569245126099037e-03 6.537659076970126588e-04 7.166719216481847420e-04 5.691285561905723477e-04 4.537191179043020958e-04 3.767740261177184155e-04 3.212628311240014372e-04 2.848923445602174033e-04 2.593658929486809340e-04 2.434568373398618576e-04 2.342627058383794448e-04 2.284994089533122768e-04 2.250863178261045656e-04 2.230627346770761466e-04 2.218936401575457857e-04 
2.261379344655393519e-04 2.289132167869706400e-04 2.331832572556165827e-04 2.392727714353290642e-04 2.477564543357995775e-04 2.583528480337188727e-04 2.738027215607012903e-04 2.913307942787998132e-04 3.080842426577668457e-04 3.272238223700484365e-04 3.447354376242435774e-04 3.599281049531415826e-04 3.889582345635272508e-04 3.222689037402937670e-04 3.598308682222973358e-04 3.095045156079289077e-04 3.136346560372269563e-04 2.887227721744440602e-04 3.099866801307408397e-04 3.213572933612172423e-04 3.508164232842711288e-04 3.848494652327792091e-04 4.232962414409680019e-04 4.744344321318313268e-04 5.265966086563122518e-04 5.755926209077540188e-04 6.186841882736308310e-04 6.589275394789363650e-04 6.896592725063616786e-04 7.279375733406513293e-04 7.808327648526303079e-04 8.359401565670443457e-04 8.841236817395076251e-04 9.252539219225975210e-04 9.617354976484460182e-04 9.947145662672328154e-04 1.024175012530191510e-03 1.049867984295060289e-03 1.071773599164701401e-03 1.090146542065050135e-03 1.105412010716265610e-03 1.118053474235971819e-03 1.128535520735396598e-03 1.137264519148434988e-03 1.144576895524359542e-03 1.150743021005664300e-03 1.155977459534591242e-03 1.160450145641202593e-03 1.164296119901684278e-03 1.167623245244466890e-03 1.169251957308878494e-03 1.172397201652866650e-03 1.175404030610823240e-03 1.178286414293284101e-03 1.181058852639034051e-03 1.183736093471377676e-03 1.186332710989541992e-03 1.188862570869427199e-03 1.191338227226343980e-03 1.193770310302700449e-03 1.196166969480171949e-03 1.198533432901952673e-03 1.200871732837928635e-03 1.203180626562489483e-03 1.205455718780066091e-03 1.207689767176578846e-03 1.209873131251203680e-03 1.211994309582809567e-03 1.214040504404212623e-03 1.215998155676921259e-03 1.216939446294877571e-03 1.218712900387011527e-03 1.220523143220283340e-03 1.222325815318369693e-03 1.224057087397997443e-03 1.225627802092911153e-03 1.226916769144129451e-03 1.227764587614216078e-03 1.227971676030544055e-03 1.227307536709243418e-03 1.225540482722691253e-03 1.222493450940727311e-03 1.218120968338976548e-03 1.212605935569217863e-03 1.206552057987984265e-03 1.201539629541616703e-03 1.201461251178254433e-03 1.214853457254386378e-03 1.258769696756403085e-03 1.369092107484689907e-03 1.625230662907657664e-03 2.159312130368299526e-03 3.057302516249538801e-03 4.202344142219032776e-03 5.328723131347030094e-03 6.408277462217117429e-03 8.072841899556407533e-03 1.026930901630159626e-02 1.021967981539833280e-02 7.307564915083443816e-03 6.166483294189631370e-03 5.016809194940416786e-03 2.280491486771133326e-03 2.405104129379528714e-03 1.208107252599208625e-03 1.271699369139589822e-03 7.051426296842067598e-04 7.913343092162539302e-04 5.574191960846914227e-04 4.414666994533435565e-04 3.633622064358234000e-04 3.106420827863781470e-04 2.776955448632137955e-04 2.549695380721485414e-04 2.404741231536150069e-04 2.324482168486566335e-04 2.274490755927616073e-04 2.245139478602053062e-04 2.227834526803085192e-04 2.217875831569364052e-04 
2.258054763965760344e-04 2.287763299218126408e-04 2.329685936972989877e-04 2.391674821179442904e-04 2.480669388596492241e-04 2.596115391071498503e-04 2.772840473343417787e-04 2.973075356730492847e-04 3.183579006474786493e-04 3.447477897593309148e-04 3.728501503381157454e-04 3.950761800947021822e-04 4.649372437369487122e-04 4.039582211087309853e-04 4.128452657009812994e-04 4.096267571239077965e-04 3.750903561275108515e-04 3.453045672956512094e-04 3.472615345118904451e-04 3.513193765877907927e-04 3.908970723778477149e-04 4.292453738529344236e-04 4.843027216114351424e-04 5.520150610070619166e-04 6.139789367023285992e-04 6.716069492655472916e-04 7.227811706802254096e-04 7.993876632536027916e-04 8.965329439951005277e-04 9.825182145125229121e-04 1.066255093889729652e-03 1.154779477924853647e-03 1.238978187952700883e-03 1.311342229848553448e-03 1.371496577745951167e-03 1.421565682746273648e-03 1.462963260065889247e-03 1.496372375965368583e-03 1.522534871942897525e-03 1.542547465044194141e-03 1.557708386070155325e-03 1.569269851999184184e-03 1.578282181335064014e-03 1.585547403697613834e-03 1.591639414808156084e-03 1.596949546202583448e-03 1.601734092874061363e-03 1.606154395107601196e-03 1.610307513376395489e-03 1.614248494030605689e-03 1.616320879254658531e-03 1.620638192132500864e-03 1.625216758868248046e-03 1.630089753687499927e-03 1.635285113565652102e-03 1.640825232917226140e-03 1.646726801933868752e-03 1.653000814761271644e-03 1.659652757665716800e-03 1.666682967476400268e-03 1.674087130102999655e-03 1.681856871262344625e-03 1.689980380050535311e-03 1.698443003251089937e-03 1.707227755274182352e-03 1.716315704842872160e-03 1.725686222702238959e-03 1.735317100760191316e-03 1.745184577497468350e-03 1.755263322454252064e-03 1.760373575350608058e-03 1.770566319792730168e-03 1.781921019945686708e-03 1.794540341659890985e-03 1.808518563259192170e-03 1.823932666782553547e-03 1.840830653647388499e-03 1.859215526725468146e-03 1.879019573396505192e-03 1.900055859612499775e-03 1.921926278099047062e-03 1.943877378824485341e-03 1.964663980866700535e-03 1.982618884330288045e-03 1.996215892385035193e-03 2.005254930052196433e-03 2.012879396082074661e-03 2.030949780160347124e-03 2.095784999887335964e-03 2.298025046085698606e-03 2.811130233045979008e-03 3.891802070617739282e-03 5.824891918973349250e-03 8.672533482577097705e-03 1.163825125799103355e-02 1.299809258263932149e-02 1.240070247308742817e-02 1.232428833467821665e-02 1.257637411890794553e-02 9.186151745529157545e-03 5.507398611935805134e-03 4.777617705584499309e-03 2.530968593108274493e-03 2.029411038622629462e-03 1.564237817173948089e-03 1.143538376639786133e-03 8.289180158752256075e-04 8.086469568963643335e-04 5.294951790400734010e-04 4.244017866152546815e-04 3.486507441285524415e-04 2.998816142770632407e-04 2.704689280342010812e-04 2.507537828010739512e-04 2.379041099021172914e-04 2.309329864597945640e-04 2.266128814674529888e-04 2.240770975444644113e-04 2.225817994281813835e-04 2.216450367143998272e-04 
2.254633589006997338e-04 2.284216079645505027e-04 2.326448643874043224e-04 2.388367410801134827e-04 2.479261180669550682e-04 2.601272601183408461e-04 2.792923910316640751e-04 3.011940259341921479e-04 3.264423019588065674e-04 3.601697467257547166e-04 3.998277795600630466e-04 4.275995677449984447e-04 5.338305318119436612e-04 5.284614987745417771e-04 4.637452561066479867e-04 5.759519622453433034e-04 4.495696776614173558e-04 4.712623394506143884e-04 4.263318437170327165e-04 4.104319236450719942e-04 4.454265597344027761e-04 4.844461119720475497e-04 5.616124554607005836e-04 6.456425203242699808e-04 7.139131795782514053e-04 7.862088096449630983e-04 9.129089196386518329e-04 1.044869648682632485e-03 1.184169395584490402e-03 1.314246604446948907e-03 1.418461107510543421e-03 1.513879706762641126e-03 1.606962258623306772e-03 1.690345510244897547e-03 1.759634217507920033e-03 1.817273166682626794e-03 1.868093227515236175e-03 1.915459870669376438e-03 1.960389568908193440e-03 2.002451652754803045e-03 2.040902008557046385e-03 2.075317236310418850e-03 2.105720334431804026e-03 2.132448991263783192e-03 2.155977144373817916e-03 2.176785529973164404e-03 2.195296212232207729e-03 2.211853352232813399e-03 2.226728457680091609e-03 2.240134673092059915e-03 2.246893963895932496e-03 2.260332268322555460e-03 2.273665162109429847e-03 2.286885421956843818e-03 2.299975486162933805e-03 2.312908147913650750e-03 2.325647732242640351e-03 2.338151648431335220e-03 2.350372214316846699e-03 2.362258661429823131e-03 2.373759246276250720e-03 2.384823410032971443e-03 2.395403943564973926e-03 2.405459125078294493e-03 2.414954802704824023e-03 2.423866393662931461e-03 2.432180765673360150e-03 2.439897956267071070e-03 2.447032673325282709e-03 2.453615508052056290e-03 2.456714089800107054e-03 2.462480936208835680e-03 2.468368435025185010e-03 2.474429366993244599e-03 2.480808016795802307e-03 2.487801323461444249e-03 2.495944194331971462e-03 2.506120681571885004e-03 2.519699240667765908e-03 2.538690565938911316e-03 2.565940255321657974e-03 2.605400975097278433e-03 2.662549483928430046e-03 2.744945059314011105e-03 2.862855487463314592e-03 3.030690848164576279e-03 3.273084705375715626e-03 3.641123789419031028e-03 4.228179495850611751e-03 5.141792627405418481e-03 6.428445849944876278e-03 8.118437318821905557e-03 1.051777473081851391e-02 1.426262143127678302e-02 1.911878303459773817e-02 2.209398219700488622e-02 1.966241865281775567e-02 1.458857403319517923e-02 1.236573453783069813e-02 9.932059309202758909e-03 5.455974288410798435e-03 4.154992896296742268e-03 2.958389627485194084e-03 1.793325349307522704e-03 1.901840496888215163e-03 1.014554063305492769e-03 9.559567753069089444e-04 7.735038958299174459e-04 4.971598348267747139e-04 4.059828796529895995e-04 3.343562047913996673e-04 2.899537968886003211e-04 2.638770067436314588e-04 2.469851645111172610e-04 2.357805542784024684e-04 2.297226321362095549e-04 2.259751952409758157e-04 2.237568755590947666e-04 2.224100052280956596e-04 2.215512454812094230e-04 
2.255087454663639820e-04 2.280647650748939177e-04 2.322345482968203264e-04 2.383502173619002546e-04 2.474503801686017560e-04 2.600316090070578143e-04 2.800314211402445065e-04 3.032516378218368374e-04 3.323075796351670683e-04 3.729326855652238121e-04 4.244406408278246111e-04 4.580684010394410824e-04 5.867762262777179248e-04 6.817219056174583444e-04 5.223153074191133616e-04 7.956057762135652217e-04 5.584160944845397139e-04 6.793966551255891653e-04 5.605685074052409829e-04 5.474033265919836175e-04 5.379147687730428517e-04 5.629626722558198808e-04 6.666269501775893029e-04 7.572200192784849133e-04 8.333111470158424162e-04 9.856997037900800708e-04 1.176102053064700470e-03 1.384197520943576242e-03 1.541379137322714237e-03 1.682117930737908520e-03 1.811973906169981208e-03 1.946151504102813009e-03 2.122592278558460988e-03 2.335331711830972590e-03 2.548222478126127826e-03 2.733441494248721893e-03 2.882165071238538406e-03 2.998251781288175169e-03 3.090508607853685412e-03 3.167844795678421109e-03 3.237014724919713097e-03 3.302085003659600577e-03 3.364865368920330786e-03 3.425689884852999457e-03 3.484152066621973038e-03 3.539624140542064427e-03 3.591547658048700221e-03 3.639553264146296215e-03 3.683478464339493084e-03 3.723336815094993504e-03 3.743422258694388983e-03 3.783131358033139501e-03 3.821984713649404820e-03 3.859701981919596951e-03 3.896014393162893896e-03 3.930666607127142158e-03 3.963417563252547363e-03 3.994040756999393642e-03 4.022324368190483175e-03 4.048071600803136716e-03 4.071101482107727584e-03 4.091250233315777557e-03 4.108373187910082693e-03 4.122347117964392758e-03 4.133072749939553821e-03 4.140477217781281770e-03 4.144516213541161315e-03 4.145175647153399520e-03 4.142472704942182227e-03 4.136456285661047061e-03 4.132229453625539325e-03 4.121583698545023752e-03 4.106473298568332625e-03 4.085984887806039592e-03 4.059157066291820860e-03 4.025057028780937123e-03 3.982919112671001564e-03 3.932384799140408935e-03 3.873908860904478040e-03 3.809435380891186985e-03 3.743504028651510780e-03 3.685027439050427532e-03 3.650123248158769484e-03 3.666780152559054491e-03 3.783340673977352714e-03 4.085276566700195983e-03 4.725194305470995122e-03 5.954481289318875464e-03 8.093458932877601111e-03 1.133464361937710878e-02 1.538762335210328881e-02 1.928007701836544768e-02 2.189266286122319022e-02 2.346172784776901638e-02 2.590957524506404611e-02 2.867650486109658489e-02 2.622814620936046032e-02 1.765175524206698265e-02 1.142984044736636458e-02 9.329390779758363686e-03 5.778393736557134452e-03 3.758281888806865815e-03 3.357890812138139818e-03 1.739895927626561051e-03 2.105745150033156050e-03 9.259966718932668289e-04 1.035235273729058318e-03 7.084301915046089561e-04 4.666293169551029860e-04 3.876842460297856389e-04 3.211902600115270181e-04 2.812551551259003012e-04 2.582275839770800511e-04 2.438014875453180610e-04 2.340933367856387886e-04 2.287972860605122039e-04 2.255122187145440396e-04 2.235393500119435572e-04 2.223084058032089342e-04 2.215851996954746749e-04 
2.250196519645810312e-04 2.278717576678866697e-04 2.317951167176603296e-04 2.377655683780585921e-04 2.467437758059405997e-04 2.594651264910141251e-04 2.797651417417376120e-04 3.038037712942537848e-04 3.360233754933125683e-04 3.826010522600098961e-04 4.453255993349942272e-04 4.863710075628586331e-04 6.219255894544382284e-04 8.402752952865748422e-04 6.006284752999114856e-04 1.036100549694731658e-03 7.268312665386580549e-04 9.710831029027154008e-04 7.652021381675356638e-04 8.121022442565276403e-04 7.185144006216104967e-04 7.095531994512382142e-04 8.172403282276029766e-04 8.846712458924935012e-04 1.018423541807699255e-03 1.247553518099133027e-03 1.532131908237747758e-03 1.756349145342321009e-03 1.945751199643122901e-03 2.143694231823635617e-03 2.509358621286849386e-03 2.975339771490065430e-03 3.377362155033949726e-03 3.709724750801834947e-03 4.027399127647626927e-03 4.343041191124732969e-03 4.642387118394938374e-03 4.915708859571170722e-03 5.163185936109214273e-03 5.388883940371462684e-03 5.596444641769390133e-03 5.788138786420282157e-03 5.965310585217232890e-03 6.128895757750646607e-03 6.279685386329718344e-03 6.418409291030755838e-03 6.545752485150939555e-03 6.662362767517858962e-03 6.768863377062810625e-03 6.865867070902479524e-03 6.915021981638024701e-03 7.012996510005652800e-03 7.110200501170473725e-03 7.206186799388319270e-03 7.300445520608072301e-03 7.392413016029521916e-03 7.481484463935773530e-03 7.567029208481760791e-03 7.648407662053787089e-03 7.724988416829565128e-03 7.796164198049934484e-03 7.861365443594644023e-03 7.920070595453177625e-03 7.971812601160631687e-03 8.016181592716945664e-03 8.052824173269941890e-03 8.081440134151334637e-03 8.101777693572743619e-03 8.113628458451246916e-03 8.116823251901314484e-03 8.115131882162816140e-03 8.105316251904727542e-03 8.084551941271009637e-03 8.049650728748419456e-03 7.996768456992419186e-03 7.921381419324640891e-03 7.818364680793438506e-03 7.682266356715729966e-03 7.507927190139710577e-03 7.291683819449870999e-03 7.033561618032388094e-03 6.741201233994588080e-03 6.436904219841369304e-03 6.170264853624940656e-03 6.040554290859585611e-03 6.235367769344232758e-03 7.091939718139938370e-03 9.169024579018018872e-03 1.324644946994628543e-02 2.003642494884918038e-02 2.932059862296660518e-02 3.866027458848309700e-02 4.340668552964750682e-02 4.071794849512400116e-02 3.460544408047835918e-02 3.136775883304718932e-02 2.839974880335957921e-02 1.979468980049014365e-02 1.108146834644969589e-02 8.376867337491593346e-03 6.222056033001950245e-03 3.720614858301012420e-03 3.630654140553565834e-03 1.817404497275955551e-03 2.142059847961111027e-03 8.820289394743043195e-04 1.051125824009478899e-03 6.350322414027829640e-04 4.396873115526556564e-04 3.702418117292027291e-04 3.094800039671709909e-04 2.739065461473480251e-04 2.536036372898025585e-04 2.412394139983716347e-04 2.328072508020517025e-04 2.281241205803548507e-04 2.251975184655201150e-04 2.234094270707608781e-04 2.222914992096935245e-04 2.215117741696996201e-04 
2.250728223255958713e-04 2.274300132668936154e-04 2.313508907669238038e-04 2.371281197016987996e-04 2.458923631117230862e-04 2.585607482876721322e-04 2.787588218103145593e-04 3.031809266507000823e-04 3.377788045041069456e-04 3.890324589913823211e-04 4.614790436159884701e-04 5.115342679865471365e-04 6.417987376346554612e-04 9.823173111288122962e-04 7.029106132128390720e-04 1.262783840863939419e-03 9.677614803974245649e-04 1.325591764481330983e-03 1.078771791204689726e-03 1.225801615846661965e-03 1.020158337188926912e-03 1.011257764386586577e-03 1.072679457344206770e-03 1.086681051922954583e-03 1.261698932495737644e-03 1.598615542695590135e-03 1.904160581870527683e-03 2.133668132331152569e-03 2.433229055042300006e-03 3.056557787378473730e-03 3.722959940551157868e-03 4.394037448942428314e-03 5.246688584782407613e-03 6.127468306009264433e-03 6.841598533399200627e-03 7.410933806694235473e-03 7.944527996917735702e-03 8.494971793366645416e-03 9.050792759539991877e-03 9.581813454637808092e-03 1.006758656211191941e-02 1.050173137359862452e-02 1.088642887703263930e-02 1.122689674895935123e-02 1.152847642946584587e-02 1.179572007448832782e-02 1.203239264982756788e-02 1.224171084012276242e-02 1.242654568767741219e-02 1.258953307515136948e-02 1.267015279196772280e-02 1.282688180227168143e-02 1.297721011560693145e-02 1.312072766255342401e-02 1.325710611728529199e-02 1.338611450861532104e-02 1.350762675698361122e-02 1.362162077467203754e-02 1.372816945461574276e-02 1.382742451601002599e-02 1.391959474351403200e-02 1.400492061199110939e-02 1.408364758976694137e-02 1.415600051853286266e-02 1.422216134811304239e-02 1.428225215042002588e-02 1.433632476858008944e-02 1.438435772838011703e-02 1.442626023231909950e-02 1.446188227735535105e-02 1.447727860526402954e-02 1.450277751441096663e-02 1.452315917953276268e-02 1.453600493435508283e-02 1.453818717887226525e-02 1.452573634421842896e-02 1.449372402091791620e-02 1.443620885661318215e-02 1.434638693439503100e-02 1.421734897133217039e-02 1.404439186078208605e-02 1.383059989168736702e-02 1.359772560267862550e-02 1.340286392242800821e-02 1.335808592056206279e-02 1.365267815870289600e-02 1.460259880741347424e-02 1.679315038353956097e-02 2.133093770651809523e-02 2.986004590287402033e-02 4.336254259600121758e-02 5.909240139738092951e-02 6.854390945148471082e-02 6.324133577777844850e-02 4.663581453081690198e-02 3.283539331533006506e-02 2.681356089163769787e-02 2.014552673513025569e-02 1.144542914157033534e-02 7.805286609069072776e-03 6.675537944641376890e-03 3.935988818781654963e-03 3.725269461435964328e-03 1.943149532895458798e-03 2.041549521392937213e-03 8.645224499194919089e-04 1.014468823777606383e-03 5.666008737253138902e-04 4.162798927656296828e-04 3.542157717886092682e-04 2.993997202479576811e-04 2.678984216543208092e-04 2.499655071049318813e-04 2.392708924612850269e-04 2.318744431098764783e-04 2.276656378236457565e-04 2.250051328328417767e-04 2.233432655966321773e-04 2.222543575642609048e-04 2.215933880025081515e-04 
2.246315092074411439e-04 2.272534795316185296e-04 2.308914560777400229e-04 2.364715936903569464e-04 2.449633158975709113e-04 2.574338800357509234e-04 2.772472275670004511e-04 3.016902215238891505e-04 3.378598986222845269e-04 3.923998858883831400e-04 4.725198397356094107e-04 5.323383326990682035e-04 6.502703758969565666e-04 1.094157289507623068e-03 8.230005649105549131e-04 1.451692166008657428e-03 1.271728710105560255e-03 1.708631326350420598e-03 1.526717750984913930e-03 1.794009534269522558e-03 1.474366392812655191e-03 1.569967072479441306e-03 1.545588102717783581e-03 1.432785356667124008e-03 1.645906978080725501e-03 2.025839026468227114e-03 2.293076535782806805e-03 2.561514365663877628e-03 3.235277818876326067e-03 4.077244727760570391e-03 5.281567878009058720e-03 6.862720732548828993e-03 8.231297872391737241e-03 9.476867870142662714e-03 1.101834922375066923e-02 1.275448652628206891e-02 1.424563230627299247e-02 1.521660245174150279e-02 1.568757936831496544e-02 1.582942430511506682e-02 1.581250687426227070e-02 1.574577054519972139e-02 1.567991117871311152e-02 1.563050344654908289e-02 1.559777016372806968e-02 1.557769135013075019e-02 1.556653754166150393e-02 1.556195800387002830e-02 1.556274932496208747e-02 1.556834883046005757e-02 1.557331486209416298e-02 1.558843344560911781e-02 1.561191283270205524e-02 1.564571811214566371e-02 1.569199258707527564e-02 1.575295790211114419e-02 1.583081497253079756e-02 1.592765071749151912e-02 1.604535380878001696e-02 1.618554126553494246e-02 1.634949682565973658e-02 1.653812156587455839e-02 1.675189710222496978e-02 1.699086172448972115e-02 1.725459985006470506e-02 1.754224511495509897e-02 1.785249720428624259e-02 1.818365217926048993e-02 1.853364565214702178e-02 1.890010779293928994e-02 1.908870646749229530e-02 1.946921297853963784e-02 1.989797104155350757e-02 2.037776384233846647e-02 2.091003742383813063e-02 2.149451398229262553e-02 2.212923629499988221e-02 2.281175422947125456e-02 2.354275906935266935e-02 2.433418650325845645e-02 2.522395837254332723e-02 2.629708344013936133e-02 2.770393117109688774e-02 2.964803394167166845e-02 3.229644946509547393e-02 3.558582417416832760e-02 3.902877055806055345e-02 4.187699113566877018e-02 4.408738410198753677e-02 4.777623004819051694e-02 5.691610359448375650e-02 7.233317486616328007e-02 8.507507920422895109e-02 8.077676304922901118e-02 5.813976397709310490e-02 3.490076935520090157e-02 2.429457803492710358e-02 1.947181416446301661e-02 1.231462898311625268e-02 7.754739352719245381e-03 7.022221566765743210e-03 4.238382988635964500e-03 3.645915422337335683e-03 2.043717007833749724e-03 1.860814447247926976e-03 8.532096672558810374e-04 9.460519478046793039e-04 5.087348234646194619e-04 3.960516848249588597e-04 3.400622291737286302e-04 2.910188877962785340e-04 2.631519929786726910e-04 2.472148167894506858e-04 2.378334145429273673e-04 2.312426521064548735e-04 2.273845921743399630e-04 2.249112505134386627e-04 2.233342867109376520e-04 2.223039317914555200e-04 2.215534505946233383e-04 
2.246318176446114524e-04 2.268552818222568923e-04 2.304656517576196453e-04 2.358201003924544699e-04 2.440065868959900668e-04 2.561783297246980921e-04 2.754222137049428952e-04 2.995991552500891541e-04 3.366030345133358631e-04 3.931077581896618941e-04 4.786648929583027425e-04 5.479200305129747683e-04 6.508253192744229299e-04 1.171055628659826292e-03 9.484470976755717811e-04 1.592497818581986493e-03 1.610040490351987395e-03 2.085359007809970723e-03 2.101339453352561032e-03 2.489662448718178624e-03 2.129995527895573153e-03 2.464793240435549787e-03 2.320081702072768291e-03 2.047910091662936798e-03 2.322851120139335888e-03 2.647248111422916949e-03 2.769457010578863215e-03 3.182722163604853865e-03 4.031215486164562919e-03 5.575503521631702993e-03 7.719053727909532155e-03 9.758325186094391618e-03 1.237795547324809647e-02 1.565199325653409204e-02 1.808988046303668801e-02 1.872868809940165039e-02 1.810079614494020800e-02 1.730848469749874524e-02 1.705238521494396517e-02 1.744335107391785725e-02 1.826562845564836876e-02 1.925018533536928048e-02 2.020499186483050783e-02 2.103360289364236344e-02 2.170801625269525026e-02 2.223675857466217778e-02 2.264256930648556737e-02 2.295039129259417859e-02 2.318230125183777524e-02 2.335613099182052427e-02 2.343158834828293693e-02 2.355837893056055357e-02 2.365503457976066842e-02 2.372379292942216125e-02 2.376669027471719348e-02 2.378564488142132990e-02 2.378257513871679871e-02 2.375952843855868094e-02 2.371880130272816661e-02 2.366303734150679294e-02 2.359529597222905992e-02 2.351909050440903134e-02 2.343839855923917498e-02 2.335765052336728764e-02 2.328170285310759285e-02 2.321580282254632685e-02 2.316555019416038572e-02 2.313685979522389288e-02 2.313592757313666023e-02 2.316920172613280357e-02 2.320074452332967357e-02 2.329614760442132865e-02 2.345851551782387329e-02 2.371694740457798087e-02 2.411202430940095551e-02 2.470038169507772496e-02 2.556136765005415437e-02 2.680697764352523924e-02 2.859683474872563858e-02 3.116011189256939068e-02 3.482398563995353635e-02 4.003861701066947082e-02 4.736361221397079185e-02 5.733514960582342113e-02 7.008751439566680841e-02 8.464885893131561534e-02 9.814669778095538866e-02 1.058438434950892959e-01 1.034699231518925872e-01 9.203788057762275765e-02 8.077773170397412050e-02 8.035784658309523543e-02 8.810817710033641559e-02 8.618761048270663638e-02 6.458781838297465716e-02 3.741161511638012305e-02 2.280601325818056371e-02 1.877409364923899801e-02 1.344409402166933665e-02 8.056227155701450870e-03 7.156031947053501791e-03 4.482053779818587040e-03 3.437676335525434446e-03 2.079102403385323615e-03 1.651224405863108494e-03 8.361345227523674225e-04 8.651632857746196364e-04 4.623943646172123771e-04 3.788023750432566736e-04 3.280744035809192568e-04 2.843110272500090890e-04 2.595484518261256292e-04 2.452308074962440600e-04 2.368506350323712083e-04 2.308604143114393182e-04 2.272466072566124934e-04 2.248949810460658416e-04 2.233629211366253977e-04 2.223165901293889493e-04 2.216571175199773334e-04 
2.244115286330917178e-04 2.266642731492685408e-04 2.300452808001904564e-04 2.351900772193758348e-04 2.430576524793433149e-04 2.548663096927877131e-04 2.734317467812258113e-04 2.971288572936132879e-04 3.343483402376722828e-04 3.916769454011837523e-04 4.805445351311467099e-04 5.580322808790319196e-04 6.460315118640975844e-04 1.214870649152319194e-03 1.066196732065481526e-03 1.685343626237100108e-03 1.946538440629406053e-03 2.428314485454806989e-03 2.760287812721204728e-03 3.256914820183773839e-03 3.014657752548167893e-03 3.733328534490604721e-03 3.420054260703230334e-03 3.103443789061037430e-03 3.555729882559572393e-03 3.693560475282146351e-03 3.520963877348445414e-03 3.908791577521690194e-03 5.266427618154756289e-03 7.739005370337525593e-03 1.056547562294500933e-02 1.451828509202407469e-02 1.871871710873650868e-02 2.022116996655594010e-02 1.903120192156508919e-02 1.811591275517980201e-02 1.958475185957267786e-02 2.318180150513311777e-02 2.746126765305850412e-02 3.119550296548470950e-02 3.386960769437950131e-02 3.551615426598615094e-02 3.639952024042401174e-02 3.680115224896651077e-02 3.693306807805176589e-02 3.692844222989359604e-02 3.686107609611239538e-02 3.676797324477517476e-02 3.666613072704730941e-02 3.656277476227855899e-02 3.650685954887403217e-02 3.638809359239488644e-02 3.625968291269503901e-02 3.612097424205707591e-02 3.597146128570979928e-02 3.581101159182006888e-02 3.563993726123172723e-02 3.545894759449347289e-02 3.526903213661623793e-02 3.507132416121000462e-02 3.486698882539505245e-02 3.465716919258782225e-02 3.444300958951496822e-02 3.422576179349703235e-02 3.400696738716689482e-02 3.378870070164828598e-02 3.357385178868026177e-02 3.336642781877142278e-02 3.317185359872582701e-02 3.299725653394976893e-02 3.292020697695924314e-02 3.279484579348333761e-02 3.270989897794286672e-02 3.270249953477918914e-02 3.283352034909492456e-02 3.320168200649955409e-02 3.396564427984624657e-02 3.537810097873163306e-02 3.783682015455664543e-02 4.195627255352961382e-02 4.865473055258836416e-02 5.922433203801771157e-02 7.528838107537097479e-02 9.844155305245012866e-02 1.292629996118188906e-01 1.654946518447042991e-01 1.999012205478976623e-01 2.199361605750317916e-01 2.126918737523033343e-01 1.759776460541920273e-01 1.269249459910549993e-01 9.256744687635806712e-02 8.326179956685736405e-02 8.115610520768513914e-02 6.545516111618680799e-02 3.998691559619969166e-02 2.287802961644511829e-02 1.843377830398371109e-02 1.451557337743830667e-02 8.464666066813028231e-03 7.040541624541906025e-03 4.581906012996033242e-03 3.156772537206311950e-03 2.043780015549905796e-03 1.446873991484993929e-03 8.102475506933859081e-04 7.852047656291967189e-04 4.264665848108258701e-04 3.644564674503512490e-04 3.183556338172090954e-04 2.791701501364180263e-04 2.569477196497154075e-04 2.438899316398068404e-04 2.362447560145604808e-04 2.306800821417395167e-04 2.272213499580700083e-04 2.249384009881885563e-04 2.234259184127488425e-04 2.224031493871151234e-04 2.216715578957318355e-04 
2.241314222897133695e-04 2.264088604568827113e-04 2.296602263890986230e-04 2.345919201802343682e-04 2.421404717167386506e-04 2.535507329373438024e-04 2.713846046749797403e-04 2.944538886294549270e-04 3.314060973092538805e-04 3.886466232662578102e-04 4.789893446935313990e-04 5.630008641987970745e-04 6.376376175749330676e-04 1.231012547171951273e-03 1.166484226858879088e-03 1.736201044854168490e-03 2.249356783537939924e-03 2.719511553225243371e-03 3.440608622240055002e-03 4.030289861433809101e-03 4.106302774168377016e-03 5.336011886377932736e-03 4.850006566365932040e-03 4.766689501041165324e-03 5.639289279072773158e-03 5.435828341739131972e-03 4.706527328625822147e-03 5.041587339846163515e-03 7.204476394224656847e-03 1.053502298590480550e-02 1.521145550885225767e-02 2.000500627906433640e-02 2.108941997963420523e-02 1.990988280361046317e-02 2.188537576635239332e-02 2.856904840710922794e-02 3.682666933108291046e-02 4.322314697454382459e-02 4.663539061172536360e-02 4.781127381479673838e-02 4.799046969395499157e-02 4.806154005837440929e-02 4.840311552169784814e-02 4.904899264071047038e-02 4.988742931756841997e-02 5.078716225130758266e-02 5.164973867765156046e-02 5.241841994733015264e-02 5.306953009901550777e-02 5.360047737023673764e-02 5.384244173390864696e-02 5.426344269255136549e-02 5.459278499173624705e-02 5.482325436261486357e-02 5.494922564991972652e-02 5.496592268273521598e-02 5.486895629232358546e-02 5.465420233180747628e-02 5.431801664095884524e-02 5.385772828761112990e-02 5.327231310124475039e-02 5.256313023179730315e-02 5.173460554473704315e-02 5.079476441463039865e-02 4.975554799567407510e-02 4.863288519930780013e-02 4.744653114205391042e-02 4.621971625378340498e-02 4.497867455415458654e-02 4.375213261196418679e-02 4.315384047915332699e-02 4.202337078931106529e-02 4.088791070231923702e-02 3.981999714755294489e-02 3.893476492797906530e-02 3.841137569766815002e-02 3.852699657234175123e-02 3.971166717450150957e-02 4.263613546121532843e-02 4.834563180610836064e-02 5.844052565579662545e-02 7.525667084220179215e-02 1.018746844657746342e-01 1.415579661836015024e-01 1.959695831381929043e-01 2.616718257002201842e-01 3.258370058713077611e-01 3.652601867968574556e-01 3.551555351334884647e-01 2.888318025051744842e-01 1.929734572918125890e-01 1.140805195072974315e-01 7.870684988464277110e-02 7.200510573943545711e-02 6.322977606636195902e-02 4.263487228468056806e-02 2.419974644600134117e-02 1.833627578601318073e-02 1.522018900180118275e-02 8.772852782234889096e-03 6.710525763273094205e-03 4.519782583177151501e-03 2.850633770146651300e-03 1.953701963573381637e-03 1.265409649950295949e-03 7.778605834278911864e-04 7.136659563298210435e-04 3.992295891069814811e-04 3.529423901784467586e-04 3.108432409455038291e-04 2.754361301118949962e-04 2.552025507929468425e-04 2.430758988370593200e-04 2.359431656178184375e-04 2.306593292824359281e-04 2.272828593386808994e-04 2.250265884810776396e-04 2.235087647185142359e-04 2.224534645594651485e-04 2.216970307812250914e-04 
2.241532938263822450e-04 2.261114337766834679e-04 2.293047453679616867e-04 2.340316627220808223e-04 2.412702132094019013e-04 2.522684722770046043e-04 2.693571954105273484e-04 2.917061944469160088e-04 3.280386366278848550e-04 3.845101679899374071e-04 4.748605294901995328e-04 5.635353577205124906e-04 6.268361643759376390e-04 1.226038201806641968e-03 1.244158327042412231e-03 1.753195627797500978e-03 2.497542616509112589e-03 2.949631779870614135e-03 4.079022557038610407e-03 4.749972675247118511e-03 5.332674461169681357e-03 7.150103326895341192e-03 6.581021491124125142e-03 7.160636258638330975e-03 8.751939315957926735e-03 8.042196691578856402e-03 6.505975280629688537e-03 7.034889935452627585e-03 1.019637743195605899e-02 1.507135210609578113e-02 2.054632345277199873e-02 2.240343322800300574e-02 2.190232283254704357e-02 2.619194680231285224e-02 3.617344105294380274e-02 4.593077393751669735e-02 5.133685403618670762e-02 5.331862613994534095e-02 5.491687344038944513e-02 5.815268289994364459e-02 6.329505364843515669e-02 6.960457702601996477e-02 7.618581573647036087e-02 8.241076279040207564e-02 8.797732618754607048e-02 9.281174125486277293e-02 9.695582915886434561e-02 1.004908187591858210e-01 1.034996231342716205e-01 1.060538924452211068e-01 1.072778558127117643e-01 1.095668977417913470e-01 1.116205536742223559e-01 1.134042705464444606e-01 1.148780713697090533e-01 1.159995398882213979e-01 1.167274828206937148e-01 1.170257660390840726e-01 1.168668329597245675e-01 1.162344904615140728e-01 1.151256733792485887e-01 1.135510513568892543e-01 1.115344981741301922e-01 1.091115820502336492e-01 1.063273391255618316e-01 1.032336513253191423e-01 9.988656160366563008e-02 9.634382866048508964e-02 9.266295964651287409e-02 8.889987648086135341e-02 8.700437670264325740e-02 8.327298595294162220e-02 7.922881706237454302e-02 7.492532219531537752e-02 7.046389636624883490e-02 6.602289976702963026e-02 6.190757878245958107e-02 5.863586714447843046e-02 5.708257975277665486e-02 5.870985676938209746e-02 6.589987493886528824e-02 8.233576367128678242e-02 1.131693798841504200e-01 1.642976525015228950e-01 2.395922271933931536e-01 3.351847867276724902e-01 4.324220762024133524e-01 4.962993668349119925e-01 4.891454145761779393e-01 3.994801690132617211e-01 2.626060834926858267e-01 1.419272785138654680e-01 7.877580540529487141e-02 6.387875359950927201e-02 6.031925581056989116e-02 4.523703412898382598e-02 2.611758898028129078e-02 1.822939222337621040e-02 1.538634850386478257e-02 8.861747488616931318e-03 6.237150277300947294e-03 4.324624584162627995e-03 2.551804037049016597e-03 1.832044452066317010e-03 1.113245079936250881e-03 7.431140939227994565e-04 6.537047071459954747e-04 3.789979981760526135e-04 3.441202647665508657e-04 3.053575948100817469e-04 2.729207597343010329e-04 2.541689190363762268e-04 2.426843676663129859e-04 2.358814800011609027e-04 2.307616700748026735e-04 2.274094117232764345e-04 2.251472180616880415e-04 2.236072319623071526e-04 2.225219699538408171e-04 2.218172542392935116e-04 
2.240205166016886052e-04 2.259755860561019265e-04 2.289667265261150289e-04 2.335122069785762965e-04 2.404555638823432039e-04 2.510437474822603348e-04 2.674005511200765986e-04 2.889812126096306423e-04 3.244547695146833728e-04 3.796831823588545421e-04 4.689439984982468525e-04 5.605222247013092471e-04 6.144817090953318779e-04 1.206190957052397398e-03 1.298178471843455459e-03 1.744481886267252278e-03 2.682195777287772840e-03 3.116474122288538390e-03 4.627175841107633060e-03 5.371402491247450652e-03 6.591040184493544840e-03 9.009386086877613914e-03 8.530318284137835064e-03 1.028889607984273882e-02 1.288344011379769817e-02 1.149596682788296166e-02 9.128665818490562869e-03 1.045345392328971869e-02 1.541850882561245605e-02 2.175613136967769964e-02 2.527586141327923738e-02 2.489879220710856933e-02 2.836228591498868995e-02 3.822987429269902870e-02 4.759670367741076352e-02 5.244762476348058949e-02 5.628996940710588592e-02 6.398124770559493468e-02 7.675818366671671722e-02 9.269144930376654878e-02 1.092223569567876695e-01 1.247275844177895832e-01 1.386802103020199906e-01 1.511766050831640507e-01 1.624764441782244051e-01 1.727705890561944402e-01 1.821352924540961815e-01 1.905717721661179254e-01 1.980594723859132877e-01 2.045925121201546681e-01 2.077626793450189080e-01 2.137236566463217025e-01 2.190620147767236015e-01 2.236468398776155497e-01 2.273676022782660511e-01 2.301431008956669744e-01 2.319274282954914834e-01 2.327124229874370787e-01 2.325265244744875448e-01 2.314303770482976641e-01 2.295098851115932870e-01 2.268676644911429285e-01 2.236139379160191065e-01 2.198578864332475791e-01 2.157003093832685348e-01 2.112281967566754792e-01 2.065115221577354943e-01 2.016022679397750927e-01 1.965354379717923761e-01 1.913316296586603793e-01 1.886817315763449632e-01 1.833681478423641320e-01 1.773925381878908303e-01 1.706626739430283646e-01 1.630808118675255158e-01 1.545633518704973286e-01 1.450858297559546595e-01 1.347771634252401818e-01 1.241081920981409181e-01 1.142497095832544357e-01 1.076899030620997733e-01 1.091142445040154813e-01 1.261880767465761721e-01 1.690885939505571700e-01 2.467227505771142915e-01 3.580367795621923754e-01 4.810892958547322573e-01 5.703820629585629742e-01 5.756175229123352555e-01 4.790460866231927017e-01 3.196436220853272614e-01 1.705098566570028285e-01 8.390285368589561754e-02 5.884708981884092388e-02 5.769099629461249545e-02 4.731928250587495027e-02 2.794005392427375417e-02 1.792675404340756187e-02 1.501520558578726267e-02 8.705518995055132672e-03 5.695101592187794617e-03 4.045428901730484771e-03 2.279431146384080370e-03 1.700025393438667686e-03 9.905146038419177217e-04 7.098505727771716551e-04 6.058285497662973607e-04 3.643316470819837178e-04 3.377684222509280253e-04 3.016527947893142959e-04 2.714289475554457730e-04 2.537129286210875910e-04 2.426246420070739815e-04 2.360044942697933060e-04 2.309563775320023669e-04 2.275831535119926747e-04 2.252903671169611860e-04 2.237185546695204664e-04 2.226297369031087501e-04 2.218523047010356459e-04 
2.237620926941300849e-04 2.257980605361636017e-04 2.286671533399370999e-04 2.330341396150440456e-04 2.397005807985683092e-04 2.498911986338648054e-04 2.655465779823544905e-04 2.863446563513974484e-04 3.208123000800939292e-04 3.744946510664853476e-04 4.618995569304044533e-04 5.548640005635944918e-04 6.012224167283078922e-04 1.176723406472929279e-03 1.330349526500601348e-03 1.717284969199899284e-03 2.804124580927196391e-03 3.223242739283338834e-03 5.057947608964413755e-03 5.868668588118472820e-03 7.776890184608156731e-03 1.075278973468470067e-02 1.057214002849482352e-02 1.399133721426510692e-02 1.780832716654109221e-02 1.562206188750774917e-02 1.277493818782898458e-02 1.608747482567875545e-02 2.416166987495362711e-02 3.119372139914875636e-02 3.211833072891118190e-02 3.219702951871140917e-02 3.828021809928335711e-02 4.579167831366169616e-02 5.051189267224399926e-02 5.753879532189064977e-02 7.306136550729465384e-02 9.696985322422015108e-02 1.249028503647518912e-01 1.530982923313129740e-01 1.802866892813649868e-01 2.068044774880325731e-01 2.331673707949665220e-01 2.593491970067676178e-01 2.847900561053318680e-01 3.087165892923243171e-01 3.304446714885512226e-01 3.495400397408486293e-01 3.658464211045106551e-01 3.794362083654982398e-01 3.857837062079766399e-01 3.972300665299306477e-01 4.068792050891546497e-01 4.146492804303916757e-01 4.205478931588271796e-01 4.246662423782008866e-01 4.271661553768822950e-01 4.282617460085942906e-01 4.281979552654957000e-01 4.272284205654329758e-01 4.255949995090831939e-01 4.235108728279206036e-01 4.211485397066278558e-01 4.186332914527164939e-01 4.160420122594796211e-01 4.134065099947799027e-01 4.107201087058859890e-01 4.079459919132630286e-01 4.050257904440739409e-01 4.018871427760875026e-01 4.002109048559895355e-01 3.966473812341434479e-01 3.922510032015855130e-01 3.867067659975329530e-01 3.795691187794039134e-01 3.702096966582980597e-01 3.577599467898804897e-01 3.410903409292689870e-01 3.189394542699395263e-01 2.904187001665027856e-01 2.562097881358834095e-01 2.206369594819040103e-01 1.940690540861894076e-01 1.935540808913344402e-01 2.379786909488046109e-01 3.350953031106859714e-01 4.648394374643830540e-01 5.743296887436074583e-01 6.010413051177525556e-01 5.173792751449426408e-01 3.579168538501222296e-01 1.965764664307377563e-01 9.284414775536203868e-02 5.681692900986020506e-02 5.527045171180702821e-02 4.834210295650717693e-02 2.915264562147457106e-02 1.735685280689778717e-02 1.422816079064803153e-02 8.345340768289065750e-03 5.145037072855403876e-03 3.730793830755997024e-03 2.042903693605972563e-03 1.573128420530496953e-03 8.944271360996347564e-04 6.807704059338678211e-04 5.691547596502894964e-04 3.540589844411002837e-04 3.336032224426710240e-04 2.994573823340288465e-04 2.707733922685858093e-04 2.537147518834597260e-04 2.428197066863131400e-04 2.362659974770735293e-04 2.312180649170855631e-04 2.277896373279423984e-04 2.254480894653637202e-04 2.238326912769323513e-04 2.226960129928100176e-04 2.218526146230739827e-04 
2.236605242000076028e-04 2.255593447057853591e-04 2.283956248802246564e-04 2.325966902104801399e-04 2.390061202515995529e-04 2.488184647694015013e-04 2.638132330316071434e-04 2.838390184378979412e-04 3.172247201712161840e-04 3.691918509758603580e-04 4.542480044335865056e-04 5.473795065677880068e-04 5.875658438793300922e-04 1.141718074209766487e-03 1.344016045850758697e-03 1.677589071138687986e-03 2.870317243111504286e-03 3.276812998359069935e-03 5.364222835214844422e-03 6.233303722939778288e-03 8.807783216654631320e-03 1.225805346734001704e-02 1.256516701066577417e-02 1.797884347822485684e-02 2.312679040613443981e-02 2.014506946124771172e-02 1.757406294939975813e-02 2.465442046024109504e-02 3.742162870950838799e-02 4.520210921150615013e-02 4.446525272811439888e-02 4.388742419425054053e-02 4.616225831237386057e-02 4.815552985854405083e-02 5.509874464793396154e-02 7.487355089972705380e-02 1.071822800587393931e-01 1.460054351540283901e-01 1.871573841973456220e-01 2.304517120657832152e-01 2.771031737698522734e-01 3.270821974520040087e-01 3.785423154174717975e-01 4.287111194295035732e-01 4.750112465098103032e-01 5.157288457805200288e-01 5.501531425727824720e-01 5.783871692731344938e-01 6.010474749063198230e-01 6.189888936725769231e-01 6.271133499718141158e-01 6.414711739846725713e-01 6.535242739816209401e-01 6.636315126851710655e-01 6.722311456146869979e-01 6.797992395870192661e-01 6.868076378902949752e-01 6.936858957479372645e-01 7.007908924769223891e-01 7.083866766732908049e-01 7.166356791586833141e-01 7.256009292556514501e-01 7.352575328163274415e-01 7.455105941903154010e-01 7.562161233893719414e-01 7.672013369927378479e-01 7.782811399442430833e-01 7.892683995670993768e-01 7.999767687415231254e-01 8.102161174796017606e-01 8.150969325263677234e-01 8.241142767485072351e-01 8.328516244553483272e-01 8.405885175237894913e-01 8.461110620385898784e-01 8.474299295904420548e-01 8.414313897435160561e-01 8.235834691551333631e-01 7.880089461598976941e-01 7.284920655143001245e-01 6.411317925942477958e-01 5.289602306976084467e-01 4.073155406556931424e-01 3.060070551789250692e-01 2.621270603548311873e-01 3.001296161588777878e-01 4.070764680218214582e-01 5.246993265211948865e-01 5.770520553622411342e-01 5.215694765937345379e-01 3.799274965273037319e-01 2.192984501486139326e-01 1.038953926272365019e-01 5.681295248856718660e-02 5.271236064187397735e-02 4.802945537764176376e-02 2.952092768708542564e-02 1.654169977262504032e-02 1.319111982359626872e-02 7.853535413677613028e-03 4.628637670324567237e-03 3.418651343809944038e-03 1.845219048083820501e-03 1.460764042213629973e-03 8.211690667075002663e-04 6.573471204378228752e-04 5.422076470109724218e-04 3.472405078235577978e-04 3.313091428254947668e-04 2.985023874998013124e-04 2.707833362691673229e-04 2.540702932155143806e-04 2.432053739347376392e-04 2.366280237930359399e-04 2.315261044730357104e-04 2.280173383935626106e-04 2.256141284329300203e-04 2.239484876410677077e-04 2.227549091373195469e-04 2.219307149404419019e-04 
2.236738284997454235e-04 2.253938048107931519e-04 2.281412526354192677e-04 2.321981181712031036e-04 2.383709082964326513e-04 2.478282381133699091e-04 2.622086071346626883e-04 2.814892891651517856e-04 3.137693663264875740e-04 3.639518461425992907e-04 4.463800566828779741e-04 5.387562303514570284e-04 5.739090194757966775e-04 1.104166735356340448e-03 1.343048531680716062e-03 1.630135192481821935e-03 2.890719972437058322e-03 3.286073703827730938e-03 5.553650644605319896e-03 6.470579706579653034e-03 9.634699278103434419e-03 1.345526952043307398e-02 1.438100681651750985e-02 2.191772328746518367e-02 2.837501473970220275e-02 2.474767711147215707e-02 2.349768165916075319e-02 3.643007227930453867e-02 5.574539517791189669e-02 6.537017024611822824e-02 6.291147607654855312e-02 5.718108009383496976e-02 5.148963537205049346e-02 5.184329161224565663e-02 6.894490447963899649e-02 1.050486542362509407e-01 1.536343414979690902e-01 2.097559775205082577e-01 2.737134374389601499e-01 3.467095012195590131e-01 4.266868137458065813e-01 5.082930889072617697e-01 5.853702391421085061e-01 6.532788575666284014e-01 7.098463265286666379e-01 7.551141043546554243e-01 7.905384868258827913e-01 8.181746950291725051e-01 8.400920690035494909e-01 8.580568442162841425e-01 8.666950558377576330e-01 8.835424336271521240e-01 9.005558173765498831e-01 9.185906284188685156e-01 9.384098331442913832e-01 9.606316163607068193e-01 9.856945375002842402e-01 1.013842791389492737e+00 1.045131654822396339e+00 1.079450689490966342e+00 1.116560110870433498e+00 1.156134196292129879e+00 1.197804887752615954e+00 1.241198934828731559e+00 1.285962992933871396e+00 1.331772901201562886e+00 1.378325681249862322e+00 1.425315322872837465e+00 1.472395836847885109e+00 1.519137050129210742e+00 1.542211871253278188e+00 1.586699166477809619e+00 1.633247675501579899e+00 1.680069521080997719e+00 1.723886792584685246e+00 1.759177426191887772e+00 1.777353745592729295e+00 1.766228362011150965e+00 1.710489018018461538e+00 1.594279843932210117e+00 1.406980096853992279e+00 1.152165729356700030e+00 8.568634883066580388e-01 5.741378775898005049e-01 3.702510341008553585e-01 2.939946500886074232e-01 3.422402546140986823e-01 4.502835792487797639e-01 5.254910511431681863e-01 5.049045323744212332e-01 3.906523438283149852e-01 2.383018014567896692e-01 1.152026661774801786e-01 5.773605734429306663e-02 4.981971843986331139e-02 4.645651091516202896e-02 2.906858885010091265e-02 1.555700189899946254e-02 1.205879327081709612e-02 7.304727310427946811e-03 4.170281075741330383e-03 3.133795021122227215e-03 1.685488371387273109e-03 1.367444594832149026e-03 7.668519892090564991e-04 6.400672009870241388e-04 5.233670726505010177e-04 3.431230057559495105e-04 3.305663586271158708e-04 2.985382735615343128e-04 2.713088101494370635e-04 2.546912803733381849e-04 2.437289956435409965e-04 2.370598691980785788e-04 2.318639918643242473e-04 2.282571926502583966e-04 2.257836642737789305e-04 2.240670423545056665e-04 2.228502606801241567e-04 2.220388763056134452e-04 
2.236282643990248036e-04 2.253016988279956507e-04 2.279105867918978460e-04 2.318360801258329104e-04 2.377923228724681442e-04 2.469198400321842330e-04 2.607340342235204894e-04 2.793076962735827496e-04 3.104954249912173902e-04 3.588949725310600341e-04 4.385753434108046432e-04 5.295386598645210677e-04 5.605542694267016523e-04 1.066154019994428569e-03 1.331194934457784109e-03 1.578549427516183100e-03 2.875901109050527441e-03 3.260514085236967171e-03 5.642555355708445824e-03 6.594893627983907172e-03 1.024164823179439174e-02 1.432398913889289423e-02 1.592510120364583684e-02 2.551268353748195258e-02 3.314380744642635851e-02 2.912661623687363283e-02 3.031262626853428732e-02 5.108216589208526559e-02 7.887643946047677435e-02 9.160352939407623296e-02 8.579197745315748913e-02 7.065438759424202964e-02 5.717070509586991839e-02 6.133492009454002969e-02 9.273790196581901957e-02 1.473637227710406783e-01 2.187920205327625045e-01 3.062078613464410126e-01 4.097296958505850517e-01 5.241378549300412804e-01 6.391827491009622886e-01 7.443262795531082610e-01 8.328403200994254352e-01 9.029850222635148471e-01 9.568764924214805401e-01 9.985533010872361670e-01 1.032327202963038371e+00 1.061810112091631009e+00 1.089556660687829526e+00 1.117099488138161512e+00 1.132331010361028012e+00 1.166076981619404096e+00 1.205041360418524832e+00 1.249998594405913321e+00 1.301429430790900232e+00 1.359521551322915522e+00 1.424199561714607265e+00 1.495178929922388988e+00 1.572035454928334186e+00 1.654279855703886692e+00 1.741426365900444084e+00 1.833044913046706137e+00 1.928788490135098677e+00 2.028390464867118492e+00 2.131630451694444872e+00 2.238271533726537310e+00 2.347975566950649018e+00 2.460206551319541468e+00 2.574134216063520331e+00 2.688550767818301157e+00 2.745446790769003442e+00 2.855765709800616392e+00 2.971896739974660306e+00 3.089317507889103531e+00 3.200022166322789463e+00 3.291141194878705711e+00 3.343723377453454937e+00 3.332462412862427392e+00 3.227674197322994321e+00 3.001152163799516881e+00 2.636976681723534277e+00 2.146012791137598796e+00 1.578335558259502003e+00 1.023036897593059935e+00 5.851824622695183109e-01 3.413881152575886646e-01 2.964923841702048479e-01 3.754974953761627265e-01 4.652180416774526206e-01 4.782780311407532348e-01 3.935385287882006700e-01 2.527383764130932686e-01 1.250388841143547647e-01 5.870087562045922525e-02 4.661029865731469712e-02 4.394254538986892139e-02 2.798188933328387556e-02 1.449590693230634435e-02 1.094848708930638674e-02 6.759712874822579147e-03 3.781058240021999139e-03 2.889531496526284802e-03 1.560648025243809630e-03 1.294293861114381369e-03 7.279234837052731043e-04 6.287436002454728674e-04 5.110938382788219074e-04 3.411004734111650299e-04 3.310710272643143433e-04 2.993436141688905327e-04 2.722218054272904086e-04 2.555043710141396973e-04 2.443480119991893202e-04 2.375370565257397767e-04 2.322187207248539210e-04 2.285021771868203666e-04 2.259530085437803037e-04 2.241839566072784758e-04 2.229505955360521386e-04 2.220941267243714665e-04 
2.234896597239959470e-04 2.252020751040696950e-04 2.277071011571203934e-04 2.315079844154945324e-04 2.372669523395516482e-04 2.460903947539722645e-04 2.593863949830511623e-04 2.772974681611239879e-04 3.074309868442822108e-04 3.540977677960859818e-04 4.310241763253927212e-04 5.201374524091099006e-04 5.477213798390194325e-04 1.029060458744134520e-03 1.311739651316090605e-03 1.525514015826902022e-03 2.835639029111002712e-03 3.209190801664759968e-03 5.650804166394430943e-03 6.625384290205829640e-03 1.063830832701701500e-02 1.488117069393027694e-02 1.714579486204302269e-02 2.855780690013755632e-02 3.715212169960883937e-02 3.303729322961077020e-02 3.761355297431268063e-02 6.772572102354974810e-02 1.055764858491702457e-01 1.221374246748560266e-01 1.108867036366751324e-01 8.429331326395374246e-02 6.535279580893282869e-02 7.730858717967187266e-02 1.266675408090917332e-01 2.076807144780476733e-01 3.167204439229753254e-01 4.518858738634309313e-01 6.047529524079265917e-01 7.596114468902377403e-01 9.005051864148734264e-01 1.017999360278530663e+00 1.110995715874431466e+00 1.184405029376363716e+00 1.245523195643162717e+00 1.301179123641768243e+00 1.356302349121535800e+00 1.413656877931463329e+00 1.474219636273016221e+00 1.537768269567225676e+00 1.573411045896153215e+00 1.651993777115058348e+00 1.740609435998597299e+00 1.839311793061295219e+00 1.947860512172369996e+00 2.065814294365753145e+00 2.192640188287898528e+00 2.327823708646274969e+00 2.470963682023953556e+00 2.621836965580655487e+00 2.780421280026561970e+00 2.946869063750085616e+00 3.121430984550675358e+00 3.304333907721985764e+00 3.495624007393444366e+00 3.694990639516451125e+00 3.901589982353681041e+00 4.113888875667348621e+00 4.329548549833718063e+00 4.545365068561263655e+00 4.652095095241961076e+00 4.857319504501584007e+00 5.069902812051609864e+00 5.279557106160194913e+00 5.469525842870158527e+00 5.614747865063590915e+00 5.680796696030117943e+00 5.624933359049983927e+00 5.401146321341668610e+00 4.971005145721634655e+00 4.320621569458225508e+00 3.480134692214639891e+00 2.536355259693421349e+00 1.625064030036306395e+00 8.937876713236110326e-01 4.434577315078906956e-01 2.802604359448449545e-01 3.136962726932212009e-01 4.073142234799156935e-01 4.478215429435441486e-01 3.900805975802827397e-01 2.616839749186617436e-01 1.321817129997246154e-01 5.915788624595288980e-02 4.323434662289672714e-02 4.089234232540350789e-02 2.650612540639051690e-02 1.344413060052389829e-02 9.935532020668255693e-03 6.260160530553963466e-03 3.462941872105887702e-03 2.690718223687518958e-03 1.466580828749538276e-03 1.240361369166183671e-03 7.013058834257928547e-04 6.227918342942612064e-04 5.040260971607980452e-04 3.406840733720870040e-04 3.325478479140537885e-04 3.007282115685491362e-04 2.734155417625210721e-04 2.564497164557742758e-04 2.450284956348066333e-04 2.380403454823170619e-04 2.325802027213544592e-04 2.287469412684059054e-04 2.261193954242318184e-04 2.242951436219847272e-04 2.230208320701939305e-04 2.220982544865952358e-04 
2.233378105106831389e-04 2.250660659293041469e-04 2.275250732405375642e-04 2.312111602458295919e-04 2.367909853195883862e-04 2.453356816602977690e-04 2.581597843466493084e-04 2.754557225273500951e-04 3.045888666283935102e-04 3.496041755682105187e-04 4.238481570770282489e-04 5.108483945976964764e-04 5.355597218370708153e-04 9.937455296394098921e-04 1.287375137942288993e-03 1.472941666506962649e-03 2.778241639166818735e-03 3.140099635617027256e-03 5.598251990349883099e-03 6.582451263036397798e-03 1.085047604270797036e-02 1.516674411041277204e-02 1.803218878140527837e-02 3.095040657258874700e-02 4.026484507335364310e-02 3.631838436797624886e-02 4.491632804271337986e-02 8.514659314927827682e-02 1.338945307731070344e-01 1.543797771719318812e-01 1.362200083452576316e-01 9.812727174443031108e-02 7.625977308930331766e-02 9.945500966724420133e-02 1.738096749002298880e-01 2.951138816154316169e-01 4.585659637417429102e-01 6.527806594961348408e-01 8.565846372701682032e-01 1.047225968344412728e+00 1.210797965806518217e+00 1.345864802107770153e+00 1.460055219743304544e+00 1.564153156664614519e+00 1.667477416934708634e+00 1.775796824820010666e+00 1.891274231064774103e+00 2.013422724299693378e+00 2.140266102810225668e+00 2.269283566739239699e+00 2.339722232341096664e+00 2.490508603401293541e+00 2.654123344690092701e+00 2.829978609705548376e+00 3.017480268007283861e+00 3.216178375412599877e+00 3.425892872086548469e+00 3.646794478960265096e+00 3.879424720674001126e+00 4.124645095199040767e+00 4.383513037831315629e+00 4.657090691421299056e+00 4.946200684548541560e+00 5.251150216531948800e+00 5.571449926559442822e+00 5.905556663737381307e+00 6.250668999391108649e+00 6.602601093404728338e+00 6.955754599353427992e+00 7.303200226164176634e+00 7.472298648986128278e+00 7.791234997658504469e+00 8.110819157906322019e+00 8.410945209280827228e+00 8.661554685713278801e+00 8.820934208962192713e+00 8.835819519080480688e+00 8.645168335728316222e+00 8.189768865534933440e+00 7.429089353761177072e+00 6.363975791721009578e+00 5.058527982905341780e+00 3.648369539859211752e+00 2.320731908220763806e+00 1.261370430103496476e+00 5.856133562100858114e-01 2.916313365911248900e-01 2.686743905593966808e-01 3.562843862874898182e-01 4.162436649291222923e-01 3.809948055115182086e-01 2.648146298228444828e-01 1.361356032968951135e-01 5.889088630194961455e-02 3.988050955597147867e-02 3.767734728660782767e-02 2.487201872731423583e-02 1.246724890136365234e-02 9.059664287680027628e-03 5.829807404894127992e-03 3.212244902984335692e-03 2.536728592291633520e-03 1.398826065831655814e-03 1.203591517239757918e-03 6.844090908493768218e-04 6.214358232947076247e-04 5.010069908728336744e-04 3.414795051098222425e-04 3.347562634925797158e-04 3.025327791408403836e-04 2.748026735575914725e-04 2.574792899576040621e-04 2.457437811868575330e-04 2.385548343501841097e-04 2.329407500687894709e-04 2.289874891908410149e-04 2.262808229682645620e-04 2.244007040485109308e-04 2.230688267959118854e-04 2.221038201663551033e-04 
2.232417967263698819e-04 2.249234068579486186e-04 2.273582873049041927e-04 2.309429415982726993e-04 2.363604759630571009e-04 2.446507396737218599e-04 2.570466925355175715e-04 2.737756223370573492e-04 3.019711915695576340e-04 3.454346702848614553e-04 4.171178854233778977e-04 5.018742085573976155e-04 5.241607498217883956e-04 9.606971014663931701e-04 1.260200661899813336e-03 1.422136593495622282e-03 2.710353482816446093e-03 3.059888703299774512e-03 5.502692645498271154e-03 6.485395626193630504e-03 1.091144803167780515e-02 1.523099271441719083e-02 1.860485643805344716e-02 3.267783295317460562e-02 4.247163729896186873e-02 3.889539297227678077e-02 5.176449594579647651e-02 1.020936635512403462e-01 1.616992127260212797e-01 1.857474017116369780e-01 1.601699620490439346e-01 1.116577467762309012e-01 8.919160760207572869e-02 1.282451395979014308e-01 2.385839316285757461e-01 4.170167246935975180e-01 6.505827279732467883e-01 9.129253999915086792e-01 1.172080442209424644e+00 1.405482509627394627e+00 1.607921443896804137e+00 1.788280663823694994e+00 1.960834300744762615e+00 2.137789846529434712e+00 2.325861628319125352e+00 2.526295275762479253e+00 2.736591106912886318e+00 2.952477218772320722e+00 3.169404963199398573e+00 3.383405466312228160e+00 3.497835038885989345e+00 3.738111498155070045e+00 3.993174721493628176e+00 4.262750788243254263e+00 4.546992911836031936e+00 4.846585774910367128e+00 5.162772188192796818e+00 5.497287676723322747e+00 5.852197783781920570e+00 6.229643340045558197e+00 6.631509573483638675e+00 7.059044595772029140e+00 7.512460396381593242e+00 7.990554109553272610e+00 8.490388385048923681e+00 9.007066949296827829e+00 9.533635047700562026e+00 1.006112495314029509e+01 1.057875498301299722e+01 1.107427758810116813e+01 1.130963626556514434e+01 1.174102125483704206e+01 1.215225845660418003e+01 1.250944695594791867e+01 1.276557488089896530e+01 1.285983388848887365e+01 1.272006518011701814e+01 1.227051515948815386e+01 1.144689356816400760e+01 1.021900608028157365e+01 8.617171518536421715e+00 6.752529350364595118e+00 4.816172900170617055e+00 3.044013183686888446e+00 1.649220871778823927e+00 7.484763134095240300e-01 3.229649124559570983e-01 2.388859010167765640e-01 3.129571754884095669e-01 3.847405312261817922e-01 3.671874223343114529e-01 2.626593369385180621e-01 1.370798870994845986e-01 5.793763828114818770e-02 3.671589632364980621e-02 3.457835805418574965e-02 2.325913248530132177e-02 1.160739415358786816e-02 8.334753709170457034e-03 5.478400668218914686e-03 3.022178206025218951e-03 2.423791810881961630e-03 1.353009362057516415e-03 1.181468394079456105e-03 6.750912518692259471e-04 6.238458172383403019e-04 5.010786345273022992e-04 3.431696486918030123e-04 3.374920952528037460e-04 3.046266921235509157e-04 2.763130046367474565e-04 2.585551791095812182e-04 2.464732265000063962e-04 2.390691715815700081e-04 2.332946260376644637e-04 2.292209123160192299e-04 2.264358918291909371e-04 2.245022332013689545e-04 2.231202186090948749e-04 2.221445623383203787e-04 
2.232099949594538665e-04 2.248081421660399603e-04 2.272048852137235593e-04 2.307007467109077571e-04 2.359715188819657089e-04 2.440302854472043456e-04 2.560388230524933916e-04 2.722479451674427223e-04 2.995728978662217041e-04 3.415933781585743403e-04 4.108672937593160074e-04 4.933453793403492398e-04 5.135702043765676215e-04 9.301464894014528162e-04 1.231785913535283009e-03 1.373935379870264107e-03 2.637041119651615997e-03 2.973815735337625304e-03 5.378956067331080657e-03 6.351088285312115472e-03 1.085569321441096774e-02 1.512543065990257576e-02 1.890414603649951536e-02 3.379142626768685126e-02 4.384889581410182646e-02 4.076854532033442891e-02 5.780824790131856156e-02 1.175266849082571702e-01 1.871680654927388165e-01 2.141863292703408972e-01 1.814803703500335041e-01 1.241150138215429827e-01 1.034841222904350766e-01 1.645158672604062622e-01 3.237647174720175158e-01 5.762920802881845717e-01 8.956614874425242734e-01 1.240071458392439707e+00 1.571879723415974484e+00 1.874177125565310797e+00 2.151787747477693191e+00 2.420684095518027767e+00 2.696344188401561759e+00 2.987389291887712073e+00 3.294848106472846094e+00 3.614516883036630990e+00 3.939926165515046375e+00 4.264576252611305129e+00 4.583127128626832913e+00 4.891758030462128204e+00 5.055100056651830265e+00 5.395525030892212470e+00 5.754869857743868167e+00 6.134468638425937037e+00 6.536392711066222994e+00 6.963386779803713011e+00 7.418685813949541519e+00 7.905714480496649266e+00 8.427683731469610251e+00 8.987111519321222985e+00 9.585305112231916169e+00 1.022184991836389401e+01 1.089415317904127889e+01 1.159708981005885953e+01 1.232279199583395979e+01 1.306061424165317675e+01 1.379729232931940608e+01 1.451729917380102108e+01 1.520338437941272325e+01 1.583726884947685853e+01 1.612883958429400977e+01 1.664295900219993030e+01 1.709890182379491463e+01 1.744634988751309379e+01 1.761988939032345058e+01 1.754026266157747216e+01 1.712013614828676111e+01 1.627654958800721730e+01 1.495134769026181054e+01 1.313815763936806924e+01 1.090944875455265439e+01 8.431114769010909171e+00 5.948989653049158832e+00 3.738126804599811948e+00 2.024823138855900595e+00 9.146483190693821541e-01 3.656803747068492760e-01 2.208577526016713422e-01 2.767048412604417029e-01 3.541196420923198862e-01 3.500050744583103612e-01 2.564009926290106711e-01 1.356342786347377594e-01 5.648188272632119478e-02 3.386031628927323872e-02 3.177513830337535400e-02 2.178717402196531788e-02 1.088559009514016365e-02 7.757952341745921743e-03 5.206078052228789270e-03 2.884599084807498541e-03 2.346631553588635500e-03 1.325084836314985824e-03 1.171410841938565640e-03 6.716021418567381463e-04 6.292225496672286447e-04 5.034616402152997973e-04 3.455008336577166392e-04 3.405862255894444583e-04 3.069048033103025422e-04 2.778910712081786760e-04 2.596479625331019449e-04 2.472011242807382143e-04 2.395748795890842876e-04 2.336376622675142385e-04 2.294451657027847416e-04 2.265836650118797468e-04 2.245999636999510799e-04 2.231869325386429863e-04 2.222156457532819011e-04 
2.232117707242297050e-04 2.247292463580760657e-04 2.270656192287371158e-04 2.304821409548868209e-04 2.356203596716555473e-04 2.434689946358151375e-04 2.551276449901398687e-04 2.708621982094085992e-04 2.973843224404248216e-04 3.380734593511129605e-04 4.051047830017925162e-04 4.853382400571656409e-04 5.037992571369575385e-04 9.021536297904567039e-04 1.203259620208461987e-03 1.328825220915288508e-03 2.562008967595116177e-03 2.885854994803566543e-03 5.238748209102750408e-03 6.193426287888133611e-03 1.071495482688686156e-02 1.489722807367512523e-02 1.897949519120791656e-02 3.437903184936511730e-02 4.452110004671108734e-02 4.199259973280591862e-02 6.283910542468798544e-02 1.307521234971738000e-01 2.090631404803420523e-01 2.383817272486280503e-01 1.993242682472824712e-01 1.348585420799959800e-01 1.187231414948222569e-01 2.083258966468092555e-01 4.286298808712604713e-01 7.705244171144218779e-01 1.192743042745818327e+00 1.641275478245827646e+00 2.077331797349859510e+00 2.490535025207599951e+00 2.891724024607350341e+00 3.297469508450125097e+00 3.718704400185244285e+00 4.157339849627608608e+00 4.608411168325660334e+00 5.063930542614469843e+00 5.515999529358351694e+00 5.958432039942552549e+00 6.387136904433446283e+00 6.799805141255731655e+00 7.017844317116364472e+00 7.472812727612804906e+00 7.955537548507548351e+00 8.469854797687785819e+00 9.020289160258146310e+00 9.611734520563826933e+00 1.024900351748748051e+01 1.093627072218733609e+01 1.167644760058875519e+01 1.247053828555708144e+01 1.331703202902351890e+01 1.421139013366063963e+01 1.514568170958371596e+01 1.610841385960895167e+01 1.708458849851094286e+01 1.805600107530872833e+01 1.900177749079746548e+01 1.989912620534350651e+01 2.072426469120103221e+01 2.145346462218093464e+01 2.177495761996109991e+01 2.231166732897484550e+01 2.273543157733987030e+01 2.297905417464391320e+01 2.296002523437128318e+01 2.258442323212310043e+01 2.175652501273831163e+01 2.039591693582285714e+01 1.846228891582769904e+01 1.598447626524806608e+01 1.308482410591946632e+01 9.984726856026270525e+00 6.977113076665421687e+00 4.362336688920781747e+00 2.365340124585839199e+00 1.071201501367247788e+00 4.125025664389572744e-01 2.110212300479908376e-01 2.465613801088199775e-01 3.251409783334310855e-01 3.310219697673006389e-01 2.474932132005620011e-01 1.325910494942099116e-01 5.475661175423246485e-02 3.138256242056535611e-02 2.936094350364179539e-02 2.052276911624863545e-02 1.030653355804754534e-02 7.316836260455195778e-03 5.007116198567002074e-03 2.791127628188024186e-03 2.299517390470239963e-03 1.311454160660429497e-03 1.170994025752649000e-03 6.725246502747715032e-04 6.368430332491585273e-04 5.075300729878857693e-04 3.482716559113900752e-04 3.439015824514597567e-04 3.092839490908960839e-04 2.794938067236202132e-04 2.607352358764611615e-04 2.479157661231777836e-04 2.400657845461326217e-04 2.339669380069234390e-04 2.296588839629323819e-04 2.267235641442901656e-04 2.246927520005491483e-04 2.232628819920184872e-04 2.222928133567183401e-04 
2.232129808004816606e-04 2.246754319170843458e-04 2.269409631988690177e-04 2.302848673543253315e-04 2.353034602631414493e-04 2.429616843122173046e-04 2.543047541382781481e-04 2.696073903347661325e-04 2.953930776779962195e-04 3.348610712818052650e-04 3.998216106083432586e-04 4.778897759808112961e-04 4.948341023351284212e-04 8.766683294180534257e-04 1.175400449545654230e-03 1.287039741145797099e-03 2.487854685683406602e-03 2.798878928576042750e-03 5.090902512280894368e-03 6.023313367305768024e-03 1.051632331937743525e-02 1.458647845382606001e-02 1.888140756676887078e-02 3.454247261264784680e-02 4.462988926467845174e-02 4.265521851545998888e-02 6.678518952228175432e-02 1.414432444244894393e-01 2.267828979851567728e-01 2.577465104537675633e-01 2.133374858228785365e-01 1.435641265845555292e-01 1.345619572216733006e-01 2.583652676783706470e-01 5.489326439093540344e-01 9.924455065188623193e-01 1.535184924972383014e+00 2.115575033485809886e+00 2.695724881841098153e+00 3.268502920039506154e+00 3.843887636071639857e+00 4.432303051851563147e+00 5.036186934256043024e+00 5.650154968091665175e+00 6.265107450701385972e+00 6.872195188615985550e+00 7.464948678681478711e+00 8.039657260501360980e+00 8.594756676260630002e+00 9.129935528083944263e+00 9.413679231804577441e+00 1.000893064136816868e+01 1.064606224235539855e+01 1.133143506803190803e+01 1.207158802387693797e+01 1.287263936968558831e+01 1.373958260777681240e+01 1.467552533575339346e+01 1.568093060664267568e+01 1.675292649536037715e+01 1.788474997670825317e+01 1.906538550368012608e+01 2.027944707366439303e+01 2.150733592498034952e+01 2.272568567178644727e+01 2.390808446451959313e+01 2.502604158883732310e+01 2.605014585588230958e+01 2.695134697968675752e+01 2.770228036438340879e+01 2.801362434890467767e+01 2.848907245441965941e+01 2.878367309541262387e+01 2.881511728319651766e+01 2.848753295287838938e+01 2.769840320940789979e+01 2.635200067053409612e+01 2.438045273412465974e+01 2.177124610262645277e+01 1.859576461914735290e+01 1.502807118591563729e+01 1.133949553846467495e+01 7.857747352014158082e+00 4.893360052041154873e+00 2.657705715910350541e+00 1.209984453021777595e+00 4.581652031332340558e-01 2.064335852893492418e-01 2.216169762688096900e-01 2.984821535722252950e-01 3.117259634511377331e-01 2.373226981822916526e-01 1.287111315877744466e-01 5.297840315692533414e-02 2.930771732690861872e-02 2.736536793134752496e-02 1.949213222126056771e-02 9.863749841699956042e-03 6.994401290824655941e-03 4.872732792299795494e-03 2.733807169518479973e-03 2.276885753580413108e-03 1.309007349753773305e-03 1.178058339710011046e-03 6.767205633262054652e-04 6.460808908651340977e-04 5.127866105472935962e-04 3.513236863821113149e-04 3.473293130967137652e-04 3.116995156211356034e-04 2.810884039869990486e-04 2.618003154023004894e-04 2.486086509414231482e-04 2.405375419154883723e-04 2.342805146351346240e-04 2.298612308675978394e-04 2.268552915758517425e-04 2.247793692257352561e-04 2.233355394497465258e-04 2.223548955640421339e-04 
2.231945684707074015e-04 2.246305459767779982e-04 2.268300497162894027e-04 2.301068527424128649e-04 2.350175331670165482e-04 2.425034252171021218e-04 2.535620986803628000e-04 2.684725507821137790e-04 2.935853757011886540e-04 3.319382202438407896e-04 3.949980520182687902e-04 4.710092581702055806e-04 4.866438127676914020e-04 8.535732724011047597e-04 1.148718970120263597e-03 1.248634282982468823e-03 2.416314906422499260e-03 2.714862838841624378e-03 4.941813740402933169e-03 5.848940176008306409e-03 1.028166230422525307e-02 1.422541678903652997e-02 1.865637123797374286e-02 3.438206557586145212e-02 4.431321864633699925e-02 4.285824042274657270e-02 6.968251381154796920e-02 1.495811257458548316e-01 2.402642454629488611e-01 2.722827692354897744e-01 2.235688552755200897e-01 1.502064801560679952e-01 1.505607722902030932e-01 3.121817038463979843e-01 6.781795775070824650e-01 1.231544105702508718e+00 1.910735079779802170e+00 2.650940450963679140e+00 3.414784351125637940e+00 4.193030221703991423e+00 4.987875249993388493e+00 5.798633978140011358e+00 6.617686637660799676e+00 7.433615292250043360e+00 8.235814853390758472e+00 9.017234531380266205e+00 9.774742847492138509e+00 1.050803337958456574e+01 1.121814314002963897e+01 1.190625366567858912e+01 1.227278520263604555e+01 1.304571456378815242e+01 1.387851889636629643e+01 1.477918550699550337e+01 1.575494433963109842e+01 1.681143138283383109e+01 1.795180557201480198e+01 1.917588782453215757e+01 2.047939649295786779e+01 2.185335273013059165e+01 2.328372168771218753e+01 2.475134149134764883e+01 2.623217249169986331e+01 2.769787600508390213e+01 2.911670658643055276e+01 3.045467706058464330e+01 3.167693330139343644e+01 3.274925810860288777e+01 3.363961208539753045e+01 3.431961518688143542e+01 3.457319861126944005e+01 3.489280080945725615e+01 3.495590024460300071e+01 3.466853399980982431e+01 3.392672704707217690e+01 3.262642662720293885e+01 3.068028567710505072e+01 2.804152669077088689e+01 2.473226032818031328e+01 2.086916757821984092e+01 1.667469505043237987e+01 1.246026774152151440e+01 8.574240593554280920e+00 5.323520065007241620e+00 2.897249270814620914e+00 1.327078593200285317e+00 4.994120676687904270e-01 2.049441587030134404e-01 2.010950952987165252e-01 2.746340787221970836e-01 2.933018762619679087e-01 2.270102589108156654e-01 1.246116035135829692e-01 5.131431425045095834e-02 2.762832514960717259e-02 2.577639940141619387e-02 1.869406076118123108e-02 9.544066190121026916e-03 6.772279130607107567e-03 4.792994653969968530e-03 2.705453907540778663e-03 2.273669844976085059e-03 1.315115923089094693e-03 1.190749056911569702e-03 6.832827176231036359e-04 6.564108263961463503e-04 5.188399763586591749e-04 3.545336740831137382e-04 3.507847322393835288e-04 3.141022663587982673e-04 2.826504265895959630e-04 2.628311243578896998e-04 2.492738245695587883e-04 2.409872458600365551e-04 2.345772182485486015e-04 2.300517775260388028e-04 2.269787661109818038e-04 2.248593299739119332e-04 2.233961019651567773e-04 2.223933530537615020e-04 
2.231537389521776830e-04 2.245835573838121614e-04 2.267310935640625932e-04 2.299462031916818202e-04 2.347595547481218356e-04 2.420896050731926057e-04 2.528921105190285032e-04 2.674470641182868274e-04 2.919469401842595064e-04 3.292847670741170076e-04 3.906078265737671236e-04 4.646871093784972311e-04 4.791865128200515495e-04 8.327135654530164492e-04 1.123526376502986465e-03 1.213543476976074609e-03 2.348478924610432252e-03 2.635081350851917886e-03 4.795914845781725985e-03 5.676200239350166592e-03 1.002783833422208996e-02 1.383880081119962489e-02 1.834425580593434385e-02 3.398767614972990347e-02 4.369357478455341420e-02 4.270380769581914870e-02 7.163806082900754657e-02 1.553616895242382334e-01 2.498209698676849000e-01 2.823952951819444501e-01 2.303670328987422744e-01 1.549572495817595486e-01 1.661826471760258217e-01 3.668530161162831815e-01 8.093141326958511739e-01 1.476259172022698296e+00 2.303635120944190096e+00 3.226645653079536658e+00 4.206652235796656036e+00 5.227029268397683559e+00 6.277065101725673557e+00 7.342473475762714585e+00 8.405932364911755883e+00 9.451968123279398171e+00 1.047063921397187158e+01 1.145812881478354939e+01 1.241505267507921317e+01 1.334403760034946274e+01 1.424770505492666572e+01 1.512750743574102330e+01 1.559764466517219716e+01 1.659163539109743368e+01 1.766477931075428742e+01 1.882513028025387314e+01 2.007875762619467963e+01 2.142875840651893071e+01 2.287430580781410328e+01 2.440981528117455923e+01 2.602430856154054339e+01 2.770104695291910701e+01 2.941748953780482623e+01 3.114561038596019316e+01 3.285258309589517722e+01 3.450181327258421504e+01 3.605427224705536560e+01 3.747006091405761197e+01 3.871011320863591720e+01 3.973793621639240570e+01 4.052127935626317878e+01 4.103362885734250654e+01 4.118177297612699306e+01 4.125454586799500589e+01 4.099313179160702703e+01 4.029626818950169564e+01 3.905761162321323354e+01 3.717838974808523034e+01 3.458676349115892634e+01 3.126315741310248697e+01 2.726760173973021040e+01 2.276075199976882857e+01 1.800650536214358510e+01 1.334463830697855968e+01 9.130647685398605162e+00 5.656952138092415261e+00 3.085613102429468846e+00 1.421889174883454121e+00 5.346857626522094620e-01 2.051249389628902464e-01 1.843358409658074348e-01 2.538499789367302806e-01 2.765522600235183481e-01 2.173440601738069466e-01 1.207293115889985224e-01 4.987321552637216659e-02 2.631553078107480223e-02 2.455804265242953269e-02 1.811077249894226318e-02 9.331036159829294782e-03 6.632647329255762607e-03 4.758014263898910183e-03 2.699804561530510984e-03 2.285444224989370641e-03 1.327599021236676533e-03 1.207515795115224680e-03 6.914938331994294283e-04 6.674039165045617030e-04 5.253853502317325707e-04 3.578069891425515671e-04 3.542034026183424030e-04 3.164555249955885519e-04 2.841621827219871933e-04 2.638192536430331611e-04 2.499073350169639363e-04 2.414131106182681270e-04 2.348564632286541138e-04 2.302304044365950772e-04 2.270940684672054341e-04 2.249329083834351569e-04 2.234424816439774340e-04 2.224107021825635119e-04 
2.230973611780487137e-04 2.245307114568203708e-04 2.266421562328987320e-04 2.298011961933691045e-04 2.345267647521438650e-04 2.417159584323592871e-04 2.522877720148286032e-04 2.665208743504519744e-04 2.904636152646898097e-04 3.268798034363446610e-04 3.866212079123635108e-04 4.589014943259182551e-04 4.724140560713474286e-04 8.139165824742339165e-04 1.099989472390498248e-03 1.181624185514976904e-03 2.284963495451710572e-03 2.560280835042389250e-03 4.656122690955648118e-03 5.509135947933133971e-03 9.767350473308428205e-03 1.344487208718772066e-02 1.797747840152286863e-02 3.343473181294032842e-02 4.287294017191083106e-02 4.228553464151148938e-02 7.279551263179336040e-02 1.591027933207536382e-01 2.559813809536101714e-01 2.887125739359514554e-01 2.342505974306005323e-01 1.580839966555139253e-01 1.808882555570177630e-01 4.196607881654210170e-01 9.360976687725159895e-01 1.715990562370921513e+00 2.697641314941189083e+00 3.818375250681500077e+00 5.036234880369627298e+00 6.323330484723153511e+00 7.653353308808238609e+00 8.998118223480792821e+00 1.033201984660409423e+01 1.163729340049276395e+01 1.290571517764106879e+01 1.413665703141524332e+01 1.533348408756589976e+01 1.650020380664567199e+01 1.763932889264451020e+01 1.875105633090035084e+01 1.934561294404602805e+01 2.060221495431220262e+01 2.195576275311809411e+01 2.341253629976518624e+01 2.497547896915266818e+01 2.664316689577286468e+01 2.840890831336132649e+01 3.026005905446591271e+01 3.217763117227354996e+01 3.413625499321278767e+01 3.610453190451809746e+01 3.804578759773694685e+01 3.991920561239544440e+01 4.168129143593670705e+01 4.328759071073062614e+01 4.469456375089377786e+01 4.586150441847020431e+01 4.675238585306583872e+01 4.733751903573259057e+01 4.759492241570487181e+01 4.759621810691298549e+01 4.734624455131888965e+01 4.668737306611622273e+01 4.551552515595609805e+01 4.372732546376037988e+01 4.123498012846025773e+01 3.798732534356402368e+01 3.399534300688392818e+01 2.935707031510582965e+01 2.427282405135125032e+01 1.903915806070342853e+01 1.401253810527984278e+01 9.544319211462886088e+00 5.905130694868847563e+00 3.228443631900217881e+00 1.496085900709709149e+00 5.636804597582708576e-01 2.061145603016986405e-01 1.707688407868714064e-01 2.361587572904643162e-01 2.619194592459348492e-01 2.087997605013889590e-01 1.173319732901021983e-01 4.871144944064897953e-02 2.532842599410719056e-02 2.366290105299559410e-02 1.771593771388872002e-02 9.207324706468036218e-03 6.559251098556125384e-03 4.758631887681434580e-03 2.711539324545328769e-03 2.308457815954117944e-03 1.344676004880937829e-03 1.227090454407335452e-03 7.007916259126240098e-04 6.787181450486506375e-04 5.321878053234356965e-04 3.610721247732902122e-04 3.575375463401543261e-04 3.187327422224320718e-04 2.856113516772106412e-04 2.647591809900874367e-04 2.505067874804098771e-04 2.418142126413742074e-04 2.351181102302718040e-04 2.303972232798292196e-04 2.272013965953763944e-04 2.250007641770456650e-04 2.234774319989815921e-04 2.224148474626349680e-04 
2.230350986280625939e-04 2.244733729746219619e-04 2.265616265771799127e-04 2.296702715463230131e-04 2.343166571636956779e-04 2.413785741787659669e-04 2.517426394810937324e-04 2.656845975594318131e-04 2.891217558597027754e-04 3.247025684859531454e-04 3.830071584384775484e-04 4.536231117694302490e-04 4.662754509578146463e-04 7.970049472983674896e-04 1.078173218449878608e-03 1.152686784627810846e-03 2.226049992186804414e-03 2.490822104732497155e-03 4.524220167551799496e-03 5.350354917640891099e-03 9.509098627283696023e-03 1.305651652012287597e-02 1.758126545212295236e-02 3.278348912826398176e-02 4.193212250097880928e-02 4.168391602640730831e-02 7.330886339495827630e-02 1.611694329648608315e-01 2.593576850395908906e-01 2.919445885746141389e-01 2.357969161545558634e-01 1.598805523903969183e-01 1.942378462034631548e-01 4.685199892792010212e-01 1.053883853829894912e+00 1.942406827266248692e+00 3.078602426604716058e+00 4.403128832806901372e+00 5.869121467816091453e+00 7.435425153154427313e+00 9.059675606204564247e+00 1.070097789944033728e+01 1.232715293519062172e+01 1.391919970622968528e+01 1.547045591350839899e+01 1.698220295576945560e+01 1.845860013666667143e+01 1.990291143936114082e+01 2.131563816217961715e+01 2.269425956584142057e+01 2.343061954553248327e+01 2.498288211990775665e+01 2.664615695216629732e+01 2.842317479234570499e+01 3.031200742245086843e+01 3.230510195661651096e+01 3.438853896480573979e+01 3.654159710684717766e+01 3.873669024022039054e+01 4.093971934883715136e+01 4.311085289945227572e+01 4.520571766631500310e+01 4.717695043477433359e+01 4.897603197258183627e+01 5.055530095747653974e+01 5.187002926213515508e+01 5.288043266088092764e+01 5.355349333565563796e+01 5.386448234381086309e+01 5.379809045295163372e+01 5.362134423190523336e+01 5.299434878133496341e+01 5.189043112432611338e+01 5.020674463173174473e+01 4.784726724403711984e+01 4.473932805185482664e+01 4.085546749709311598e+01 3.623805487108394630e+01 3.102074344453878396e+01 2.543741378135830189e+01 1.980808346666980668e+01 1.449563225808842404e+01 9.838899251652550859e+00 6.082818791246688228e+00 3.333294664767108451e+00 1.552586110925791019e+00 5.868774880443003994e-01 2.074473735122562557e-01 1.598947880812826017e-01 2.214156313673048271e-01 2.495584105079642623e-01 2.016019817522361757e-01 1.145513219566733770e-01 4.784465637337067395e-02 2.462108070780490154e-02 2.304041405120001509e-02 1.748013461455275724e-02 9.156226428307503995e-03 6.537855328539301202e-03 4.786750174881874813e-03 2.736232778010027830e-03 2.339604078975070743e-03 1.364914179103611123e-03 1.248455175853253494e-03 7.107395482363229296e-04 6.900869772757288944e-04 5.390685320034919016e-04 3.642761137470771531e-04 3.607528787793018140e-04 3.209154366716881882e-04 2.869898412758910451e-04 2.656476297126312007e-04 2.510709839487292364e-04 2.421902834004265362e-04 2.353623527354630179e-04 2.305525148971578943e-04 2.273010306799467129e-04 2.250635887872764042e-04 2.235054776880856565e-04 2.224141551991574419e-04 
2.229751891808597378e-04 2.244150388407800103e-04 2.264883458291272749e-04 2.295520210378207101e-04 2.341269659207705067e-04 2.410738885862475929e-04 2.512508385510226275e-04 2.649295719048290606e-04 2.879084629407331337e-04 3.227330354387617493e-04 3.797347526171090492e-04 4.488186056072451498e-04 4.607192830775243709e-04 7.818047393298520982e-04 1.058072829271680367e-03 1.126517404391585379e-03 2.171788765376437159e-03 2.426793641600306743e-03 4.401166368398980351e-03 5.201388926522411242e-03 9.259140975005525007e-03 1.268240430319140556e-02 1.717448903926120998e-02 3.208015136892638369e-02 4.093252542564899954e-02 4.096481997912908291e-02 7.332497020371685215e-02 1.619223288256709803e-01 2.605563895094018534e-01 2.927857790902089197e-01 2.355644992685644312e-01 1.606280281083496964e-01 2.059496269193122897e-01 5.121274477445407758e-01 1.159815074989925421e+00 2.149939525629964709e+00 3.435921492082241180e+00 4.962378859800950615e+00 6.676731093817761753e+00 8.524279034948207823e+00 1.044775877237181838e+01 1.239550537762400850e+01 1.433026372243829805e+01 1.623203513454224733e+01 1.809460467057244770e+01 1.991912083101931330e+01 2.170815772641355323e+01 2.346202138905594481e+01 2.517745796516736334e+01 2.684806972463463737e+01 2.773800324463255507e+01 2.960658180098335990e+01 3.159511921477509233e+01 3.370132246769545503e+01 3.591706339803659631e+01 3.822757083866846273e+01 4.061093196158540763e+01 4.303797531523705544e+01 4.547258465538696726e+01 4.787246352912569591e+01 5.019033788253939576e+01 5.237555056044592305e+01 5.437597029345828048e+01 5.614011144723721003e+01 5.761934183562303247e+01 5.877004604280528355e+01 5.955561191833010781e+01 5.994811825359575153e+01 5.992962125576284649e+01 5.949296462823960496e+01 5.911862229422153092e+01 5.808370659349093046e+01 5.651282271451370320e+01 5.430764675017471887e+01 5.138270918952851929e+01 4.768298890454616412e+01 4.320581831655441363e+01 3.802378403960068454e+01 3.230213758936755397e+01 2.630150094163426999e+01 2.035677788895285545e+01 1.482901275438695876e+01 1.003907256029166462e+01 6.205077049460103744e+00 3.408037636523998160e+00 1.594735007112341840e+00 6.051494790690565839e-01 2.089045011448703304e-01 1.512750396804994901e-01 2.093627745508138682e-01 2.394220054548920062e-01 1.957955740770871700e-01 1.124213899915529474e-01 4.726058720721608430e-02 2.414737433377098924e-02 2.264180958287999659e-02 1.737426469939195445e-02 9.162530246188238525e-03 6.556350665905034958e-03 4.835447398421790013e-03 2.770267440419707516e-03 2.376359345301978614e-03 1.387176937285150699e-03 1.270807201620463263e-03 7.210024495638277806e-04 7.013076559434181520e-04 5.458935045009844856e-04 3.673807343674842995e-04 3.638258893461818969e-04 3.229914800057110801e-04 2.882928491157639721e-04 2.664830474880855427e-04 2.515996335799421742e-04 2.425415440276989284e-04 2.355896270847129294e-04 2.306966804429727883e-04 2.273933064533361194e-04 2.251219254302364860e-04 2.235306950645767185e-04 2.224148337560676741e-04 
2.229228761433423836e-04 2.243591985697393032e-04 2.264215268899911972e-04 2.294451770512819975e-04 2.339556478941834177e-04 2.407986694657846417e-04 2.508070419948997716e-04 2.642478658460315432e-04 2.868117107747694336e-04 3.209522648813658099e-04 3.767740902464298712e-04 4.444529384495541973e-04 4.556953603890364236e-04 7.681504226064837662e-04 1.039637484181327350e-03 1.102893323003621001e-03 2.122076621683790035e-03 2.368098560634961536e-03 4.287338889478869812e-03 5.062987415690362036e-03 9.021366719458464439e-03 1.232800031859851778e-02 1.677072497346432378e-02 3.135884707091089740e-02 3.991901952945383497e-02 4.017995100491127819e-02 7.297382362746397677e-02 1.616877633002851145e-01 2.601258885136097931e-01 2.918587257287870718e-01 2.340483691861327820e-01 1.605766049417663710e-01 2.159078924835314550e-01 5.499051818639346667e-01 1.252629400962974149e+00 2.335643908561533255e+00 3.762907203048377003e+00 5.483288815080750389e+00 7.438454582770329893e+00 9.561157900408456811e+00 1.178132233867069623e+01 1.403863348629911378e+01 1.629181665568030368e+01 1.851943353768011846e+01 2.071403015405183368e+01 2.287429588250087065e+01 2.499886402957444176e+01 2.708312262323666531e+01 2.911869703093073980e+01 3.109455999250636893e+01 3.214344720061224336e+01 3.433559975279874976e+01 3.665099768165723049e+01 3.908126457114732233e+01 4.161123033170620289e+01 4.421835179619185396e+01 4.687251424941931788e+01 4.953627121018496382e+01 5.216555097197946367e+01 5.471082530043795344e+01 5.711870092928160858e+01 5.933386110332769192e+01 6.130125534646018792e+01 6.296841352579244955e+01 6.428774720753675354e+01 6.521869853126239036e+01 6.572960471363346358e+01 6.579916423343998133e+01 6.541741723684421572e+01 6.458618549564106104e+01 6.400578571337371159e+01 6.255355793160270395e+01 6.051631464694063567e+01 5.780267768022609687e+01 5.433974973452907165e+01 5.009124829936570933e+01 4.507884138626723569e+01 3.940278380003877601e+01 3.325506308825984547e+01 2.691628724998463085e+01 2.072885899004417354e+01 1.504589792122867387e+01 1.016736531636778551e+01 6.285463932156846845e+00 3.459865122931764958e+00 1.625751498911553350e+00 6.194753946930229294e-01 2.104024269036596506e-01 1.445256573259440513e-01 1.996835114977999204e-01 2.313378342451720970e-01 1.913097395173354032e-01 1.109129744798733191e-01 4.693026187992750675e-02 2.386401136036260875e-02 2.242276808884911127e-02 1.737149108027096281e-02 9.212926719161153993e-03 6.604663097943665531e-03 4.898958480871803446e-03 2.810731976274176858e-03 2.416708270435371630e-03 1.410575356882001882e-03 1.293524530545886193e-03 7.313264692593966646e-04 7.122301629640254150e-04 5.525642294516917678e-04 3.703593935696569629e-04 3.667415533925471910e-04 3.249536868853557811e-04 2.895180993431692180e-04 2.672651865525887353e-04 2.520931216413769844e-04 2.428685742137102783e-04 2.358005416467300031e-04 2.308302031914329826e-04 2.274785950043548206e-04 2.251761400861738895e-04 2.235557602756190279e-04 2.224202864504034650e-04 
2.228984615002143385e-04 2.243307105444786577e-04 2.263875806892806089e-04 2.293912635335130319e-04 2.338692317109437467e-04 2.406598344436523330e-04 2.505833370676314792e-04 2.639041252224485937e-04 2.862582827018153087e-04 3.200536178112464367e-04 3.752795319193147567e-04 4.422427933262967166e-04 4.531606943229912234e-04 7.612945950756315992e-04 1.030250617805115142e-03 1.090994154139238127e-03 2.096794994255316881e-03 2.338239833503430540e-03 4.229111690443846001e-03 4.991995978610302975e-03 8.897603722108394370e-03 1.214407545476549506e-02 1.655512149399500366e-02 3.096662744378574431e-02 3.937173365690394000e-02 3.973829377163981547e-02 7.266718737561159158e-02 1.612447798225290219e-01 2.593741165285979311e-01 2.907991191700149969e-01 2.328305556371063623e-01 1.602892969626426023e-01 2.206072719360780143e-01 5.680416910787137175e-01 1.297699025053713484e+00 2.427427249778158380e+00 3.927306675945257730e+00 5.748583980850579422e+00 7.829991410404637975e+00 1.009814874108488958e+01 1.247701504361778646e+01 1.490239583517013422e+01 1.733109636039422696e+01 1.974053672054064990e+01 2.212179004152044115e+01 2.447124369917893461e+01 2.678449399891033167e+01 2.905357292321739848e+01 3.126689984679877554e+01 3.341075129594999282e+01 3.454645976095815740e+01 3.691380609493253928e+01 3.940383463871019387e+01 4.200455778842066934e+01 4.469677536685152575e+01 4.745364111372786908e+01 5.024064256482441948e+01 5.301604188785432825e+01 5.573179406994596263e+01 5.833492423828489137e+01 6.076931071048449695e+01 6.297778767608967598e+01 6.490445413765640126e+01 6.649705639174764826e+01 6.770930175811965057e+01 6.850296243748985603e+01 6.884964031812515373e+01 6.873208530626438062e+01 6.814498951020658524e+01 6.709521484516480427e+01 6.640222169742357039e+01 6.472475537694225523e+01 6.243976597917863103e+01 5.946038582114067594e+01 5.572105473302037382e+01 5.119575533431933678e+01 4.591883705323724030e+01 4.000427361463948728e+01 3.365649302754234640e+01 2.716435475348853146e+01 2.087174395013992978e+01 1.512560843969348845e+01 1.021398737701976067e+01 6.315802453268310579e+00 3.480696930528802024e+00 1.639003976619826775e+00 6.259619443512992598e-01 2.112284466581551556e-01 1.415097202708100466e-01 1.952822312362744728e-01 2.277075807981998046e-01 1.893713690181519638e-01 1.103293834147960617e-01 4.684385905689772422e-02 2.377554698628750462e-02 2.236487215241483514e-02 1.740486238296398008e-02 9.254905634754383506e-03 6.640593864489545244e-03 4.938147733012290125e-03 2.834680533022888426e-03 2.439663250022000834e-03 1.423572348931932512e-03 1.305902632614877861e-03 7.369169009479639145e-04 7.180257332480497997e-04 5.561136778188701573e-04 3.719253550951062606e-04 3.682632287202323908e-04 3.259752459407515377e-04 2.901538134196593455e-04 2.676698088556777504e-04 2.523479203672972281e-04 2.430371281350321097e-04 2.359090080715815915e-04 2.308987771322529151e-04 2.275223352837370478e-04 2.252040778902445546e-04 2.235698657444699423e-04 2.224257236908950782e-04 
2.228560094378030600e-04 2.242751255779235108e-04 2.263196699898186966e-04 2.292840566968408348e-04 2.336974624889653332e-04 2.403838682238661391e-04 2.501390304731018776e-04 2.632212350253368177e-04 2.851581154299383768e-04 3.182672449465974635e-04 3.723079652627929795e-04 4.378367279501828128e-04 4.481247874552068836e-04 7.477403798055561393e-04 1.011444671165565848e-03 1.067403138084329099e-03 2.046227964491931922e-03 2.278509099203475472e-03 4.112074388662540804e-03 4.848964394858228458e-03 8.645009331947223555e-03 1.176983138914817865e-02 1.610527806983510016e-02 3.013614916964387283e-02 3.822027684420833266e-02 3.877641685427175855e-02 7.180854877276758585e-02 1.597392322770073425e-01 2.568567781769071079e-01 2.875691694341616089e-01 2.295617092997473685e-01 1.592067512097445903e-01 2.291151247916748124e-01 6.016421255884861763e-01 1.382494543253843355e+00 2.603693652736084108e+00 4.248865751771164767e+00 6.274460517536674331e+00 8.613733608577801348e+00 1.118211086022963663e+01 1.389313186233656872e+01 1.667591932237417751e+01 1.948339053042229452e+01 2.228939723297903441e+01 2.507992231239089520e+01 2.784431134472166391e+01 3.056985117144554920e+01 3.324013346630231069e+01 3.583605383695569202e+01 3.833796788117722087e+01 3.965722701923628080e+01 4.239145912253227522e+01 4.524194183618946852e+01 4.818852226207457079e+01 5.120318364624497320e+01 5.424995889658125492e+01 5.728531111315003699e+01 6.025900554469997417e+01 6.311546243610261087e+01 6.579554387090334444e+01 6.823869305157538179e+01 7.038531458673928398e+01 7.217926201121714769e+01 7.357028607310427049e+01 7.451629557838167273e+01 7.498529209954632790e+01 7.495685994623127613e+01 7.442312182448924318e+01 7.338910616166064926e+01 7.187251117904774844e+01 7.094205203374332314e+01 6.879510002925495371e+01 6.600164775950383955e+01 6.248566298904182759e+01 5.819785478510447518e+01 5.313374630595718173e+01 4.735304427997555621e+01 4.099574852134360725e+01 3.428818146027084168e+01 2.753141446014592475e+01 2.106754666202671444e+01 1.522726256780702414e+01 1.027288714214028253e+01 6.357353903572168896e+00 3.512428991978858495e+00 1.661013403592656035e+00 6.375373674891221532e-01 2.130388728387721253e-01 1.363153919212569676e-01 1.875709768567194458e-01 2.214900787985660813e-01 1.862535237689634526e-01 1.095704827539631249e-01 4.684753813102644077e-02 2.371204866997188646e-02 2.235734358120351067e-02 1.754251108030928027e-02 9.372015616463046442e-03 6.735295818682137357e-03 5.030462309324829073e-03 2.889377036316402407e-03 2.490511222942134745e-03 1.451798250448484455e-03 1.332349046426764159e-03 7.487965022966288015e-04 7.301182809388449737e-04 5.635406888391696935e-04 3.751654205372965045e-04 3.713901261755395058e-04 3.280697973718626082e-04 2.914530615601252186e-04 2.684944644815559544e-04 2.528662732913727418e-04 2.433794535928937705e-04 2.361288251449908003e-04 2.310375692975498744e-04 2.276107430869506122e-04 2.252608157486889976e-04 2.236017722237348298e-04 2.224432057651154883e-04 
2.228238597686287730e-04 2.242234160638725208e-04 2.262519005373647165e-04 2.291776976094906325e-04 2.335271519665896777e-04 2.401102586714081897e-04 2.496990161930993609e-04 2.625447717171067478e-04 2.840675202610870218e-04 3.164967301794499306e-04 3.693624575310841779e-04 4.334550647308590358e-04 4.431390004604182165e-04 7.344106387027689612e-04 9.926405193741161259e-04 1.044128271951442555e-03 1.995804110352694324e-03 2.218949099779942563e-03 3.994748280798474972e-03 4.705203446513559450e-03 8.387313691141701569e-03 1.138961078634215078e-02 1.563483795853646413e-02 2.925405603560848194e-02 3.700677029109190191e-02 3.772337036982581493e-02 7.064727239456615460e-02 1.574695683673475177e-01 2.530992827456497452e-01 2.829951509642159579e-01 2.253033395610603840e-01 1.574859157769270823e-01 2.362315937839450097e-01 6.310201071495853409e-01 1.458744771369943960e+00 2.767391068547359279e+00 4.555478818069633284e+00 6.785306136969489366e+00 9.385755177156228868e+00 1.226321352213839155e+01 1.532321411723889781e+01 1.848952661340650749e+01 2.171063172849200029e+01 2.495450059997489589e+01 2.819868234098038684e+01 3.142197605938067184e+01 3.460036321080407618e+01 3.770685932077163471e+01 4.071362951320497814e+01 4.359471683659137398e+01 4.510609587706078116e+01 4.821917177174025682e+01 5.143413597149750416e+01 5.472165363284447892e+01 5.804418409892970487e+01 6.135630351559998985e+01 6.460552905692931347e+01 6.773364203226772418e+01 7.067846999624481441e+01 7.337605170647431407e+01 7.576307657217439839e+01 7.777946504659927029e+01 7.937094063369598018e+01 8.049143941341377229e+01 8.110520981240617289e+01 8.118847348754864868e+01 8.073054603582228594e+01 7.973435170948144446e+01 7.821630634590690079e+01 7.620558404810898878e+01 7.502776609275478847e+01 7.239911784056620547e+01 6.909452188650277549e+01 6.505085172668805171e+01 6.023664471907093798e+01 5.466952232411255608e+01 4.843358086535249640e+01 4.169195781224302522e+01 3.468803890719914307e+01 2.772893788849237851e+01 2.114878157250300816e+01 1.525753109310736377e+01 1.029044827295072473e+01 6.376325470628406045e+00 3.532588385578768531e+00 1.677857420177607084e+00 6.475566174744445958e-01 2.151096460960451873e-01 1.322450341805633811e-01 1.813752305584039604e-01 2.167585732066042714e-01 1.842296869783043300e-01 1.093996581607870472e-01 4.709902883311476579e-02 2.380059298859422967e-02 2.249394369805910246e-02 1.777474523671215487e-02 9.533021821335994905e-03 6.860014623586095303e-03 5.141089283767452840e-03 2.952971495578951121e-03 2.547821591151119835e-03 1.482939649080073719e-03 1.361004338191004791e-03 7.615903123445315641e-04 7.428635756333918294e-04 5.713988062462996287e-04 3.785467027617747757e-04 3.746258347912949133e-04 3.302315997532875641e-04 2.927887090068142942e-04 2.693392941970781614e-04 2.533961135959840439e-04 2.437286392388457977e-04 2.363524326946448199e-04 2.311785259632120719e-04 2.277003716653140631e-04 2.253186268883993859e-04 2.236392020522613743e-04 2.224701728477073955e-04 
2.228027518276436787e-04 2.241773497117718753e-04 2.261845292267723924e-04 2.290722112571740585e-04 2.333583488015304622e-04 2.398391060273611991e-04 2.492634765094247479e-04 2.618750957435076409e-04 2.829872675725191608e-04 3.147435989582913086e-04 3.664461332515324020e-04 4.291042122560236602e-04 4.382099299339175277e-04 7.213222619436634184e-04 9.738908772584300034e-04 1.021216331757637341e-03 1.945697565037743295e-03 2.159783242529903467e-03 3.877710541273224950e-03 4.561511422139197594e-03 8.126507512999684227e-03 1.100647545304563046e-02 1.514905774470928605e-02 2.833249524157797905e-02 3.574831539200638841e-02 3.659684828527090539e-02 6.921891914060757101e-02 1.545269651886584383e-01 2.482643095347467910e-01 2.772744788405502869e-01 2.202267543172998499e-01 1.551899377576798078e-01 2.417710032106711315e-01 6.555881641820128225e-01 1.525155144763566284e+00 2.915710101562607903e+00 4.841531776899092421e+00 7.271502149764503820e+00 1.013188855897882235e+01 1.332288437884729149e+01 1.674465458430585940e+01 2.031661112013167170e+01 2.398159554117532721e+01 2.769874492726972548e+01 3.143343664121184489e+01 3.515034900088014069e+01 3.881137420833114504e+01 4.237720861670351269e+01 4.581054699814070830e+01 4.907918512875259154e+01 5.078436615681732746e+01 5.427376238674005293e+01 5.784207591251227143e+01 6.145015456816506116e+01 6.505066725114073733e+01 6.858887890310504076e+01 7.200393879331478786e+01 7.523064962283437751e+01 7.820164744254894629e+01 8.084988814585847194e+01 8.311130847660022880e+01 8.492751065969675039e+01 8.624831194641839716e+01 8.703400430743246829e+01 8.725718530731992928e+01 8.690404755939532322e+01 8.597504904525008840e+01 8.448492711985056758e+01 8.246206188755387245e+01 7.994723634065991291e+01 7.852105066219826313e+01 7.541612484280121009e+01 7.161680102915866541e+01 6.707439323871284387e+01 6.177604176020778937e+01 5.576101148601760116e+01 4.913566891213162791e+01 4.208228468173059156e+01 3.485564701046968850e+01 2.776246699833111364e+01 2.112316139380815727e+01 1.522361498621044973e+01 1.027207975647179339e+01 6.376220506482373374e+00 3.543218910024415358e+00 1.690588040161321803e+00 6.564221390055997585e-01 2.175051803144247842e-01 1.292938896287210149e-01 1.767392350346341234e-01 2.135931738133661217e-01 1.833705931625191632e-01 1.098538846235344313e-01 4.760765744807449878e-02 2.404025333534727873e-02 2.277295916494967085e-02 1.810057886339539596e-02 9.737154338660505490e-03 7.014049705311629912e-03 5.269587449114644835e-03 3.025223185146331054e-03 2.611421978654268790e-03 1.516914738373481781e-03 1.391807859049502653e-03 7.752760288593141171e-04 7.562406006295125261e-04 5.796800065554413633e-04 3.820654378692288399e-04 3.779670556454492892e-04 3.324589772101381609e-04 2.941598849880564708e-04 2.702038314491303039e-04 2.539372099202772651e-04 2.440845656714851200e-04 2.365797627253409473e-04 2.313216128776996708e-04 2.277912019081352864e-04 2.253773473180511848e-04 2.236820291127245778e-04 2.225061730952517555e-04 
2.227917474713782655e-04 2.241376774934100181e-04 2.261178305277293705e-04 2.289676226696976821e-04 2.331911007860573942e-04 2.395705086341238447e-04 2.488325899182790941e-04 2.612125603625358654e-04 2.819181113085276417e-04 3.130093410985178098e-04 3.635620386934799520e-04 4.247904385572017069e-04 4.333440810211569095e-04 7.084914874098767858e-04 9.552471960980019831e-04 9.987129787458969531e-04 1.896077687364682669e-03 2.101230857893187417e-03 3.761525443036778209e-03 4.418676659414777844e-03 7.864568434180709347e-03 1.062346531242432460e-02 1.465330419794838579e-02 2.738392599424510285e-02 3.446240283822927380e-02 3.541583923559529085e-02 6.756513065384892047e-02 1.510191310040416846e-01 2.425427238911510852e-01 2.706369710764398584e-01 2.145279330618776459e-01 1.524017168268112232e-01 2.456301659691673689e-01 6.750275767966926743e-01 1.580973411328031375e+00 3.046686747035050935e+00 5.102601395104485071e+00 7.725021409978992892e+00 1.083988860794971743e+01 1.434445147659245556e+01 1.813605023597354560e+01 2.213018979910151529e+01 2.626219607228588870e+01 3.047893610497847661e+01 3.472975203013465517e+01 3.896185711649917494e+01 4.312075159842532912e+01 4.715366733595232063e+01 5.101368711180050752e+01 5.466294614931633333e+01 5.655553299227578634e+01 6.040216228640041862e+01 6.429593434263844642e+01 6.818771212008117288e+01 7.202061456609877155e+01 7.573126385692761176e+01 7.925153217962623842e+01 8.251072486736292433e+01 8.543810073355984969e+01 8.796560027270363946e+01 9.003063064420577177e+01 9.157874540669865837e+01 9.256605793879239741e+01 9.296124065258432267e+01 9.274698657175439109e+01 9.192084373709248268e+01 9.049537347926579400e+01 8.849762756187148227e+01 8.596798297246924392e+01 8.295841322731430978e+01 8.129253969350216380e+01 7.773558575205956345e+01 7.347779776201389268e+01 6.848582559658825630e+01 6.276533059850652307e+01 5.637574087822989810e+01 4.944249635036525348e+01 4.216205906855162766e+01 3.479440419116717464e+01 2.763944354339867004e+01 2.099887914237831055e+01 1.513241507728250568e+01 1.022268401567122886e+01 6.360167348644893970e+00 3.546190617963792313e+00 1.700203630061628335e+00 6.645201133599744070e-01 2.202790266585643308e-01 1.274389686857612669e-01 1.736733657604859205e-01 2.120322544603912007e-01 1.837127033107425200e-01 1.109509950629293112e-01 4.837576096798865827e-02 2.442787450705678765e-02 2.319102494356348881e-02 1.851782915176322653e-02 9.983177318011491469e-03 7.196498229806494971e-03 5.415379851540980637e-03 3.105846053342570592e-03 2.681109687646691855e-03 1.553630931233252258e-03 1.424690966348491836e-03 7.898297473871541486e-04 7.702259872332129637e-04 5.883758317241217888e-04 3.857176376967628474e-04 3.814102649087060780e-04 3.347501580351247325e-04 2.955656753129886011e-04 2.710875893234650160e-04 2.544893223757177503e-04 2.444471095412484806e-04 2.368107451731640096e-04 2.314667948761411139e-04 2.278832143660684481e-04 2.254367595343132391e-04 2.237291809171774103e-04 2.225493670686293712e-04 
2.227884073235666625e-04 2.241040182621358435e-04 2.260520407877947692e-04 2.288639568596985657e-04 2.330254548392574163e-04 2.393045629105864953e-04 2.484065310925990503e-04 2.605575114681206428e-04 2.808607884686183218e-04 3.112954096640830996e-04 3.607131391547066654e-04 4.205198606308753256e-04 4.285478513598812360e-04 6.959339080419635944e-04 9.367595162918504253e-04 9.766626578459984814e-04 1.847108526516903944e-03 2.043506185170377784e-03 3.646741553529392679e-03 4.277472350129712594e-03 7.603443782244792906e-03 1.024357195235233928e-02 1.415298112459923915e-02 2.642093063903455316e-02 3.316665609047397129e-02 3.420026147385451382e-02 6.573239982752356048e-02 1.470668293068597143e-01 2.361474371766330294e-01 2.633377662650435158e-01 2.084218536824896384e-01 1.492242246896074431e-01 2.477985677962535604e-01 6.893054582349639192e-01 1.626026123387237732e+00 3.159317195151094992e+00 5.335735832204531626e+00 8.139929483006806521e+00 1.150013539375532190e+01 1.531397073326990288e+01 1.947807492135377672e+01 2.390379276359226779e+01 2.851643996972386574e+01 3.324692194064839157e+01 3.802486654253166165e+01 4.277721652477585224e+01 4.743151041478319740e+01 5.192113921772003238e+01 5.619012156948233638e+01 6.019606549435582110e+01 6.226087289786207180e+01 6.642802304708963845e+01 7.060208628912607765e+01 7.472429775863615475e+01 7.872900608183032034e+01 8.254538637971818105e+01 8.609961263744125404e+01 8.931739640238531308e+01 9.212676635350671006e+01 9.446093889334419202e+01 9.626111583927296067e+01 9.747904314394378389e+01 9.807917488815228069e+01 9.804030898446113440e+01 9.735659347170764022e+01 9.603784241896059370e+01 9.410914504675544379e+01 9.160979710505448281e+01 8.859162617569546683e+01 8.511681905023554862e+01 8.322982408202170745e+01 7.926392668271432740e+01 7.460325357416003555e+01 6.922998386206128885e+01 6.316734794308295875e+01 5.649249206321881900e+01 4.934581030009243108e+01 4.193233002852237945e+01 3.451076764008360698e+01 2.736821744788186450e+01 2.078363258672491654e+01 1.498973054375010250e+01 1.014608156170869258e+01 6.330542945433914603e+00 3.542967081297764498e+00 1.707515733899842347e+00 6.721580965035797162e-01 2.234547195533828912e-01 1.266363619879908864e-01 1.721532896273202384e-01 2.120706931149735908e-01 1.852563598376013032e-01 1.126885445994871560e-01 4.939830004650221096e-02 2.495802943386800712e-02 2.374313672001352252e-02 1.902311607319675732e-02 1.026938595325962642e-02 7.406254746490827622e-03 5.577753906462095887e-03 3.194508413241243724e-03 2.756651636752855024e-03 1.592984780901640640e-03 1.459577002394972121e-03 8.052259292193391857e-04 7.847940250986131915e-04 5.974773732595945776e-04 3.894990908049766757e-04 3.849517150980664494e-04 3.371032746114502798e-04 2.970051223887942285e-04 2.719900605849229322e-04 2.550522025552975371e-04 2.448161435378594093e-04 2.370453079049226325e-04 2.316140358793436266e-04 2.279763894230265003e-04 2.254966358599544223e-04 2.237788185795346388e-04 2.225967872493073640e-04 
2.227891936169991535e-04 2.240749535072436441e-04 2.259873119677269638e-04 2.287612386631579628e-04 2.328614569999027154e-04 2.390413633295286849e-04 2.479854708484722906e-04 2.599102874267840034e-04 2.798160186350283677e-04 3.096032199454658491e-04 3.579023165186886492e-04 4.162984346932933010e-04 4.238275158525891531e-04 6.836644809930394031e-04 9.184763317304018215e-04 9.551085053964874410e-04 1.798948340400229138e-03 1.986817428654321770e-03 3.533889186691011302e-03 4.138651676551021938e-03 7.345034422940952511e-03 9.869713883906930732e-03 1.365345792563987803e-02 2.545603053337835639e-02 3.187858291186264348e-02 3.297057686017600131e-02 6.377068363178758914e-02 1.427999732837380575e-01 2.293065521982517174e-01 2.556494242260744509e-01 2.021363972083799476e-01 1.457796162417564767e-01 2.483594724223193995e-01 6.986642954953792284e-01 1.660700461964680130e+00 3.253580336841426668e+00 5.539586892470234503e+00 8.512662940479978957e+00 1.210604044779273103e+01 1.622071946578233792e+01 2.075405227613967440e+01 2.561217911092200339e+01 3.070742391954818729e+01 3.595106034631523073e+01 4.124983078032676076e+01 4.650842932784037487e+01 5.163580528608758868e+01 5.655202042239648108e+01 6.119330603983569006e+01 6.551440345044535718e+01 6.772733511736554135e+01 7.216082018528331332e+01 7.655344366335147299e+01 8.083771462463363378e+01 8.494052303390007808e+01 8.878528444221568350e+01 9.229447831141953884e+01 9.539245967973960205e+01 9.800839697044000332e+01 1.000791716687181747e+02 1.015520702577326801e+02 1.023871060473670980e+02 1.025588281090812757e+02 1.020575050839494935e+02 1.008896108209811899e+02 9.907758351081294279e+01 9.665887659365105833e+01 9.368436450790420622e+01 9.021620574909893264e+01 8.632529673830286754e+01 8.424516850858664441e+01 7.993097422463510782e+01 7.494044712825088084e+01 6.927077237642339469e+01 6.296097562893783106e+01 5.610264339868334105e+01 4.884630897074740830e+01 4.139956559574490313e+01 3.401354653993668364e+01 2.695720080034826438e+01 2.048384106126036031e+01 1.479964449774036872e+01 1.004457870783720530e+01 6.288682337636553932e+00 3.534412445796942137e+00 1.713030683715377700e+00 6.795080624340127384e-01 2.270087901158685528e-01 1.268194474634894986e-01 1.721200591041660011e-01 2.136593140978337579e-01 1.879649542343791446e-01 1.150432561095988959e-01 5.066268206106057381e-02 2.562301694211960648e-02 2.442267611694073567e-02 1.961187399334700029e-02 1.059360855733394377e-02 7.642011836455795890e-03 5.755862297255990266e-03 3.290832904127554120e-03 2.837784391782890731e-03 1.634861957412234819e-03 1.496381291477976924e-03 8.214373767286525622e-04 7.999166792049231152e-04 6.069752556982087495e-04 3.934053645873759062e-04 3.885874368644236221e-04 3.395163634686848304e-04 2.984772252785694623e-04 2.729107177445286476e-04 2.556255935528683066e-04 2.451915363805121269e-04 2.372833767191282752e-04 2.317632988933081989e-04 2.280707074023027273e-04 2.255567851922993293e-04 2.238286649779845682e-04 2.226447791255333278e-04 
2.227900336060280621e-04 2.240483105836696160e-04 2.259236843480335352e-04 2.286594925230052704e-04 2.326991524201119891e-04 2.387810023971095863e-04 2.475695761158954421e-04 2.592712189272540838e-04 2.787845035382771749e-04 3.079341485318241520e-04 3.551323670529838469e-04 4.121319471666591659e-04 4.191892123403382253e-04 6.716975384295835417e-04 9.004444658895638257e-04 9.340922666039581761e-04 1.751749167086125245e-03 1.931365890543878649e-03 3.423478118541724811e-03 4.002943319839660091e-03 7.091179841081069780e-03 9.504713764873169712e-03 1.316000119187635785e-02 2.450151008045963266e-02 3.061533952413896670e-02 3.174739577334018820e-02 6.173191500280460209e-02 1.383534582498315846e-01 2.222560889618854507e-01 2.478535557849350923e-01 1.959060594240150111e-01 1.422069053627869895e-01 2.474816469175750988e-01 7.035847666199834816e-01 1.685872129861986979e+00 3.330362798628561549e+00 5.714375877930243597e+00 8.842051376396108608e+00 1.265411223363459214e+01 1.705730864447439643e+01 2.195018336712212204e+01 2.723183312742756002e+01 3.279831934918856007e+01 3.853793894885684779e+01 4.433219233473678145e+01 5.006261422978114695e+01 5.562002400575319427e+01 6.091260621071979386e+01 6.587079136278060787e+01 7.044857618161256596e+01 7.277714997448477163e+01 7.740675997307175749e+01 8.194163391918449690e+01 8.630698099285689295e+01 9.042402823414326463e+01 9.421253627404144027e+01 9.759361983488383885e+01 1.004927299523055524e+02 1.028426349331883216e+02 1.045862285277845984e+02 1.056789978165187023e+02 1.060909999613107573e+02 1.058082252121636202e+02 1.048332612937463040e+02 1.031852185739148098e+02 1.008989226918279485e+02 9.802342780567647651e+01 9.461994560380404096e+01 9.075931946326433319e+01 8.651919711711087757e+01 8.428222119437180027e+01 7.969542087763771576e+01 7.446240260329406624e+01 6.859415346816528825e+01 6.214300702832134249e+01 5.521107482521910725e+01 4.795380186202793027e+01 4.057532096084960926e+01 3.331333148676608147e+01 2.641426981732896451e+01 2.010415251538123371e+01 1.456417680082171984e+01 9.918736910000006901e+00 6.234713852972069148e+00 3.520664254093088363e+00 1.716861644796454645e+00 6.865625502231267330e-01 2.308584707546880721e-01 1.278983452790890263e-01 1.734811048065462713e-01 2.167055380512116491e-01 1.917651484079909152e-01 1.179710823757405408e-01 5.214880906675856825e-02 2.641290413793348849e-02 2.522145006896782046e-02 2.027837627292447542e-02 1.095321416829883772e-02 7.902261998534757317e-03 5.948724761281158624e-03 3.394396764105109092e-03 2.924214310229239500e-03 1.679137286155584505e-03 1.535011159599403326e-03 8.384352168748908807e-04 8.155636140361889174e-04 6.168596196403017262e-04 3.974318085251653948e-04 3.923132413357476467e-04 3.419873654829753496e-04 2.999809398382203077e-04 2.738490131549495689e-04 2.562092299930345722e-04 2.455731528109552026e-04 2.375248753484164165e-04 2.319145460093789072e-04 2.281661485784077393e-04 2.256170931276564433e-04 2.238764225053378135e-04 2.226895584566592888e-04 
2.227869541545619381e-04 2.240215785541267008e-04 2.258610834843922759e-04 2.285587422700512941e-04 2.325385853596208707e-04 2.385235706347726763e-04 2.471590099136578358e-04 2.586406288434064146e-04 2.777669266603592689e-04 3.062895324763270904e-04 3.524059994470106916e-04 4.080260063955031859e-04 4.146389282421832556e-04 6.600467998132439167e-04 8.827089595613062329e-04 9.136542230811746986e-04 1.705656448271525207e-03 1.877345185890200250e-03 3.315995568822341193e-03 3.871047373350725625e-03 6.843644570183377365e-03 9.151277780076285881e-03 1.267771049045725296e-02 2.356925183105640018e-02 2.939351112920382536e-02 3.055108480090928252e-02 5.966847296475594892e-02 1.338629033475918217e-01 2.152325876179010666e-01 2.402323229523764259e-01 1.899656726776892679e-01 1.386581780404373687e-01 2.454026220931251612e-01 7.047258996878857928e-01 1.702786521146746557e+00 3.391293168874827124e+00 5.861695298930280629e+00 9.129081172866776228e+00 1.314367847715509896e+01 1.781941377366617729e+01 2.305542747509502277e+01 2.874122542359634380e+01 3.475329552978879377e+01 4.095424108202589508e+01 4.719903987763413511e+01 5.334639103877562150e+01 5.927059361459418341e+01 6.487032494993741238e+01 7.007283151253604103e+01 7.483384080402851168e+01 7.723836011575576777e+01 8.198057503668245261e+01 8.656998892193564643e+01 9.092640074891853885e+01 9.496756786962377817e+01 9.861200837539861652e+01 1.017820004950410464e+02 1.044066190505714502e+02 1.064246373215414962e+02 1.077871233673209019e+02 1.084595733295330291e+02 1.084234497697890021e+02 1.076770288766389996e+02 1.062355036623932278e+02 1.041303376402214838e+02 1.014079111249743193e+02 9.812754643549251909e+01 9.435903543061938592e+01 9.017982018526814159e+01 8.567199331127103790e+01 8.332103284136725563e+01 7.854874982730302690e+01 7.317075111897179340e+01 6.721002455166883749e+01 6.072917110842648469e+01 5.383651905054885134e+01 4.668710306086395434e+01 3.947589746170953617e+01 3.242211561922566432e+01 2.574648103457832349e+01 1.964730183446638989e+01 1.428325236870702319e+01 9.767379101764701588e+00 6.167545915608084073e+00 3.501091163944425766e+00 1.718683895824670183e+00 6.931104826765751570e-01 2.348561901985206646e-01 1.297608766997222496e-01 1.761120839535445515e-01 2.210752338700362196e-01 1.965481745185910512e-01 1.214079073854913010e-01 5.382935970324016772e-02 2.731561619127657534e-02 2.612974600045856258e-02 2.101577388603192986e-02 1.134512609808115309e-02 8.185301008288932770e-03 6.155230872192634338e-03 3.504732451716918197e-03 3.015617819510197067e-03 1.725674854906491694e-03 1.575365980399098939e-03 8.561888932765595152e-04 8.317022255152967851e-04 6.271201045283560224e-04 4.015735585994123979e-04 3.961247230421544464e-04 3.445141262333225977e-04 3.015151789103032685e-04 2.748043791351936923e-04 2.568028380718917090e-04 2.459608535897651513e-04 2.377697254635743114e-04 2.320677384048391715e-04 2.282626930897129185e-04 2.256775465712696632e-04 2.239202037131740261e-04 2.227277998670014740e-04 
2.227766888849691117e-04 2.239923775257130357e-04 2.257993414225626099e-04 2.284590109550886183e-04 2.323797991807724278e-04 2.382691565609587419e-04 2.467539313280287493e-04 2.580188321094121313e-04 2.767639528752981084e-04 3.046706685506762944e-04 3.497258330817650885e-04 4.039860350838151435e-04 4.101824882139167060e-04 6.487253854829958455e-04 8.653129700171331576e-04 8.938331306654746615e-04 1.660808703223484815e-03 1.824940543490371570e-03 3.211904446229464638e-03 3.743631685730775416e-03 6.604106046822078545e-03 8.811977313319037733e-03 1.221145929453770068e-02 2.267058499224506793e-02 2.822891164265718331e-02 2.940138847090284849e-02 5.763166941343621230e-02 1.294604679159097327e-01 2.084658707553541657e-01 2.330601260485322679e-01 1.845443128577164416e-01 1.352935321130951385e-01 2.424055046625575027e-01 7.028494232650042139e-01 1.712906126721752020e+00 3.438503425059487917e+00 5.984169254782286451e+00 9.376431226005712105e+00 1.357630566986663645e+01 1.850517209753405723e+01 2.406107904536061071e+01 3.012085607696436895e+01 3.653834539521573532e+01 4.314864236679801479e+01 4.978018752092173571e+01 5.627047907351222733e+01 6.248002906337322315e+01 6.830119716671731567e+01 7.366115711639800168e+01 7.852005191524672512e+01 8.095536029792684474e+01 8.571717198965622231e+01 9.026618981190411262e+01 9.451905804111034115e+01 9.839253555714975619e+01 1.018064815920643866e+02 1.046869173491672740e+02 1.069689936043010334e+02 1.085996917555568473e+02 1.095400959047065470e+02 1.097670960381754668e+02 1.092744157356185326e+02 1.080728995787922884e+02 1.061900423026069120e+02 1.036687899835501838e+02 1.005656893413912343e+02 9.694850091149260152e+01 9.289342237699835891e+01 8.848208752994415249e+01 8.379851298675913540e+01 8.138081441939755223e+01 7.651715488807880661e+01 7.109688672402894838e+01 6.515272583059005740e+01 5.875414722787583344e+01 5.201126829786858963e+01 4.507362404340977946e+01 3.812199525485961260e+01 3.135312714345525009e+01 2.496012320633391468e+01 1.911433585097887544e+01 1.395499383236554003e+01 9.587839361905615476e+00 6.085013137356287238e+00 3.474344807610964203e+00 1.717741343348601513e+00 6.987370826865647588e-01 2.387921824797769876e-01 1.322751282518260518e-01 1.798595385606758801e-01 2.265957549697259765e-01 2.021722188327973180e-01 1.252708941137495591e-01 5.567030738904837212e-02 2.831707520443570505e-02 2.713640456275739563e-02 2.181614908330353417e-02 1.176584179270642912e-02 8.489232976345559289e-03 6.374143927707599626e-03 3.621328650606879616e-03 3.111641850359559303e-03 1.774328195223467963e-03 1.617337251256476070e-03 8.746661676280969135e-04 8.482976813324245337e-04 6.377458313528547220e-04 4.058255428687458990e-04 4.000172634432099168e-04 3.470943965234753441e-04 3.030788125879614646e-04 2.757762281257459245e-04 2.574061356089113700e-04 2.463544954956027795e-04 2.380178466791823394e-04 2.322228363441446283e-04 2.283603207721949006e-04 2.257382370525603469e-04 2.239588941205675828e-04 2.227571653525713927e-04 
2.227571653525713927e-04 2.239588941205675828e-04 2.257382370525603469e-04 2.283603207721949006e-04 2.322228363441446283e-04 2.380178466791823394e-04 2.463544954956027795e-04 2.574061356089113700e-04 2.757762281257459787e-04 3.030788125879614104e-04 3.470943965234753441e-04 4.000172634432099168e-04 4.058255428687458990e-04 6.377458313528547220e-04 8.482976813324245337e-04 8.746661676280966967e-04 1.617337251256475202e-03 1.774328195223467746e-03 3.111641850359559303e-03 3.621328650606877881e-03 6.374143927707599626e-03 8.489232976345559289e-03 1.176584179270642912e-02 2.181614908330354458e-02 2.713640456275739216e-02 2.831707520443570505e-02 5.567030738904838599e-02 1.252708941137495591e-01 2.021722188327972902e-01 2.265957549697259765e-01 1.798595385606758801e-01 1.322751282518260518e-01 2.387921824797769876e-01 6.987370826865649809e-01 1.717741343348601513e+00 3.474344807610963759e+00 6.085013137356286350e+00 9.587839361905617253e+00 1.395499383236554003e+01 1.911433585097888255e+01 2.496012320633391468e+01 3.135312714345525009e+01 3.812199525485961971e+01 4.507362404340977946e+01 5.201126829786859673e+01 5.875414722787583344e+01 6.515272583059005740e+01 7.109688672402893417e+01 7.651715488807884924e+01 8.138081441939753802e+01 8.379851298675916382e+01 8.848208752994415249e+01 9.289342237699838734e+01 9.694850091149262994e+01 1.005656893413912485e+02 1.036687899835501838e+02 1.061900423026068694e+02 1.080728995787923026e+02 1.092744157356185326e+02 1.097670960381754526e+02 1.095400959047065470e+02 1.085996917555568473e+02 1.069689936043010476e+02 1.046869173491672598e+02 1.018064815920643866e+02 9.839253555714972777e+01 9.451905804111032694e+01 9.026618981190411262e+01 8.571717198965619389e+01 8.095536029792684474e+01 7.852005191524672512e+01 7.366115711639800168e+01 6.830119716671732988e+01 6.248002906337322315e+01 5.627047907351221312e+01 4.978018752092171439e+01 4.314864236679801479e+01 3.653834539521573532e+01 3.012085607696436895e+01 2.406107904536060360e+01 1.850517209753405723e+01 1.357630566986663645e+01 9.376431226005712105e+00 5.984169254782286451e+00 3.438503425059487917e+00 1.712906126721752020e+00 7.028494232650041029e-01 2.424055046625574472e-01 1.352935321130951107e-01 1.845443128577164971e-01 2.330601260485322401e-01 2.084658707553542212e-01 1.294604679159097327e-01 5.763166941343622618e-02 2.940138847090284849e-02 2.822891164265718331e-02 2.267058499224507140e-02 1.221145929453770068e-02 8.811977313319037733e-03 6.604106046822078545e-03 3.743631685730774983e-03 3.211904446229465939e-03 1.824940543490371570e-03 1.660808703223484815e-03 8.938331306654746615e-04 8.653129700171332660e-04 6.487253854829958455e-04 4.101824882139167060e-04 4.039860350838151435e-04 3.497258330817650885e-04 3.046706685506762944e-04 2.767639528752981084e-04 2.580188321094121313e-04 2.467539313280287493e-04 2.382691565609587419e-04 2.323797991807724278e-04 2.284590109550886183e-04 2.257993414225626099e-04 2.239923775257130357e-04 2.227766888849691117e-04 
2.227277998670014740e-04 2.239202037131740261e-04 2.256775465712696632e-04 2.282626930897129185e-04 2.320677384048391715e-04 2.377697254635743114e-04 2.459608535897651513e-04 2.568028380718917090e-04 2.748043791351936923e-04 3.015151789103032685e-04 3.445141262333225977e-04 3.961247230421544464e-04 4.015735585994123979e-04 6.271201045283560224e-04 8.317022255152967851e-04 8.561888932765595152e-04 1.575365980399098939e-03 1.725674854906491694e-03 3.015617819510197067e-03 3.504732451716918197e-03 6.155230872192634338e-03 8.185301008288932770e-03 1.134512609808115309e-02 2.101577388603192986e-02 2.612974600045856258e-02 2.731561619127657534e-02 5.382935970324016772e-02 1.214079073854913010e-01 1.965481745185910512e-01 2.210752338700362196e-01 1.761120839535445515e-01 1.297608766997222496e-01 2.348561901985206646e-01 6.931104826765751570e-01 1.718683895824670183e+00 3.501091163944425766e+00 6.167545915608084073e+00 9.767379101764701588e+00 1.428325236870702319e+01 1.964730183446638989e+01 2.574648103457832349e+01 3.242211561922566432e+01 3.947589746170953617e+01 4.668710306086395434e+01 5.383651905054885134e+01 6.072917110842648469e+01 6.721002455166883749e+01 7.317075111897179340e+01 7.854874982730302690e+01 8.332103284136725563e+01 8.567199331127103790e+01 9.017982018526814159e+01 9.435903543061941434e+01 9.812754643549251909e+01 1.014079111249743193e+02 1.041303376402214838e+02 1.062355036623932278e+02 1.076770288766389996e+02 1.084234497697890021e+02 1.084595733295330291e+02 1.077871233673209019e+02 1.064246373215414962e+02 1.044066190505714502e+02 1.017820004950410464e+02 9.861200837539861652e+01 9.496756786962377817e+01 9.092640074891853885e+01 8.656998892193564643e+01 8.198057503668245261e+01 7.723836011575576777e+01 7.483384080402851168e+01 7.007283151253604103e+01 6.487032494993741238e+01 5.927059361459418341e+01 5.334639103877562150e+01 4.719903987763413511e+01 4.095424108202589508e+01 3.475329552978879377e+01 2.874122542359634380e+01 2.305542747509502277e+01 1.781941377366617729e+01 1.314367847715509896e+01 9.129081172866776228e+00 5.861695298930280629e+00 3.391293168874827124e+00 1.702786521146746557e+00 7.047258996878857928e-01 2.454026220931251612e-01 1.386581780404373687e-01 1.899656726776892679e-01 2.402323229523764259e-01 2.152325876179010666e-01 1.338629033475918217e-01 5.966847296475594892e-02 3.055108480090928252e-02 2.939351112920382536e-02 2.356925183105640018e-02 1.267771049045725296e-02 9.151277780076285881e-03 6.843644570183377365e-03 3.871047373350725625e-03 3.315995568822341193e-03 1.877345185890200250e-03 1.705656448271525207e-03 9.136542230811746986e-04 8.827089595613062329e-04 6.600467998132439167e-04 4.146389282421832556e-04 4.080260063955031859e-04 3.524059994470106916e-04 3.062895324763270904e-04 2.777669266603592689e-04 2.586406288434064146e-04 2.471590099136578358e-04 2.385235706347726763e-04 2.325385853596208707e-04 2.285587422700512941e-04 2.258610834843922759e-04 2.240215785541267008e-04 2.227869541545619381e-04 
2.226895584566592888e-04 2.238764225053378406e-04 2.256170931276564433e-04 2.281661485784077393e-04 2.319145460093789072e-04 2.375248753484164165e-04 2.455731528109552026e-04 2.562092299930345722e-04 2.738490131549495689e-04 2.999809398382203077e-04 3.419873654829753496e-04 3.923132413357475925e-04 3.974318085251653948e-04 6.168596196403017262e-04 8.155636140361889174e-04 8.384352168748907723e-04 1.535011159599402892e-03 1.679137286155584505e-03 2.924214310229238632e-03 3.394396764105108225e-03 5.948724761281158624e-03 7.902261998534757317e-03 1.095321416829883772e-02 2.027837627292447542e-02 2.522145006896782046e-02 2.641290413793348155e-02 5.214880906675856825e-02 1.179710823757405269e-01 1.917651484079909152e-01 2.167055380512115936e-01 1.734811048065462713e-01 1.278983452790890540e-01 2.308584707546880721e-01 6.865625502231267330e-01 1.716861644796454422e+00 3.520664254093088363e+00 6.234713852972069148e+00 9.918736910000006901e+00 1.456417680082171806e+01 2.010415251538123371e+01 2.641426981732896451e+01 3.331333148676608147e+01 4.057532096084960926e+01 4.795380186202793027e+01 5.521107482521910725e+01 6.214300702832134249e+01 6.859415346816528825e+01 7.446240260329406624e+01 7.969542087763772997e+01 8.428222119437180027e+01 8.651919711711087757e+01 9.075931946326434741e+01 9.461994560380404096e+01 9.802342780567647651e+01 1.008989226918279485e+02 1.031852185739147814e+02 1.048332612937463040e+02 1.058082252121636202e+02 1.060909999613107573e+02 1.056789978165187023e+02 1.045862285277845842e+02 1.028426349331883216e+02 1.004927299523055240e+02 9.759361983488385306e+01 9.421253627404144027e+01 9.042402823414326463e+01 8.630698099285687874e+01 8.194163391918446848e+01 7.740675997307174327e+01 7.277714997448474321e+01 7.044857618161256596e+01 6.587079136278060787e+01 6.091260621071979386e+01 5.562002400575318717e+01 5.006261422978113274e+01 4.433219233473678145e+01 3.853793894885684779e+01 3.279831934918856007e+01 2.723183312742756002e+01 2.195018336712212204e+01 1.705730864447439643e+01 1.265411223363459214e+01 8.842051376396106832e+00 5.714375877930243597e+00 3.330362798628562881e+00 1.685872129861986313e+00 7.035847666199834816e-01 2.474816469175750433e-01 1.422069053627869895e-01 1.959060594240150111e-01 2.478535557849350923e-01 2.222560889618854507e-01 1.383534582498316123e-01 6.173191500280462291e-02 3.174739577334018820e-02 3.061533952413896670e-02 2.450151008045962572e-02 1.316000119187635785e-02 9.504713764873169712e-03 7.091179841081070648e-03 4.002943319839660091e-03 3.423478118541724811e-03 1.931365890543878649e-03 1.751749167086125245e-03 9.340922666039581761e-04 9.004444658895638257e-04 6.716975384295836501e-04 4.191892123403382253e-04 4.121319471666591659e-04 3.551323670529838469e-04 3.079341485318241520e-04 2.787845035382771749e-04 2.592712189272540838e-04 2.475695761158954421e-04 2.387810023971095863e-04 2.326991524201119891e-04 2.286594925230052704e-04 2.259236843480335352e-04 2.240483105836696160e-04 2.227900336060280621e-04 
2.226447791255333278e-04 2.238286649779845682e-04 2.255567851922993293e-04 2.280707074023027002e-04 2.317632988933081989e-04 2.372833767191282481e-04 2.451915363805121269e-04 2.556255935528683066e-04 2.729107177445286476e-04 2.984772252785694623e-04 3.395163634686848304e-04 3.885874368644236221e-04 3.934053645873759062e-04 6.069752556982087495e-04 7.999166792049231152e-04 8.214373767286525622e-04 1.496381291477976924e-03 1.634861957412234385e-03 2.837784391782890731e-03 3.290832904127555421e-03 5.755862297255990266e-03 7.642011836455794155e-03 1.059360855733394377e-02 1.961187399334700376e-02 2.442267611694072874e-02 2.562301694211960648e-02 5.066268206106056687e-02 1.150432561095988959e-01 1.879649542343791446e-01 2.136593140978337024e-01 1.721200591041660011e-01 1.268194474634894986e-01 2.270087901158684973e-01 6.795080624340129605e-01 1.713030683715377700e+00 3.534412445796940805e+00 6.288682337636550379e+00 1.004457870783720530e+01 1.479964449774037050e+01 2.048384106126036386e+01 2.695720080034827859e+01 3.401354653993668364e+01 4.139956559574490313e+01 4.884630897074740830e+01 5.610264339868334105e+01 6.296097562893783106e+01 6.927077237642339469e+01 7.494044712825089505e+01 7.993097422463512203e+01 8.424516850858665862e+01 8.632529673830286754e+01 9.021620574909891843e+01 9.368436450790423464e+01 9.665887659365105833e+01 9.907758351081292858e+01 1.008896108209811899e+02 1.020575050839494793e+02 1.025588281090812757e+02 1.023871060473670980e+02 1.015520702577326517e+02 1.000791716687181605e+02 9.800839697043998910e+01 9.539245967973958784e+01 9.229447831141949621e+01 8.878528444221568350e+01 8.494052303390007808e+01 8.083771462463361956e+01 7.655344366335145878e+01 7.216082018528329911e+01 6.772733511736552714e+01 6.551440345044532876e+01 6.119330603983567585e+01 5.655202042239648108e+01 5.163580528608757447e+01 4.650842932784036066e+01 4.124983078032675365e+01 3.595106034631523784e+01 3.070742391954817663e+01 2.561217911092200694e+01 2.075405227613967440e+01 1.622071946578233792e+01 1.210604044779272748e+01 8.512662940479978957e+00 5.539586892470231838e+00 3.253580336841424447e+00 1.660700461964679020e+00 6.986642954953792284e-01 2.483594724223194272e-01 1.457796162417565045e-01 2.021363972083799754e-01 2.556494242260743954e-01 2.293065521982518007e-01 1.427999732837380575e-01 6.377068363178758914e-02 3.297057686017600825e-02 3.187858291186264348e-02 2.545603053337835639e-02 1.365345792563987803e-02 9.869713883906930732e-03 7.345034422940952511e-03 4.138651676551021938e-03 3.533889186691011302e-03 1.986817428654321770e-03 1.798948340400229138e-03 9.551085053964873325e-04 9.184763317304019299e-04 6.836644809930394031e-04 4.238275158525891531e-04 4.162984346932932468e-04 3.579023165186885408e-04 3.096032199454658491e-04 2.798160186350283677e-04 2.599102874267840034e-04 2.479854708484722906e-04 2.390413633295286849e-04 2.328614569999027154e-04 2.287612386631579628e-04 2.259873119677269638e-04 2.240749535072436441e-04 2.227891936169991535e-04 
2.225967872493073640e-04 2.237788185795346388e-04 2.254966358599544223e-04 2.279763894230265003e-04 2.316140358793436266e-04 2.370453079049226325e-04 2.448161435378594093e-04 2.550522025552975371e-04 2.719900605849228780e-04 2.970051223887942285e-04 3.371032746114502256e-04 3.849517150980664494e-04 3.894990908049766757e-04 5.974773732595945776e-04 7.847940250986134084e-04 8.052259292193391857e-04 1.459577002394972121e-03 1.592984780901640640e-03 2.756651636752855024e-03 3.194508413241243291e-03 5.577753906462095887e-03 7.406254746490825887e-03 1.026938595325962642e-02 1.902311607319676079e-02 2.374313672001352252e-02 2.495802943386800365e-02 4.939830004650221096e-02 1.126885445994871560e-01 1.852563598376012755e-01 2.120706931149736185e-01 1.721532896273202384e-01 1.266363619879908864e-01 2.234547195533829467e-01 6.721580965035798272e-01 1.707515733899842347e+00 3.542967081297763610e+00 6.330542945433914603e+00 1.014608156170869258e+01 1.498973054375010250e+01 2.078363258672491654e+01 2.736821744788186095e+01 3.451076764008360698e+01 4.193233002852237945e+01 4.934581030009242397e+01 5.649249206321882610e+01 6.316734794308295875e+01 6.922998386206128885e+01 7.460325357416003555e+01 7.926392668271429898e+01 8.322982408202170745e+01 8.511681905023552019e+01 8.859162617569549525e+01 9.160979710505448281e+01 9.410914504675541536e+01 9.603784241896059370e+01 9.735659347170766864e+01 9.804030898446112019e+01 9.807917488815228069e+01 9.747904314394378389e+01 9.626111583927296067e+01 9.446093889334414939e+01 9.212676635350671006e+01 8.931739640238531308e+01 8.609961263744121140e+01 8.254538637971816684e+01 7.872900608183032034e+01 7.472429775863615475e+01 7.060208628912606343e+01 6.642802304708961003e+01 6.226087289786206469e+01 6.019606549435582110e+01 5.619012156948233638e+01 5.192113921772002527e+01 4.743151041478318319e+01 4.277721652477585934e+01 3.802486654253166165e+01 3.324692194064839157e+01 2.851643996972386574e+01 2.390379276359226779e+01 1.947807492135377672e+01 1.531397073326990288e+01 1.150013539375532012e+01 8.139929483006806521e+00 5.335735832204531626e+00 3.159317195151093660e+00 1.626026123387237732e+00 6.893054582349639192e-01 2.477985677962535882e-01 1.492242246896074431e-01 2.084218536824896661e-01 2.633377662650435158e-01 2.361474371766330294e-01 1.470668293068597421e-01 6.573239982752356048e-02 3.420026147385451382e-02 3.316665609047397129e-02 2.642093063903454622e-02 1.415298112459923915e-02 1.024357195235233928e-02 7.603443782244792039e-03 4.277472350129713462e-03 3.646741553529392679e-03 2.043506185170377784e-03 1.847108526516903944e-03 9.766626578459984814e-04 9.367595162918503169e-04 6.959339080419635944e-04 4.285478513598812360e-04 4.205198606308753256e-04 3.607131391547066654e-04 3.112954096640830996e-04 2.808607884686183760e-04 2.605575114681206428e-04 2.484065310925990503e-04 2.393045629105864953e-04 2.330254548392574163e-04 2.288639568596985657e-04 2.260520407877947692e-04 2.241040182621358435e-04 2.227884073235666625e-04 
2.225493670686293712e-04 2.237291809171774103e-04 2.254367595343132391e-04 2.278832143660684481e-04 2.314667948761411139e-04 2.368107451731640096e-04 2.444471095412484806e-04 2.544893223757177503e-04 2.710875893234650160e-04 2.955656753129886011e-04 3.347501580351247325e-04 3.814102649087060780e-04 3.857176376967628474e-04 5.883758317241217888e-04 7.702259872332129637e-04 7.898297473871541486e-04 1.424690966348491836e-03 1.553630931233252258e-03 2.681109687646691855e-03 3.105846053342570592e-03 5.415379851540980637e-03 7.196498229806494971e-03 9.983177318011491469e-03 1.851782915176322653e-02 2.319102494356348881e-02 2.442787450705678765e-02 4.837576096798865827e-02 1.109509950629293112e-01 1.837127033107425200e-01 2.120322544603912007e-01 1.736733657604859205e-01 1.274389686857612669e-01 2.202790266585643308e-01 6.645201133599744070e-01 1.700203630061628335e+00 3.546190617963792313e+00 6.360167348644893970e+00 1.022268401567122886e+01 1.513241507728250568e+01 2.099887914237831055e+01 2.763944354339867004e+01 3.479440419116717464e+01 4.216205906855162766e+01 4.944249635036525348e+01 5.637574087822989810e+01 6.276533059850652307e+01 6.848582559658825630e+01 7.347779776201389268e+01 7.773558575205956345e+01 8.129253969350216380e+01 8.295841322731430978e+01 8.596798297246924392e+01 8.849762756187149648e+01 9.049537347926579400e+01 9.192084373709248268e+01 9.274698657175439109e+01 9.296124065258432267e+01 9.256605793879239741e+01 9.157874540669865837e+01 9.003063064420577177e+01 8.796560027270363946e+01 8.543810073355984969e+01 8.251072486736292433e+01 7.925153217962625263e+01 7.573126385692759754e+01 7.202061456609877155e+01 6.818771212008117288e+01 6.429593434263841800e+01 6.040216228640041152e+01 5.655553299227578634e+01 5.466294614931633333e+01 5.101368711180050752e+01 4.715366733595232063e+01 4.312075159842532912e+01 3.896185711649917494e+01 3.472975203013465517e+01 3.047893610497847661e+01 2.626219607228588870e+01 2.213018979910151529e+01 1.813605023597354560e+01 1.434445147659245556e+01 1.083988860794971743e+01 7.725021409978992892e+00 5.102601395104485071e+00 3.046686747035050935e+00 1.580973411328031375e+00 6.750275767966926743e-01 2.456301659691673689e-01 1.524017168268112232e-01 2.145279330618776459e-01 2.706369710764398584e-01 2.425427238911510852e-01 1.510191310040416846e-01 6.756513065384892047e-02 3.541583923559529085e-02 3.446240283822927380e-02 2.738392599424510285e-02 1.465330419794838579e-02 1.062346531242432460e-02 7.864568434180709347e-03 4.418676659414777844e-03 3.761525443036778209e-03 2.101230857893187417e-03 1.896077687364682669e-03 9.987129787458969531e-04 9.552471960980019831e-04 7.084914874098767858e-04 4.333440810211569095e-04 4.247904385572017069e-04 3.635620386934799520e-04 3.130093410985178098e-04 2.819181113085276417e-04 2.612125603625358654e-04 2.488325899182790941e-04 2.395705086341238447e-04 2.331911007860573942e-04 2.289676226696976821e-04 2.261178305277293705e-04 2.241376774934100181e-04 2.227917474713782655e-04 
2.225061730952517555e-04 2.236820291127245778e-04 2.253773473180511848e-04 2.277912019081352864e-04 2.313216128776996708e-04 2.365797627253409473e-04 2.440845656714851200e-04 2.539372099202772651e-04 2.702038314491303039e-04 2.941598849880564708e-04 3.324589772101381609e-04 3.779670556454492892e-04 3.820654378692288399e-04 5.796800065554414717e-04 7.562406006295125261e-04 7.752760288593141171e-04 1.391807859049502653e-03 1.516914738373481781e-03 2.611421978654268790e-03 3.025223185146331054e-03 5.269587449114644835e-03 7.014049705311629045e-03 9.737154338660505490e-03 1.810057886339539249e-02 2.277295916494966391e-02 2.404025333534727873e-02 4.760765744807448491e-02 1.098538846235344035e-01 1.833705931625191632e-01 2.135931738133661772e-01 1.767392350346341234e-01 1.292938896287210149e-01 2.175051803144247842e-01 6.564221390055997585e-01 1.690588040161321803e+00 3.543218910024415358e+00 6.376220506482372485e+00 1.027207975647179339e+01 1.522361498621044440e+01 2.112316139380815727e+01 2.776246699833111364e+01 3.485564701046968850e+01 4.208228468173059156e+01 4.913566891213162791e+01 5.576101148601759405e+01 6.177604176020776805e+01 6.707439323871285808e+01 7.161680102915866541e+01 7.541612484280121009e+01 7.852105066219823470e+01 7.994723634065991291e+01 8.246206188755390087e+01 8.448492711985056758e+01 8.597504904525008840e+01 8.690404755939532322e+01 8.725718530731992928e+01 8.703400430743243987e+01 8.624831194641839716e+01 8.492751065969675039e+01 8.311130847660022880e+01 8.084988814585845773e+01 7.820164744254894629e+01 7.523064962283434909e+01 7.200393879331474523e+01 6.858887890310504076e+01 6.505066725114073733e+01 6.145015456816504695e+01 5.784207591251224301e+01 5.427376238674004583e+01 5.078436615681732746e+01 4.907918512875259154e+01 4.581054699814070830e+01 4.237720861670350558e+01 3.881137420833113083e+01 3.515034900088013359e+01 3.143343664121184489e+01 2.769874492726972548e+01 2.398159554117532366e+01 2.031661112013167170e+01 1.674465458430585940e+01 1.332288437884729149e+01 1.013188855897882235e+01 7.271502149764501155e+00 4.841531776899091533e+00 2.915710101562607903e+00 1.525155144763565840e+00 6.555881641820128225e-01 2.417710032106711593e-01 1.551899377576798078e-01 2.202267543172998221e-01 2.772744788405502869e-01 2.482643095347467910e-01 1.545269651886584383e-01 6.921891914060757101e-02 3.659684828527090539e-02 3.574831539200638841e-02 2.833249524157797558e-02 1.514905774470928779e-02 1.100647545304562873e-02 8.126507512999684227e-03 4.561511422139198461e-03 3.877710541273224950e-03 2.159783242529903467e-03 1.945697565037743729e-03 1.021216331757637341e-03 9.738908772584300034e-04 7.213222619436634184e-04 4.382099299339175277e-04 4.291042122560236602e-04 3.664461332515324020e-04 3.147435989582913086e-04 2.829872675725191608e-04 2.618750957435076409e-04 2.492634765094247479e-04 2.398391060273611991e-04 2.333583488015304622e-04 2.290722112571740585e-04 2.261845292267723924e-04 2.241773497117718753e-04 2.228027518276436787e-04 
2.224701728477073955e-04 2.236392020522613743e-04 2.253186268883993859e-04 2.277003716653140631e-04 2.311785259632120719e-04 2.363524326946448199e-04 2.437286392388457706e-04 2.533961135959840439e-04 2.693392941970781614e-04 2.927887090068142942e-04 3.302315997532875099e-04 3.746258347912949133e-04 3.785467027617747757e-04 5.713988062462995203e-04 7.428635756333919378e-04 7.615903123445314556e-04 1.361004338191004791e-03 1.482939649080073502e-03 2.547821591151120269e-03 2.952971495578951121e-03 5.141089283767452840e-03 6.860014623586093568e-03 9.533021821335994905e-03 1.777474523671215487e-02 2.249394369805910246e-02 2.380059298859422620e-02 4.709902883311476579e-02 1.093996581607870472e-01 1.842296869783043300e-01 2.167585732066042714e-01 1.813752305584039604e-01 1.322450341805633811e-01 2.151096460960451873e-01 6.475566174744445958e-01 1.677857420177607528e+00 3.532588385578769419e+00 6.376325470628406045e+00 1.029044827295072473e+01 1.525753109310736200e+01 2.114878157250300816e+01 2.772893788849238561e+01 3.468803890719914307e+01 4.169195781224302522e+01 4.843358086535249640e+01 5.466952232411255608e+01 6.023664471907093798e+01 6.505085172668805171e+01 6.909452188650277549e+01 7.239911784056619126e+01 7.502776609275477426e+01 7.620558404810896036e+01 7.821630634590690079e+01 7.973435170948144446e+01 8.073054603582228594e+01 8.118847348754860604e+01 8.110520981240614447e+01 8.049143941341374386e+01 7.937094063369596597e+01 7.777946504659927029e+01 7.576307657217434155e+01 7.337605170647429986e+01 7.067846999624481441e+01 6.773364203226769575e+01 6.460552905692929926e+01 6.135630351559998985e+01 5.804418409892967645e+01 5.472165363284447182e+01 5.143413597149748284e+01 4.821917177174024260e+01 4.510609587706077406e+01 4.359471683659135266e+01 4.071362951320496393e+01 3.770685932077163471e+01 3.460036321080406907e+01 3.142197605938066829e+01 2.819868234098037263e+01 2.495450059997489234e+01 2.171063172849198963e+01 1.848952661340649684e+01 1.532321411723889426e+01 1.226321352213839155e+01 9.385755177156228868e+00 6.785306136969489366e+00 4.555478818069633284e+00 2.767391068547359279e+00 1.458744771369943960e+00 6.310201071495853409e-01 2.362315937839450097e-01 1.574859157769270823e-01 2.253033395610603840e-01 2.829951509642159579e-01 2.530992827456497452e-01 1.574695683673475177e-01 7.064727239456615460e-02 3.772337036982581493e-02 3.700677029109190191e-02 2.925405603560848541e-02 1.563483795853646760e-02 1.138961078634215078e-02 8.387313691141703303e-03 4.705203446513559450e-03 3.994748280798474105e-03 2.218949099779942563e-03 1.995804110352694324e-03 1.044128271951442555e-03 9.926405193741161259e-04 7.344106387027689612e-04 4.431390004604182165e-04 4.334550647308590358e-04 3.693624575310841779e-04 3.164967301794499306e-04 2.840675202610870218e-04 2.625447717171067478e-04 2.496990161930993609e-04 2.401102586714081897e-04 2.335271519665896777e-04 2.291776976094906325e-04 2.262519005373647165e-04 2.242234160638725208e-04 2.228238597686287730e-04 
2.224432057651154883e-04 2.236017722237348298e-04 2.252608157486889976e-04 2.276107430869506122e-04 2.310375692975498744e-04 2.361288251449908003e-04 2.433794535928937705e-04 2.528662732913727418e-04 2.684944644815559544e-04 2.914530615601252186e-04 3.280697973718626082e-04 3.713901261755395058e-04 3.751654205372965045e-04 5.635406888391696935e-04 7.301182809388450821e-04 7.487965022966288015e-04 1.332349046426764593e-03 1.451798250448484455e-03 2.490511222942135179e-03 2.889377036316402407e-03 5.030462309324829073e-03 6.735295818682135623e-03 9.372015616463048177e-03 1.754251108030927681e-02 2.235734358120351414e-02 2.371204866997188646e-02 4.684753813102644077e-02 1.095704827539631110e-01 1.862535237689634526e-01 2.214900787985661368e-01 1.875709768567194458e-01 1.363153919212569953e-01 2.130388728387721253e-01 6.375373674891221532e-01 1.661013403592656035e+00 3.512428991978858939e+00 6.357353903572168896e+00 1.027288714214028253e+01 1.522726256780702592e+01 2.106754666202671444e+01 2.753141446014592120e+01 3.428818146027084168e+01 4.099574852134360015e+01 4.735304427997555621e+01 5.313374630595718173e+01 5.819785478510447518e+01 6.248566298904182048e+01 6.600164775950383955e+01 6.879510002925495371e+01 7.094205203374332314e+01 7.187251117904774844e+01 7.338910616166064926e+01 7.442312182448924318e+01 7.495685994623126192e+01 7.498529209954632790e+01 7.451629557838167273e+01 7.357028607310427049e+01 7.217926201121713348e+01 7.038531458673928398e+01 6.823869305157538179e+01 6.579554387090334444e+01 6.311546243610261087e+01 6.025900554469996706e+01 5.728531111315002988e+01 5.424995889658124071e+01 5.120318364624495899e+01 4.818852226207456368e+01 4.524194183618944720e+01 4.239145912253226811e+01 3.965722701923627369e+01 3.833796788117720666e+01 3.583605383695567781e+01 3.324013346630230359e+01 3.056985117144554209e+01 2.784431134472165326e+01 2.507992231239088454e+01 2.228939723297902376e+01 1.948339053042228741e+01 1.667591932237417396e+01 1.389313186233656516e+01 1.118211086022963663e+01 8.613733608577797796e+00 6.274460517536673443e+00 4.248865751771164767e+00 2.603693652736084996e+00 1.382494543253843133e+00 6.016421255884862873e-01 2.291151247916748124e-01 1.592067512097445903e-01 2.295617092997473963e-01 2.875691694341616089e-01 2.568567781769071079e-01 1.597392322770073425e-01 7.180854877276758585e-02 3.877641685427175855e-02 3.822027684420834653e-02 3.013614916964387630e-02 1.610527806983510363e-02 1.176983138914817865e-02 8.645009331947227024e-03 4.848964394858228458e-03 4.112074388662540804e-03 2.278509099203475906e-03 2.046227964491932790e-03 1.067403138084329533e-03 1.011444671165565848e-03 7.477403798055563561e-04 4.481247874552068294e-04 4.378367279501829213e-04 3.723079652627929795e-04 3.182672449465974635e-04 2.851581154299383768e-04 2.632212350253368177e-04 2.501390304731018776e-04 2.403838682238661391e-04 2.336974624889653332e-04 2.292840566968408348e-04 2.263196699898186966e-04 2.242751255779235108e-04 2.228560094378030600e-04 
2.224257236908950782e-04 2.235698657444699423e-04 2.252040778902445546e-04 2.275223352837370478e-04 2.308987771322529151e-04 2.359090080715815915e-04 2.430371281350321097e-04 2.523479203672972281e-04 2.676698088556777504e-04 2.901538134196593455e-04 3.259752459407515377e-04 3.682632287202323908e-04 3.719253550951062606e-04 5.561136778188701573e-04 7.180257332480497997e-04 7.369169009479639145e-04 1.305902632614877861e-03 1.423572348931932512e-03 2.439663250022000834e-03 2.834680533022888426e-03 4.938147733012290125e-03 6.640593864489545244e-03 9.254905634754383506e-03 1.740486238296398008e-02 2.236487215241483514e-02 2.377554698628750462e-02 4.684385905689772422e-02 1.103293834147960617e-01 1.893713690181519638e-01 2.277075807981998046e-01 1.952822312362744728e-01 1.415097202708100466e-01 2.112284466581551556e-01 6.259619443512992598e-01 1.639003976619826775e+00 3.480696930528802024e+00 6.315802453268310579e+00 1.021398737701976067e+01 1.512560843969348845e+01 2.087174395013992978e+01 2.716435475348853146e+01 3.365649302754234640e+01 4.000427361463948728e+01 4.591883705323724030e+01 5.119575533431933678e+01 5.572105473302037382e+01 5.946038582114067594e+01 6.243976597917863103e+01 6.472475537694225523e+01 6.640222169742357039e+01 6.709521484516480427e+01 6.814498951020658524e+01 6.873208530626438062e+01 6.884964031812515373e+01 6.850296243748985603e+01 6.770930175811965057e+01 6.649705639174763405e+01 6.490445413765641547e+01 6.297778767608967598e+01 6.076931071048449695e+01 5.833492423828489137e+01 5.573179406994596263e+01 5.301604188785432825e+01 5.024064256482441948e+01 4.745364111372785487e+01 4.469677536685152575e+01 4.200455778842066223e+01 3.940383463871019387e+01 3.691380609493253218e+01 3.454645976095815740e+01 3.341075129594999282e+01 3.126689984679877554e+01 2.905357292321739848e+01 2.678449399891033167e+01 2.447124369917893461e+01 2.212179004152044115e+01 1.974053672054064990e+01 1.733109636039422696e+01 1.490239583517013422e+01 1.247701504361778646e+01 1.009814874108488958e+01 7.829991410404637975e+00 5.748583980850579422e+00 3.927306675945257730e+00 2.427427249778158380e+00 1.297699025053713484e+00 5.680416910787137175e-01 2.206072719360780143e-01 1.602892969626426023e-01 2.328305556371063623e-01 2.907991191700149969e-01 2.593741165285979311e-01 1.612447798225290219e-01 7.266718737561159158e-02 3.973829377163981547e-02 3.937173365690394000e-02 3.096662744378574431e-02 1.655512149399500366e-02 1.214407545476549506e-02 8.897603722108394370e-03 4.991995978610302975e-03 4.229111690443846001e-03 2.338239833503430540e-03 2.096794994255316881e-03 1.090994154139238127e-03 1.030250617805115142e-03 7.612945950756315992e-04 4.531606943229912234e-04 4.422427933262967166e-04 3.752795319193147567e-04 3.200536178112464367e-04 2.862582827018153087e-04 2.639041252224485937e-04 2.505833370676314792e-04 2.406598344436523330e-04 2.338692317109437467e-04 2.293912635335130319e-04 2.263875806892806089e-04 2.243307105444786577e-04 2.228984615002143385e-04 
2.224202864504034650e-04 2.235557602756190279e-04 2.251761400861738895e-04 2.274785950043548206e-04 2.308302031914329826e-04 2.358005416467300031e-04 2.428685742137102783e-04 2.520931216413769844e-04 2.672651865525887353e-04 2.895180993431692180e-04 3.249536868853557811e-04 3.667415533925471910e-04 3.703593935696569629e-04 5.525642294516917678e-04 7.122301629640254150e-04 7.313264692593966646e-04 1.293524530545886193e-03 1.410575356882001882e-03 2.416708270435371630e-03 2.810731976274176858e-03 4.898958480871803446e-03 6.604663097943665531e-03 9.212926719161153993e-03 1.737149108027096281e-02 2.242276808884911127e-02 2.386401136036260875e-02 4.693026187992750675e-02 1.109129744798733191e-01 1.913097395173354032e-01 2.313378342451720970e-01 1.996835114977999204e-01 1.445256573259440513e-01 2.104024269036596506e-01 6.194753946930229294e-01 1.625751498911553350e+00 3.459865122931764958e+00 6.285463932156846845e+00 1.016736531636778551e+01 1.504589792122867387e+01 2.072885899004417354e+01 2.691628724998463085e+01 3.325506308825984547e+01 3.940278380003877601e+01 4.507884138626723569e+01 5.009124829936570933e+01 5.433974973452907165e+01 5.780267768022609687e+01 6.051631464694063567e+01 6.255355793160270395e+01 6.400578571337371159e+01 6.458618549564106104e+01 6.541741723684422993e+01 6.579916423343996712e+01 6.572960471363346358e+01 6.521869853126239036e+01 6.428774720753675354e+01 6.296841352579243534e+01 6.130125534646018792e+01 5.933386110332769192e+01 5.711870092928160858e+01 5.471082530043795344e+01 5.216555097197946367e+01 4.953627121018496382e+01 4.687251424941931788e+01 4.421835179619185396e+01 4.161123033170620289e+01 3.908126457114730812e+01 3.665099768165721628e+01 3.433559975279874976e+01 3.214344720061224336e+01 3.109455999250636893e+01 2.911869703093073980e+01 2.708312262323666531e+01 2.499886402957444176e+01 2.287429588250087065e+01 2.071403015405183368e+01 1.851943353768011846e+01 1.629181665568030368e+01 1.403863348629911378e+01 1.178132233867069623e+01 9.561157900408456811e+00 7.438454582770329893e+00 5.483288815080750389e+00 3.762907203048377003e+00 2.335643908561533255e+00 1.252629400962974149e+00 5.499051818639346667e-01 2.159078924835314550e-01 1.605766049417663710e-01 2.340483691861327820e-01 2.918587257287870718e-01 2.601258885136097931e-01 1.616877633002851145e-01 7.297382362746397677e-02 4.017995100491127819e-02 3.991901952945383497e-02 3.135884707091089740e-02 1.677072497346432378e-02 1.232800031859851778e-02 9.021366719458464439e-03 5.062987415690362036e-03 4.287338889478869812e-03 2.368098560634961536e-03 2.122076621683790035e-03 1.102893323003621001e-03 1.039637484181327350e-03 7.681504226064837662e-04 4.556953603890364236e-04 4.444529384495541973e-04 3.767740902464298712e-04 3.209522648813658099e-04 2.868117107747694336e-04 2.642478658460315432e-04 2.508070419948997716e-04 2.407986694657846417e-04 2.339556478941834177e-04 2.294451770512819975e-04 2.264215268899911972e-04 2.243591985697393032e-04 2.229228761433423836e-04 
2.224148337560676741e-04 2.235306950645767185e-04 2.251219254302364860e-04 2.273933064533361194e-04 2.306966804429727883e-04 2.355896270847129294e-04 2.425415440276989284e-04 2.515996335799421742e-04 2.664830474880855427e-04 2.882928491157639721e-04 3.229914800057110801e-04 3.638258893461818969e-04 3.673807343674842995e-04 5.458935045009844856e-04 7.013076559434181520e-04 7.210024495638277806e-04 1.270807201620463263e-03 1.387176937285150699e-03 2.376359345301978614e-03 2.770267440419707516e-03 4.835447398421790013e-03 6.556350665905034958e-03 9.162530246188238525e-03 1.737426469939195445e-02 2.264180958287999659e-02 2.414737433377098924e-02 4.726058720721608430e-02 1.124213899915529474e-01 1.957955740770871700e-01 2.394220054548920062e-01 2.093627745508138682e-01 1.512750396804994901e-01 2.089045011448703304e-01 6.051494790690565839e-01 1.594735007112341840e+00 3.408037636523998160e+00 6.205077049460103744e+00 1.003907256029166462e+01 1.482901275438695876e+01 2.035677788895285545e+01 2.630150094163426999e+01 3.230213758936755397e+01 3.802378403960068454e+01 4.320581831655441363e+01 4.768298890454616412e+01 5.138270918952851929e+01 5.430764675017471887e+01 5.651282271451370320e+01 5.808370659349093046e+01 5.911862229422153092e+01 5.949296462823960496e+01 5.992962125576284649e+01 5.994811825359575863e+01 5.955561191833010781e+01 5.877004604280528355e+01 5.761934183562303247e+01 5.614011144723723135e+01 5.437597029345828048e+01 5.237555056044592305e+01 5.019033788253939576e+01 4.787246352912568881e+01 4.547258465538696726e+01 4.303797531523705544e+01 4.061093196158540053e+01 3.822757083866846273e+01 3.591706339803659631e+01 3.370132246769545503e+01 3.159511921477508878e+01 2.960658180098335990e+01 2.773800324463255507e+01 2.684806972463463737e+01 2.517745796516736334e+01 2.346202138905594481e+01 2.170815772641355323e+01 1.991912083101931330e+01 1.809460467057244770e+01 1.623203513454224733e+01 1.433026372243829805e+01 1.239550537762400850e+01 1.044775877237181838e+01 8.524279034948207823e+00 6.676731093817761753e+00 4.962378859800950615e+00 3.435921492082241180e+00 2.149939525629964709e+00 1.159815074989925421e+00 5.121274477445407758e-01 2.059496269193122897e-01 1.606280281083496964e-01 2.355644992685644312e-01 2.927857790902089197e-01 2.605563895094018534e-01 1.619223288256709803e-01 7.332497020371685215e-02 4.096481997912908291e-02 4.093252542564899954e-02 3.208015136892638369e-02 1.717448903926120998e-02 1.268240430319140556e-02 9.259140975005525007e-03 5.201388926522411242e-03 4.401166368398980351e-03 2.426793641600306743e-03 2.171788765376437159e-03 1.126517404391585379e-03 1.058072829271680367e-03 7.818047393298520982e-04 4.607192830775243709e-04 4.488186056072451498e-04 3.797347526171090492e-04 3.227330354387617493e-04 2.879084629407331337e-04 2.649295719048290606e-04 2.512508385510226275e-04 2.410738885862475929e-04 2.341269659207705067e-04 2.295520210378207101e-04 2.264883458291272749e-04 2.244150388407800103e-04 2.229751891808597378e-04 
2.224141551991574419e-04 2.235054776880856565e-04 2.250635887872764042e-04 2.273010306799467129e-04 2.305525148971578943e-04 2.353623527354630179e-04 2.421902834004265362e-04 2.510709839487292364e-04 2.656476297126312007e-04 2.869898412758910451e-04 3.209154366716881882e-04 3.607528787793018140e-04 3.642761137470771531e-04 5.390685320034919016e-04 6.900869772757288944e-04 7.107395482363229296e-04 1.248455175853253494e-03 1.364914179103611123e-03 2.339604078975070743e-03 2.736232778010027830e-03 4.786750174881874813e-03 6.537855328539301202e-03 9.156226428307503995e-03 1.748013461455275724e-02 2.304041405120001509e-02 2.462108070780490154e-02 4.784465637337067395e-02 1.145513219566733770e-01 2.016019817522361757e-01 2.495584105079642623e-01 2.214156313673048271e-01 1.598947880812826017e-01 2.074473735122562557e-01 5.868774880443003994e-01 1.552586110925791019e+00 3.333294664767108451e+00 6.082818791246688228e+00 9.838899251652550859e+00 1.449563225808842404e+01 1.980808346666980668e+01 2.543741378135830189e+01 3.102074344453878396e+01 3.623805487108394630e+01 4.085546749709311598e+01 4.473932805185482664e+01 4.784726724403711984e+01 5.020674463173174473e+01 5.189043112432611338e+01 5.299434878133496341e+01 5.362134423190523336e+01 5.379809045295163372e+01 5.386448234381086309e+01 5.355349333565563796e+01 5.288043266088092054e+01 5.187002926213515508e+01 5.055530095747653974e+01 4.897603197258182917e+01 4.717695043477433359e+01 4.520571766631500310e+01 4.311085289945226862e+01 4.093971934883715136e+01 3.873669024022039054e+01 3.654159710684717766e+01 3.438853896480573979e+01 3.230510195661651096e+01 3.031200742245086843e+01 2.842317479234569433e+01 2.664615695216629732e+01 2.498288211990775665e+01 2.343061954553248327e+01 2.269425956584142057e+01 2.131563816217961715e+01 1.990291143936114082e+01 1.845860013666667143e+01 1.698220295576945560e+01 1.547045591350839899e+01 1.391919970622968528e+01 1.232715293519062172e+01 1.070097789944033728e+01 9.059675606204564247e+00 7.435425153154427313e+00 5.869121467816091453e+00 4.403128832806901372e+00 3.078602426604716058e+00 1.942406827266248692e+00 1.053883853829894912e+00 4.685199892792010212e-01 1.942378462034631548e-01 1.598805523903969183e-01 2.357969161545558634e-01 2.919445885746141389e-01 2.593576850395908906e-01 1.611694329648608315e-01 7.330886339495827630e-02 4.168391602640730831e-02 4.193212250097880928e-02 3.278348912826398176e-02 1.758126545212295236e-02 1.305651652012287597e-02 9.509098627283696023e-03 5.350354917640891099e-03 4.524220167551799496e-03 2.490822104732497155e-03 2.226049992186804414e-03 1.152686784627810846e-03 1.078173218449878608e-03 7.970049472983674896e-04 4.662754509578146463e-04 4.536231117694302490e-04 3.830071584384775484e-04 3.247025684859531454e-04 2.891217558597027754e-04 2.656845975594318131e-04 2.517426394810937324e-04 2.413785741787659669e-04 2.343166571636956779e-04 2.296702715463230131e-04 2.265616265771799127e-04 2.244733729746219619e-04 2.230350986280625939e-04 
2.224148474626349680e-04 2.234774319989815921e-04 2.250007641770456650e-04 2.272013965953763944e-04 2.303972232798292196e-04 2.351181102302718040e-04 2.418142126413742074e-04 2.505067874804098771e-04 2.647591809900874367e-04 2.856113516772106412e-04 3.187327422224320718e-04 3.575375463401543261e-04 3.610721247732902122e-04 5.321878053234356965e-04 6.787181450486506375e-04 7.007916259126240098e-04 1.227090454407335452e-03 1.344676004880937829e-03 2.308457815954117944e-03 2.711539324545328769e-03 4.758631887681434580e-03 6.559251098556125384e-03 9.207324706468036218e-03 1.771593771388872002e-02 2.366290105299559410e-02 2.532842599410719056e-02 4.871144944064897953e-02 1.173319732901021983e-01 2.087997605013889590e-01 2.619194592459348492e-01 2.361587572904643162e-01 1.707688407868714064e-01 2.061145603016986405e-01 5.636804597582708576e-01 1.496085900709709149e+00 3.228443631900217881e+00 5.905130694868847563e+00 9.544319211462886088e+00 1.401253810527984278e+01 1.903915806070342853e+01 2.427282405135125032e+01 2.935707031510582965e+01 3.399534300688392818e+01 3.798732534356402368e+01 4.123498012846025773e+01 4.372732546376037988e+01 4.551552515595609805e+01 4.668737306611622273e+01 4.734624455131888965e+01 4.759621810691298549e+01 4.759492241570487181e+01 4.733751903573259057e+01 4.675238585306585293e+01 4.586150441847019010e+01 4.469456375089377786e+01 4.328759071073062614e+01 4.168129143593669284e+01 3.991920561239544440e+01 3.804578759773694685e+01 3.610453190451809036e+01 3.413625499321278056e+01 3.217763117227354996e+01 3.026005905446591271e+01 2.840890831336132294e+01 2.664316689577285757e+01 2.497547896915266818e+01 2.341253629976518269e+01 2.195576275311809766e+01 2.060221495431220262e+01 1.934561294404602805e+01 1.875105633090035084e+01 1.763932889264451020e+01 1.650020380664567199e+01 1.533348408756589976e+01 1.413665703141524332e+01 1.290571517764106879e+01 1.163729340049276395e+01 1.033201984660409423e+01 8.998118223480792821e+00 7.653353308808238609e+00 6.323330484723153511e+00 5.036234880369627298e+00 3.818375250681500077e+00 2.697641314941189083e+00 1.715990562370921513e+00 9.360976687725159895e-01 4.196607881654210170e-01 1.808882555570177630e-01 1.580839966555139253e-01 2.342505974306005323e-01 2.887125739359514554e-01 2.559813809536101714e-01 1.591027933207536382e-01 7.279551263179336040e-02 4.228553464151148938e-02 4.287294017191083106e-02 3.343473181294032842e-02 1.797747840152286863e-02 1.344487208718772066e-02 9.767350473308428205e-03 5.509135947933133971e-03 4.656122690955648118e-03 2.560280835042389250e-03 2.284963495451710572e-03 1.181624185514976904e-03 1.099989472390498248e-03 8.139165824742339165e-04 4.724140560713474286e-04 4.589014943259182551e-04 3.866212079123635108e-04 3.268798034363446610e-04 2.904636152646898097e-04 2.665208743504519744e-04 2.522877720148286032e-04 2.417159584323592871e-04 2.345267647521438650e-04 2.298011961933691045e-04 2.266421562328987320e-04 2.245307114568203708e-04 2.230973611780487137e-04 
2.224107021825635119e-04 2.234424816439774340e-04 2.249329083834351569e-04 2.270940684672054341e-04 2.302304044365950772e-04 2.348564632286541138e-04 2.414131106182681270e-04 2.499073350169639363e-04 2.638192536430331611e-04 2.841621827219871933e-04 3.164555249955885519e-04 3.542034026183424030e-04 3.578069891425515671e-04 5.253853502317325707e-04 6.674039165045617030e-04 6.914938331994294283e-04 1.207515795115224680e-03 1.327599021236676533e-03 2.285444224989370641e-03 2.699804561530510984e-03 4.758014263898910183e-03 6.632647329255762607e-03 9.331036159829294782e-03 1.811077249894226318e-02 2.455804265242953269e-02 2.631553078107480223e-02 4.987321552637216659e-02 1.207293115889985224e-01 2.173440601738069466e-01 2.765522600235183481e-01 2.538499789367302806e-01 1.843358409658074348e-01 2.051249389628902464e-01 5.346857626522094620e-01 1.421889174883454121e+00 3.085613102429468846e+00 5.656952138092415261e+00 9.130647685398605162e+00 1.334463830697855968e+01 1.800650536214358510e+01 2.276075199976882857e+01 2.726760173973021040e+01 3.126315741310248697e+01 3.458676349115892634e+01 3.717838974808523034e+01 3.905761162321323354e+01 4.029626818950169564e+01 4.099313179160702703e+01 4.125454586799500589e+01 4.118177297612699306e+01 4.103362885734250654e+01 4.052127935626318589e+01 3.973793621639240570e+01 3.871011320863591010e+01 3.747006091405761197e+01 3.605427224705536560e+01 3.450181327258421504e+01 3.285258309589517722e+01 3.114561038596019316e+01 2.941748953780481912e+01 2.770104695291911412e+01 2.602430856154054339e+01 2.440981528117455568e+01 2.287430580781410328e+01 2.142875840651893071e+01 2.007875762619467963e+01 1.882513028025386248e+01 1.766477931075428742e+01 1.659163539109743368e+01 1.559764466517219716e+01 1.512750743574102330e+01 1.424770505492666572e+01 1.334403760034946274e+01 1.241505267507921317e+01 1.145812881478354939e+01 1.047063921397187158e+01 9.451968123279398171e+00 8.405932364911755883e+00 7.342473475762714585e+00 6.277065101725673557e+00 5.227029268397683559e+00 4.206652235796656036e+00 3.226645653079536658e+00 2.303635120944190096e+00 1.476259172022698296e+00 8.093141326958511739e-01 3.668530161162831815e-01 1.661826471760258217e-01 1.549572495817595486e-01 2.303670328987422744e-01 2.823952951819444501e-01 2.498209698676849000e-01 1.553616895242382334e-01 7.163806082900754657e-02 4.270380769581914870e-02 4.369357478455341420e-02 3.398767614972990347e-02 1.834425580593434385e-02 1.383880081119962489e-02 1.002783833422208996e-02 5.676200239350166592e-03 4.795914845781725985e-03 2.635081350851917886e-03 2.348478924610432252e-03 1.213543476976074609e-03 1.123526376502986465e-03 8.327135654530164492e-04 4.791865128200515495e-04 4.646871093784972311e-04 3.906078265737671236e-04 3.292847670741170076e-04 2.919469401842595064e-04 2.674470641182868274e-04 2.528921105190285032e-04 2.420896050731926057e-04 2.347595547481218356e-04 2.299462031916818202e-04 2.267310935640625932e-04 2.245835573838121614e-04 2.231537389521776830e-04 
2.223933530537615020e-04 2.233961019651567773e-04 2.248593299739119332e-04 2.269787661109818038e-04 2.300517775260388028e-04 2.345772182485486015e-04 2.409872458600365551e-04 2.492738245695587883e-04 2.628311243578896998e-04 2.826504265895959630e-04 3.141022663587982673e-04 3.507847322393835288e-04 3.545336740831137382e-04 5.188399763586591749e-04 6.564108263961463503e-04 6.832827176231036359e-04 1.190749056911569702e-03 1.315115923089094693e-03 2.273669844976085059e-03 2.705453907540778663e-03 4.792994653969968530e-03 6.772279130607107567e-03 9.544066190121026916e-03 1.869406076118123108e-02 2.577639940141619387e-02 2.762832514960717259e-02 5.131431425045095834e-02 1.246116035135829692e-01 2.270102589108156654e-01 2.933018762619679087e-01 2.746340787221970836e-01 2.010950952987165252e-01 2.049441587030134404e-01 4.994120676687904270e-01 1.327078593200285317e+00 2.897249270814620914e+00 5.323520065007241620e+00 8.574240593554280920e+00 1.246026774152151440e+01 1.667469505043237987e+01 2.086916757821984092e+01 2.473226032818031328e+01 2.804152669077088689e+01 3.068028567710505072e+01 3.262642662720293885e+01 3.392672704707217690e+01 3.466853399980982431e+01 3.495590024460300071e+01 3.489280080945725615e+01 3.457319861126944005e+01 3.431961518688143542e+01 3.363961208539753045e+01 3.274925810860288067e+01 3.167693330139343644e+01 3.045467706058464330e+01 2.911670658643055276e+01 2.769787600508389858e+01 2.623217249169986331e+01 2.475134149134764883e+01 2.328372168771218753e+01 2.185335273013058455e+01 2.047939649295786779e+01 1.917588782453215757e+01 1.795180557201479488e+01 1.681143138283383109e+01 1.575494433963109842e+01 1.477918550699550160e+01 1.387851889636630354e+01 1.304571456378814531e+01 1.227278520263604555e+01 1.190625366567858912e+01 1.121814314002963897e+01 1.050803337958456574e+01 9.774742847492138509e+00 9.017234531380266205e+00 8.235814853390758472e+00 7.433615292250043360e+00 6.617686637660799676e+00 5.798633978140011358e+00 4.987875249993388493e+00 4.193030221703991423e+00 3.414784351125637940e+00 2.650940450963679140e+00 1.910735079779802170e+00 1.231544105702508718e+00 6.781795775070824650e-01 3.121817038463979843e-01 1.505607722902030932e-01 1.502064801560679952e-01 2.235688552755200897e-01 2.722827692354897744e-01 2.402642454629488611e-01 1.495811257458548316e-01 6.968251381154796920e-02 4.285824042274657270e-02 4.431321864633699925e-02 3.438206557586145212e-02 1.865637123797374286e-02 1.422541678903652997e-02 1.028166230422525307e-02 5.848940176008306409e-03 4.941813740402933169e-03 2.714862838841624378e-03 2.416314906422499260e-03 1.248634282982468823e-03 1.148718970120263597e-03 8.535732724011047597e-04 4.866438127676914020e-04 4.710092581702055806e-04 3.949980520182687902e-04 3.319382202438407896e-04 2.935853757011886540e-04 2.684725507821137790e-04 2.535620986803628000e-04 2.425034252171021218e-04 2.350175331670165482e-04 2.301068527424128649e-04 2.268300497162894027e-04 2.246305459767779982e-04 2.231945684707074015e-04 
2.223548955640421339e-04 2.233355394497465258e-04 2.247793692257352561e-04 2.268552915758517425e-04 2.298612308675978394e-04 2.342805146351346240e-04 2.405375419154883723e-04 2.486086509414231482e-04 2.618003154023004894e-04 2.810884039869990486e-04 3.116995156211356034e-04 3.473293130967137652e-04 3.513236863821113149e-04 5.127866105472935962e-04 6.460808908651340977e-04 6.767205633262054652e-04 1.178058339710011046e-03 1.309007349753773305e-03 2.276885753580413108e-03 2.733807169518479973e-03 4.872732792299795494e-03 6.994401290824655941e-03 9.863749841699956042e-03 1.949213222126056771e-02 2.736536793134752496e-02 2.930771732690861872e-02 5.297840315692533414e-02 1.287111315877744466e-01 2.373226981822916526e-01 3.117259634511377331e-01 2.984821535722252950e-01 2.216169762688096900e-01 2.064335852893492418e-01 4.581652031332340558e-01 1.209984453021777595e+00 2.657705715910350541e+00 4.893360052041154873e+00 7.857747352014158082e+00 1.133949553846467495e+01 1.502807118591563729e+01 1.859576461914735290e+01 2.177124610262645277e+01 2.438045273412465974e+01 2.635200067053409612e+01 2.769840320940789979e+01 2.848753295287838938e+01 2.881511728319651766e+01 2.878367309541262387e+01 2.848907245441965941e+01 2.801362434890467767e+01 2.770228036438340879e+01 2.695134697968675752e+01 2.605014585588232023e+01 2.502604158883732310e+01 2.390808446451959313e+01 2.272568567178644727e+01 2.150733592498034596e+01 2.027944707366439303e+01 1.906538550368012608e+01 1.788474997670825317e+01 1.675292649536037359e+01 1.568093060664267568e+01 1.467552533575339346e+01 1.373958260777680707e+01 1.287263936968558653e+01 1.207158802387693797e+01 1.133143506803190803e+01 1.064606224235539855e+01 1.000893064136816868e+01 9.413679231804577441e+00 9.129935528083944263e+00 8.594756676260630002e+00 8.039657260501360980e+00 7.464948678681478711e+00 6.872195188615985550e+00 6.265107450701385972e+00 5.650154968091665175e+00 5.036186934256043024e+00 4.432303051851563147e+00 3.843887636071639857e+00 3.268502920039506154e+00 2.695724881841098153e+00 2.115575033485809886e+00 1.535184924972383014e+00 9.924455065188623193e-01 5.489326439093540344e-01 2.583652676783706470e-01 1.345619572216733006e-01 1.435641265845555292e-01 2.133374858228785365e-01 2.577465104537675633e-01 2.267828979851567728e-01 1.414432444244894393e-01 6.678518952228175432e-02 4.265521851545998888e-02 4.462988926467845174e-02 3.454247261264784680e-02 1.888140756676887078e-02 1.458647845382606001e-02 1.051632331937743525e-02 6.023313367305768024e-03 5.090902512280894368e-03 2.798878928576042750e-03 2.487854685683406602e-03 1.287039741145797099e-03 1.175400449545654230e-03 8.766683294180534257e-04 4.948341023351284212e-04 4.778897759808112961e-04 3.998216106083432586e-04 3.348610712818052650e-04 2.953930776779962195e-04 2.696073903347661325e-04 2.543047541382781481e-04 2.429616843122173046e-04 2.353034602631414493e-04 2.302848673543253315e-04 2.269409631988690177e-04 2.246754319170843458e-04 2.232129808004816606e-04 
2.222928133567183401e-04 2.232628819920184872e-04 2.246927520005491483e-04 2.267235641442901656e-04 2.296588839629323819e-04 2.339669380069234390e-04 2.400657845461326217e-04 2.479157661231777836e-04 2.607352358764611615e-04 2.794938067236202132e-04 3.092839490908960839e-04 3.439015824514597567e-04 3.482716559113900752e-04 5.075300729878857693e-04 6.368430332491585273e-04 6.725246502747715032e-04 1.170994025752649000e-03 1.311454160660429497e-03 2.299517390470239963e-03 2.791127628188024186e-03 5.007116198567002074e-03 7.316836260455195778e-03 1.030653355804754534e-02 2.052276911624863545e-02 2.936094350364179539e-02 3.138256242056535611e-02 5.475661175423246485e-02 1.325910494942099116e-01 2.474932132005620011e-01 3.310219697673006389e-01 3.251409783334310855e-01 2.465613801088199775e-01 2.110212300479908376e-01 4.125025664389572744e-01 1.071201501367247788e+00 2.365340124585839199e+00 4.362336688920781747e+00 6.977113076665421687e+00 9.984726856026270525e+00 1.308482410591946632e+01 1.598447626524806608e+01 1.846228891582769904e+01 2.039591693582285714e+01 2.175652501273831163e+01 2.258442323212310043e+01 2.296002523437128318e+01 2.297905417464391320e+01 2.273543157733987030e+01 2.231166732897484550e+01 2.177495761996109991e+01 2.145346462218093464e+01 2.072426469120103576e+01 1.989912620534350651e+01 1.900177749079746548e+01 1.805600107530872833e+01 1.708458849851094286e+01 1.610841385960894812e+01 1.514568170958371596e+01 1.421139013366063963e+01 1.331703202902351713e+01 1.247053828555708144e+01 1.167644760058875519e+01 1.093627072218733609e+01 1.024900351748747873e+01 9.611734520563826933e+00 9.020289160258146310e+00 8.469854797687785819e+00 7.955537548507547463e+00 7.472812727612803130e+00 7.017844317116364472e+00 6.799805141255731655e+00 6.387136904433446283e+00 5.958432039942552549e+00 5.515999529358351694e+00 5.063930542614469843e+00 4.608411168325660334e+00 4.157339849627608608e+00 3.718704400185244285e+00 3.297469508450125097e+00 2.891724024607350341e+00 2.490535025207599951e+00 2.077331797349859510e+00 1.641275478245827646e+00 1.192743042745818327e+00 7.705244171144218779e-01 4.286298808712604713e-01 2.083258966468092555e-01 1.187231414948222569e-01 1.348585420799959800e-01 1.993242682472824712e-01 2.383817272486280503e-01 2.090631404803420523e-01 1.307521234971738000e-01 6.283910542468798544e-02 4.199259973280591862e-02 4.452110004671108734e-02 3.437903184936511730e-02 1.897949519120791656e-02 1.489722807367512523e-02 1.071495482688686156e-02 6.193426287888133611e-03 5.238748209102750408e-03 2.885854994803566543e-03 2.562008967595116177e-03 1.328825220915288508e-03 1.203259620208461987e-03 9.021536297904567039e-04 5.037992571369575385e-04 4.853382400571656409e-04 4.051047830017925162e-04 3.380734593511129605e-04 2.973843224404248216e-04 2.708621982094085992e-04 2.551276449901398687e-04 2.434689946358151375e-04 2.356203596716555473e-04 2.304821409548868209e-04 2.270656192287371158e-04 2.247292463580760657e-04 2.232117707242297050e-04 
2.222156457532819011e-04 2.231869325386429863e-04 2.245999636999510799e-04 2.265836650118797468e-04 2.294451657027847416e-04 2.336376622675142385e-04 2.395748795890842876e-04 2.472011242807382143e-04 2.596479625331019449e-04 2.778910712081786760e-04 3.069048033103025422e-04 3.405862255894444583e-04 3.455008336577166392e-04 5.034616402152997973e-04 6.292225496672286447e-04 6.716021418567381463e-04 1.171410841938565640e-03 1.325084836314985824e-03 2.346631553588635500e-03 2.884599084807498541e-03 5.206078052228789270e-03 7.757952341745921743e-03 1.088559009514016365e-02 2.178717402196531788e-02 3.177513830337535400e-02 3.386031628927323872e-02 5.648188272632119478e-02 1.356342786347377594e-01 2.564009926290106711e-01 3.500050744583103612e-01 3.541196420923198862e-01 2.767048412604417029e-01 2.208577526016713422e-01 3.656803747068492760e-01 9.146483190693821541e-01 2.024823138855900595e+00 3.738126804599811948e+00 5.948989653049158832e+00 8.431114769010909171e+00 1.090944875455265439e+01 1.313815763936806924e+01 1.495134769026181054e+01 1.627654958800721730e+01 1.712013614828676111e+01 1.754026266157747216e+01 1.761988939032345058e+01 1.744634988751309379e+01 1.709890182379491463e+01 1.664295900219993030e+01 1.612883958429400977e+01 1.583726884947685853e+01 1.520338437941272147e+01 1.451729917380101753e+01 1.379729232931940430e+01 1.306061424165317675e+01 1.232279199583396334e+01 1.159708981005885953e+01 1.089415317904127711e+01 1.022184991836389401e+01 9.585305112231914393e+00 8.987111519321224762e+00 8.427683731469610251e+00 7.905714480496649266e+00 7.418685813949540631e+00 6.963386779803713011e+00 6.536392711066222994e+00 6.134468638425935261e+00 5.754869857743866390e+00 5.395525030892209806e+00 5.055100056651830265e+00 4.891758030462128204e+00 4.583127128626832913e+00 4.264576252611305129e+00 3.939926165515046375e+00 3.614516883036630990e+00 3.294848106472846094e+00 2.987389291887712073e+00 2.696344188401561759e+00 2.420684095518027767e+00 2.151787747477693191e+00 1.874177125565310797e+00 1.571879723415974484e+00 1.240071458392439707e+00 8.956614874425242734e-01 5.762920802881845717e-01 3.237647174720175158e-01 1.645158672604062622e-01 1.034841222904350766e-01 1.241150138215429827e-01 1.814803703500335041e-01 2.141863292703408972e-01 1.871680654927388165e-01 1.175266849082571702e-01 5.780824790131856156e-02 4.076854532033442891e-02 4.384889581410182646e-02 3.379142626768685126e-02 1.890414603649951536e-02 1.512543065990257576e-02 1.085569321441096774e-02 6.351088285312115472e-03 5.378956067331080657e-03 2.973815735337625304e-03 2.637041119651615997e-03 1.373935379870264107e-03 1.231785913535283009e-03 9.301464894014528162e-04 5.135702043765676215e-04 4.933453793403492398e-04 4.108672937593160074e-04 3.415933781585743403e-04 2.995728978662217041e-04 2.722479451674427223e-04 2.560388230524933916e-04 2.440302854472043456e-04 2.359715188819657089e-04 2.307007467109077571e-04 2.272048852137235593e-04 2.248081421660399603e-04 2.232099949594538665e-04 
2.221445623383203787e-04 2.231202186090948749e-04 2.245022332013689545e-04 2.264358918291909371e-04 2.292209123160192299e-04 2.332946260376644637e-04 2.390691715815700081e-04 2.464732265000063962e-04 2.585551791095812182e-04 2.763130046367474565e-04 3.046266921235509157e-04 3.374920952528037460e-04 3.431696486918030123e-04 5.010786345273022992e-04 6.238458172383403019e-04 6.750912518692259471e-04 1.181468394079456105e-03 1.353009362057516415e-03 2.423791810881961630e-03 3.022178206025218951e-03 5.478400668218914686e-03 8.334753709170457034e-03 1.160739415358786816e-02 2.325913248530132177e-02 3.457835805418574965e-02 3.671589632364980621e-02 5.793763828114818770e-02 1.370798870994845986e-01 2.626593369385180621e-01 3.671874223343114529e-01 3.847405312261817922e-01 3.129571754884095669e-01 2.388859010167765640e-01 3.229649124559570983e-01 7.484763134095240300e-01 1.649220871778823927e+00 3.044013183686888446e+00 4.816172900170617055e+00 6.752529350364595118e+00 8.617171518536421715e+00 1.021900608028157365e+01 1.144689356816400760e+01 1.227051515948815386e+01 1.272006518011701814e+01 1.285983388848887365e+01 1.276557488089896530e+01 1.250944695594791867e+01 1.215225845660418003e+01 1.174102125483704206e+01 1.130963626556514434e+01 1.107427758810116813e+01 1.057875498301299722e+01 1.006112495314029509e+01 9.533635047700558474e+00 9.007066949296827829e+00 8.490388385048923681e+00 7.990554109553272610e+00 7.512460396381593242e+00 7.059044595772029140e+00 6.631509573483638675e+00 6.229643340045558197e+00 5.852197783781920570e+00 5.497287676723321859e+00 5.162772188192796818e+00 4.846585774910368016e+00 4.546992911836031936e+00 4.262750788243254263e+00 3.993174721493628176e+00 3.738111498155070045e+00 3.497835038885989345e+00 3.383405466312228160e+00 3.169404963199398573e+00 2.952477218772320722e+00 2.736591106912886318e+00 2.526295275762479253e+00 2.325861628319125352e+00 2.137789846529434712e+00 1.960834300744762615e+00 1.788280663823694994e+00 1.607921443896804137e+00 1.405482509627394627e+00 1.172080442209424644e+00 9.129253999915086792e-01 6.505827279732467883e-01 4.170167246935975180e-01 2.385839316285757461e-01 1.282451395979014308e-01 8.919160760207572869e-02 1.116577467762309012e-01 1.601699620490439346e-01 1.857474017116369780e-01 1.616992127260212797e-01 1.020936635512403462e-01 5.176449594579647651e-02 3.889539297227678077e-02 4.247163729896186873e-02 3.267783295317460562e-02 1.860485643805344716e-02 1.523099271441719083e-02 1.091144803167780515e-02 6.485395626193630504e-03 5.502692645498271154e-03 3.059888703299774512e-03 2.710353482816446093e-03 1.422136593495622282e-03 1.260200661899813336e-03 9.606971014663931701e-04 5.241607498217883956e-04 5.018742085573976155e-04 4.171178854233778977e-04 3.454346702848614553e-04 3.019711915695576340e-04 2.737756223370573492e-04 2.570466925355175715e-04 2.446507396737218599e-04 2.363604759630571009e-04 2.309429415982726993e-04 2.273582873049041927e-04 2.249234068579486186e-04 2.232417967263698819e-04 
2.221038201663551033e-04 2.230688267959118854e-04 2.244007040485109308e-04 2.262808229682645620e-04 2.289874891908410149e-04 2.329407500687894709e-04 2.385548343501841097e-04 2.457437811868575330e-04 2.574792899576040621e-04 2.748026735575914725e-04 3.025327791408403836e-04 3.347562634925797158e-04 3.414795051098222425e-04 5.010069908728336744e-04 6.214358232947076247e-04 6.844090908493768218e-04 1.203591517239757918e-03 1.398826065831655814e-03 2.536728592291633520e-03 3.212244902984335692e-03 5.829807404894127992e-03 9.059664287680027628e-03 1.246724890136365234e-02 2.487201872731423583e-02 3.767734728660782767e-02 3.988050955597147867e-02 5.889088630194961455e-02 1.361356032968951135e-01 2.648146298228444828e-01 3.809948055115182086e-01 4.162436649291222923e-01 3.562843862874898182e-01 2.686743905593966808e-01 2.916313365911248900e-01 5.856133562100858114e-01 1.261370430103496476e+00 2.320731908220763806e+00 3.648369539859211752e+00 5.058527982905341780e+00 6.363975791721009578e+00 7.429089353761177072e+00 8.189768865534933440e+00 8.645168335728316222e+00 8.835819519080480688e+00 8.820934208962192713e+00 8.661554685713278801e+00 8.410945209280827228e+00 8.110819157906322019e+00 7.791234997658504469e+00 7.472298648986128278e+00 7.303200226164176634e+00 6.955754599353427992e+00 6.602601093404727450e+00 6.250668999391107761e+00 5.905556663737381307e+00 5.571449926559442822e+00 5.251150216531947912e+00 4.946200684548541560e+00 4.657090691421299056e+00 4.383513037831315629e+00 4.124645095199039879e+00 3.879424720674001126e+00 3.646794478960265096e+00 3.425892872086546248e+00 3.216178375412599877e+00 3.017480268007283861e+00 2.829978609705548376e+00 2.654123344690091812e+00 2.490508603401293541e+00 2.339722232341096664e+00 2.269283566739239699e+00 2.140266102810225668e+00 2.013422724299693378e+00 1.891274231064774103e+00 1.775796824820010666e+00 1.667477416934708634e+00 1.564153156664614519e+00 1.460055219743304544e+00 1.345864802107770153e+00 1.210797965806518217e+00 1.047225968344412728e+00 8.565846372701682032e-01 6.527806594961348408e-01 4.585659637417429102e-01 2.951138816154316169e-01 1.738096749002298880e-01 9.945500966724420133e-02 7.625977308930331766e-02 9.812727174443031108e-02 1.362200083452576316e-01 1.543797771719318812e-01 1.338945307731070344e-01 8.514659314927827682e-02 4.491632804271337986e-02 3.631838436797624886e-02 4.026484507335364310e-02 3.095040657258874700e-02 1.803218878140527837e-02 1.516674411041277204e-02 1.085047604270797036e-02 6.582451263036397798e-03 5.598251990349883099e-03 3.140099635617027256e-03 2.778241639166818735e-03 1.472941666506962649e-03 1.287375137942288993e-03 9.937455296394098921e-04 5.355597218370708153e-04 5.108483945976964764e-04 4.238481570770282489e-04 3.496041755682105187e-04 3.045888666283935102e-04 2.754557225273500951e-04 2.581597843466493084e-04 2.453356816602977690e-04 2.367909853195883862e-04 2.312111602458295919e-04 2.275250732405375642e-04 2.250660659293041469e-04 2.233378105106831389e-04 
2.220982544865952358e-04 2.230208320701939305e-04 2.242951436219847272e-04 2.261193954242318184e-04 2.287469412684059054e-04 2.325802027213544592e-04 2.380403454823170619e-04 2.450284956348066333e-04 2.564497164557742758e-04 2.734155417625210721e-04 3.007282115685491362e-04 3.325478479140537885e-04 3.406840733720870040e-04 5.040260971607980452e-04 6.227918342942612064e-04 7.013058834257928547e-04 1.240361369166183671e-03 1.466580828749538276e-03 2.690718223687518958e-03 3.462941872105887702e-03 6.260160530553963466e-03 9.935532020668255693e-03 1.344413060052389829e-02 2.650612540639051690e-02 4.089234232540350789e-02 4.323434662289672714e-02 5.915788624595288980e-02 1.321817129997246154e-01 2.616839749186617436e-01 3.900805975802827397e-01 4.478215429435441486e-01 4.073142234799156935e-01 3.136962726932212009e-01 2.802604359448449545e-01 4.434577315078906956e-01 8.937876713236110326e-01 1.625064030036306395e+00 2.536355259693421349e+00 3.480134692214639891e+00 4.320621569458225508e+00 4.971005145721634655e+00 5.401146321341668610e+00 5.624933359049983927e+00 5.680796696030117943e+00 5.614747865063590915e+00 5.469525842870158527e+00 5.279557106160194913e+00 5.069902812051609864e+00 4.857319504501584007e+00 4.652095095241961076e+00 4.545365068561263655e+00 4.329548549833716287e+00 4.113888875667347733e+00 3.901589982353681041e+00 3.694990639516451125e+00 3.495624007393443478e+00 3.304333907721985319e+00 3.121430984550675358e+00 2.946869063750085616e+00 2.780421280026562858e+00 2.621836965580655487e+00 2.470963682023953556e+00 2.327823708646274969e+00 2.192640188287898528e+00 2.065814294365753145e+00 1.947860512172369996e+00 1.839311793061295441e+00 1.740609435998597299e+00 1.651993777115058348e+00 1.573411045896153215e+00 1.537768269567225676e+00 1.474219636273016221e+00 1.413656877931463329e+00 1.356302349121535800e+00 1.301179123641768243e+00 1.245523195643162717e+00 1.184405029376363716e+00 1.110995715874431466e+00 1.017999360278530663e+00 9.005051864148734264e-01 7.596114468902377403e-01 6.047529524079265917e-01 4.518858738634309313e-01 3.167204439229753254e-01 2.076807144780476733e-01 1.266675408090917332e-01 7.730858717967187266e-02 6.535279580893282869e-02 8.429331326395374246e-02 1.108867036366751324e-01 1.221374246748560266e-01 1.055764858491702457e-01 6.772572102354974810e-02 3.761355297431268063e-02 3.303729322961077020e-02 3.715212169960883937e-02 2.855780690013755632e-02 1.714579486204302269e-02 1.488117069393027694e-02 1.063830832701701500e-02 6.625384290205829640e-03 5.650804166394430943e-03 3.209190801664759968e-03 2.835639029111002712e-03 1.525514015826902022e-03 1.311739651316090605e-03 1.029060458744134520e-03 5.477213798390194325e-04 5.201374524091099006e-04 4.310241763253927212e-04 3.540977677960859818e-04 3.074309868442822108e-04 2.772974681611239879e-04 2.593863949830511623e-04 2.460903947539722645e-04 2.372669523395516482e-04 2.315079844154945324e-04 2.277071011571203934e-04 2.252020751040696950e-04 2.234896597239959470e-04 
2.220941267243714665e-04 2.229505955360521386e-04 2.241839566072784758e-04 2.259530085437803037e-04 2.285021771868203666e-04 2.322187207248539210e-04 2.375370565257397767e-04 2.443480119991893202e-04 2.555043710141396973e-04 2.722218054272904086e-04 2.993436141688905327e-04 3.310710272643143433e-04 3.411004734111650299e-04 5.110938382788219074e-04 6.287436002454728674e-04 7.279234837052731043e-04 1.294293861114381369e-03 1.560648025243809630e-03 2.889531496526284802e-03 3.781058240021999139e-03 6.759712874822579147e-03 1.094848708930638674e-02 1.449590693230634435e-02 2.798188933328387556e-02 4.394254538986892139e-02 4.661029865731469712e-02 5.870087562045922525e-02 1.250388841143547647e-01 2.527383764130932686e-01 3.935385287882006700e-01 4.782780311407532348e-01 4.652180416774526206e-01 3.754974953761627265e-01 2.964923841702048479e-01 3.413881152575886646e-01 5.851824622695183109e-01 1.023036897593059935e+00 1.578335558259502003e+00 2.146012791137598796e+00 2.636976681723534277e+00 3.001152163799516881e+00 3.227674197322994321e+00 3.332462412862427392e+00 3.343723377453454937e+00 3.291141194878705711e+00 3.200022166322789463e+00 3.089317507889103531e+00 2.971896739974660306e+00 2.855765709800616392e+00 2.745446790769003442e+00 2.688550767818301157e+00 2.574134216063520331e+00 2.460206551319541468e+00 2.347975566950649018e+00 2.238271533726537310e+00 2.131630451694444872e+00 2.028390464867118048e+00 1.928788490135098677e+00 1.833044913046706137e+00 1.741426365900444084e+00 1.654279855703886248e+00 1.572035454928334186e+00 1.495178929922388988e+00 1.424199561714606821e+00 1.359521551322915522e+00 1.301429430790900232e+00 1.249998594405913321e+00 1.205041360418525054e+00 1.166076981619404096e+00 1.132331010361028012e+00 1.117099488138161512e+00 1.089556660687829526e+00 1.061810112091631009e+00 1.032327202963038371e+00 9.985533010872361670e-01 9.568764924214805401e-01 9.029850222635148471e-01 8.328403200994254352e-01 7.443262795531082610e-01 6.391827491009622886e-01 5.241378549300412804e-01 4.097296958505850517e-01 3.062078613464410126e-01 2.187920205327625045e-01 1.473637227710406783e-01 9.273790196581901957e-02 6.133492009454002969e-02 5.717070509586991839e-02 7.065438759424202964e-02 8.579197745315748913e-02 9.160352939407623296e-02 7.887643946047677435e-02 5.108216589208526559e-02 3.031262626853428732e-02 2.912661623687363283e-02 3.314380744642635851e-02 2.551268353748195258e-02 1.592510120364583684e-02 1.432398913889289423e-02 1.024164823179439174e-02 6.594893627983907172e-03 5.642555355708445824e-03 3.260514085236967171e-03 2.875901109050527441e-03 1.578549427516183100e-03 1.331194934457784109e-03 1.066154019994428569e-03 5.605542694267016523e-04 5.295386598645210677e-04 4.385753434108046432e-04 3.588949725310600341e-04 3.104954249912173902e-04 2.793076962735827496e-04 2.607340342235204894e-04 2.469198400321842330e-04 2.377923228724681442e-04 2.318360801258329104e-04 2.279105867918978460e-04 2.253016988279956507e-04 2.236282643990248036e-04 
2.220388763056134452e-04 2.228502606801241567e-04 2.240670423545056665e-04 2.257836642737789305e-04 2.282571926502583966e-04 2.318639918643242473e-04 2.370598691980785788e-04 2.437289956435409965e-04 2.546912803733381849e-04 2.713088101494370635e-04 2.985382735615343128e-04 3.305663586271158708e-04 3.431230057559495105e-04 5.233670726505010177e-04 6.400672009870241388e-04 7.668519892090564991e-04 1.367444594832149026e-03 1.685488371387273109e-03 3.133795021122227215e-03 4.170281075741330383e-03 7.304727310427946811e-03 1.205879327081709612e-02 1.555700189899946254e-02 2.906858885010091265e-02 4.645651091516202896e-02 4.981971843986331139e-02 5.773605734429306663e-02 1.152026661774801786e-01 2.383018014567896692e-01 3.906523438283149852e-01 5.049045323744212332e-01 5.254910511431681863e-01 4.502835792487797639e-01 3.422402546140986823e-01 2.939946500886074232e-01 3.702510341008553585e-01 5.741378775898005049e-01 8.568634883066580388e-01 1.152165729356700030e+00 1.406980096853992279e+00 1.594279843932210117e+00 1.710489018018461538e+00 1.766228362011150965e+00 1.777353745592729295e+00 1.759177426191887772e+00 1.723886792584685246e+00 1.680069521080997719e+00 1.633247675501579899e+00 1.586699166477809619e+00 1.542211871253278188e+00 1.519137050129210742e+00 1.472395836847885109e+00 1.425315322872837021e+00 1.378325681249862100e+00 1.331772901201562886e+00 1.285962992933871174e+00 1.241198934828732447e+00 1.197804887752615954e+00 1.156134196292129879e+00 1.116560110870433276e+00 1.079450689490966342e+00 1.045131654822396339e+00 1.013842791389492515e+00 9.856945375002840182e-01 9.606316163607068193e-01 9.384098331442913832e-01 9.185906284188686266e-01 9.005558173765495500e-01 8.835424336271521240e-01 8.666950558377576330e-01 8.580568442162841425e-01 8.400920690035494909e-01 8.181746950291725051e-01 7.905384868258827913e-01 7.551141043546554243e-01 7.098463265286666379e-01 6.532788575666284014e-01 5.853702391421085061e-01 5.082930889072617697e-01 4.266868137458065813e-01 3.467095012195590131e-01 2.737134374389601499e-01 2.097559775205082577e-01 1.536343414979690902e-01 1.050486542362509407e-01 6.894490447963899649e-02 5.184329161224565663e-02 5.148963537205049346e-02 5.718108009383496976e-02 6.291147607654855312e-02 6.537017024611822824e-02 5.574539517791189669e-02 3.643007227930453867e-02 2.349768165916075319e-02 2.474767711147215707e-02 2.837501473970220275e-02 2.191772328746518367e-02 1.438100681651750985e-02 1.345526952043307398e-02 9.634699278103434419e-03 6.470579706579653034e-03 5.553650644605319896e-03 3.286073703827730938e-03 2.890719972437058322e-03 1.630135192481821935e-03 1.343048531680716062e-03 1.104166735356340448e-03 5.739090194757966775e-04 5.387562303514570284e-04 4.463800566828779741e-04 3.639518461425992907e-04 3.137693663264875740e-04 2.814892891651517856e-04 2.622086071346626883e-04 2.478282381133699091e-04 2.383709082964326513e-04 2.321981181712031036e-04 2.281412526354192677e-04 2.253938048107931519e-04 2.236738284997454235e-04 
2.219307149404419019e-04 2.227549091373195469e-04 2.239484876410677077e-04 2.256141284329300203e-04 2.280173383935626106e-04 2.315261044730357104e-04 2.366280237930359399e-04 2.432053739347376392e-04 2.540702932155143806e-04 2.707833362691673229e-04 2.985023874998013124e-04 3.313091428254947668e-04 3.472405078235577978e-04 5.422076470109724218e-04 6.573471204378228752e-04 8.211690667075002663e-04 1.460764042213629973e-03 1.845219048083820501e-03 3.418651343809944038e-03 4.628637670324567237e-03 7.853535413677613028e-03 1.319111982359626872e-02 1.654169977262504032e-02 2.952092768708542564e-02 4.802945537764176376e-02 5.271236064187397735e-02 5.681295248856718660e-02 1.038953926272365019e-01 2.192984501486139326e-01 3.799274965273037319e-01 5.215694765937345379e-01 5.770520553622411342e-01 5.246993265211948865e-01 4.070764680218214582e-01 3.001296161588777878e-01 2.621270603548311873e-01 3.060070551789250692e-01 4.073155406556931424e-01 5.289602306976084467e-01 6.411317925942477958e-01 7.284920655143001245e-01 7.880089461598976941e-01 8.235834691551333631e-01 8.414313897435160561e-01 8.474299295904420548e-01 8.461110620385898784e-01 8.405885175237894913e-01 8.328516244553483272e-01 8.241142767485072351e-01 8.150969325263677234e-01 8.102161174796017606e-01 7.999767687415231254e-01 7.892683995670991548e-01 7.782811399442429723e-01 7.672013369927378479e-01 7.562161233893719414e-01 7.455105941903154010e-01 7.352575328163274415e-01 7.256009292556514501e-01 7.166356791586833141e-01 7.083866766732908049e-01 7.007908924769223891e-01 6.936858957479372645e-01 6.868076378902946422e-01 6.797992395870192661e-01 6.722311456146869979e-01 6.636315126851710655e-01 6.535242739816209401e-01 6.414711739846725713e-01 6.271133499718141158e-01 6.189888936725769231e-01 6.010474749063198230e-01 5.783871692731344938e-01 5.501531425727824720e-01 5.157288457805200288e-01 4.750112465098103032e-01 4.287111194295035732e-01 3.785423154174717975e-01 3.270821974520040087e-01 2.771031737698522734e-01 2.304517120657832152e-01 1.871573841973456220e-01 1.460054351540283901e-01 1.071822800587393931e-01 7.487355089972705380e-02 5.509874464793396154e-02 4.815552985854405083e-02 4.616225831237386057e-02 4.388742419425054053e-02 4.446525272811439888e-02 4.520210921150615013e-02 3.742162870950838799e-02 2.465442046024109504e-02 1.757406294939975813e-02 2.014506946124771172e-02 2.312679040613443981e-02 1.797884347822485684e-02 1.256516701066577417e-02 1.225805346734001704e-02 8.807783216654631320e-03 6.233303722939778288e-03 5.364222835214844422e-03 3.276812998359069935e-03 2.870317243111504286e-03 1.677589071138687986e-03 1.344016045850758697e-03 1.141718074209766487e-03 5.875658438793300922e-04 5.473795065677880068e-04 4.542480044335865056e-04 3.691918509758603580e-04 3.172247201712161840e-04 2.838390184378979412e-04 2.638132330316071434e-04 2.488184647694015013e-04 2.390061202515995529e-04 2.325966902104801399e-04 2.283956248802246564e-04 2.255593447057853591e-04 2.236605242000076028e-04 
2.218526146230739827e-04 2.226960129928100176e-04 2.238326912769323513e-04 2.254480894653637202e-04 2.277896373279423984e-04 2.312180649170855631e-04 2.362659974770735293e-04 2.428197066863131400e-04 2.537147518834597260e-04 2.707733922685858093e-04 2.994573823340288465e-04 3.336032224426710240e-04 3.540589844411002837e-04 5.691547596502894964e-04 6.807704059338678211e-04 8.944271360996347564e-04 1.573128420530496953e-03 2.042903693605972563e-03 3.730793830755997024e-03 5.145037072855403876e-03 8.345340768289065750e-03 1.422816079064803153e-02 1.735685280689778717e-02 2.915264562147457106e-02 4.834210295650717693e-02 5.527045171180702821e-02 5.681692900986020506e-02 9.284414775536203868e-02 1.965764664307377563e-01 3.579168538501222296e-01 5.173792751449426408e-01 6.010413051177525556e-01 5.743296887436074583e-01 4.648394374643830540e-01 3.350953031106859714e-01 2.379786909488046109e-01 1.935540808913344402e-01 1.940690540861894076e-01 2.206369594819040103e-01 2.562097881358834095e-01 2.904187001665027856e-01 3.189394542699395263e-01 3.410903409292689870e-01 3.577599467898804897e-01 3.702096966582980597e-01 3.795691187794039134e-01 3.867067659975329530e-01 3.922510032015855130e-01 3.966473812341434479e-01 4.002109048559895355e-01 4.018871427760875026e-01 4.050257904440738854e-01 4.079459919132631396e-01 4.107201087058859335e-01 4.134065099947799027e-01 4.160420122594795656e-01 4.186332914527167159e-01 4.211485397066278558e-01 4.235108728279206036e-01 4.255949995090831939e-01 4.272284205654328648e-01 4.281979552654957000e-01 4.282617460085942906e-01 4.271661553768820174e-01 4.246662423782008866e-01 4.205478931588271796e-01 4.146492804303916757e-01 4.068792050891547052e-01 3.972300665299306477e-01 3.857837062079766399e-01 3.794362083654982398e-01 3.658464211045106551e-01 3.495400397408486293e-01 3.304446714885512226e-01 3.087165892923243171e-01 2.847900561053318680e-01 2.593491970067676178e-01 2.331673707949665220e-01 2.068044774880325731e-01 1.802866892813649868e-01 1.530982923313129740e-01 1.249028503647518912e-01 9.696985322422015108e-02 7.306136550729465384e-02 5.753879532189064977e-02 5.051189267224399926e-02 4.579167831366169616e-02 3.828021809928335711e-02 3.219702951871140917e-02 3.211833072891118190e-02 3.119372139914875636e-02 2.416166987495362711e-02 1.608747482567875545e-02 1.277493818782898458e-02 1.562206188750774917e-02 1.780832716654109221e-02 1.399133721426510692e-02 1.057214002849482352e-02 1.075278973468470067e-02 7.776890184608156731e-03 5.868668588118472820e-03 5.057947608964413755e-03 3.223242739283338834e-03 2.804124580927196391e-03 1.717284969199899284e-03 1.330349526500601348e-03 1.176723406472929279e-03 6.012224167283078922e-04 5.548640005635944918e-04 4.618995569304044533e-04 3.744946510664853476e-04 3.208123000800939292e-04 2.863446563513974484e-04 2.655465779823544905e-04 2.498911986338648054e-04 2.397005807985683092e-04 2.330341396150440456e-04 2.286671533399370999e-04 2.257980605361636017e-04 2.237620926941300849e-04 
2.218523047010356459e-04 2.226297369031087501e-04 2.237185546695204664e-04 2.252903671169611860e-04 2.275831535119926747e-04 2.309563775320023669e-04 2.360044942697933060e-04 2.426246420070739815e-04 2.537129286210875910e-04 2.714289475554457730e-04 3.016527947893142959e-04 3.377684222509280253e-04 3.643316470819837178e-04 6.058285497662973607e-04 7.098505727771716551e-04 9.905146038419177217e-04 1.700025393438667686e-03 2.279431146384080370e-03 4.045428901730484771e-03 5.695101592187794617e-03 8.705518995055132672e-03 1.501520558578726267e-02 1.792675404340756187e-02 2.794005392427375417e-02 4.731928250587495027e-02 5.769099629461249545e-02 5.884708981884092388e-02 8.390285368589561754e-02 1.705098566570028285e-01 3.196436220853272614e-01 4.790460866231927017e-01 5.756175229123352555e-01 5.703820629585629742e-01 4.810892958547322573e-01 3.580367795621923754e-01 2.467227505771142915e-01 1.690885939505571700e-01 1.261880767465761721e-01 1.091142445040154813e-01 1.076899030620997733e-01 1.142497095832544357e-01 1.241081920981409181e-01 1.347771634252401818e-01 1.450858297559546595e-01 1.545633518704973286e-01 1.630808118675255158e-01 1.706626739430283646e-01 1.773925381878908303e-01 1.833681478423641320e-01 1.886817315763449632e-01 1.913316296586603793e-01 1.965354379717923761e-01 2.016022679397750650e-01 2.065115221577354943e-01 2.112281967566754792e-01 2.157003093832685070e-01 2.198578864332476623e-01 2.236139379160191065e-01 2.268676644911429285e-01 2.295098851115932870e-01 2.314303770482976641e-01 2.325265244744875448e-01 2.327124229874370509e-01 2.319274282954914557e-01 2.301431008956669466e-01 2.273676022782660511e-01 2.236468398776155497e-01 2.190620147767236292e-01 2.137236566463216747e-01 2.077626793450189080e-01 2.045925121201546681e-01 1.980594723859132877e-01 1.905717721661179254e-01 1.821352924540961815e-01 1.727705890561944402e-01 1.624764441782244051e-01 1.511766050831640507e-01 1.386802103020199906e-01 1.247275844177895832e-01 1.092223569567876695e-01 9.269144930376654878e-02 7.675818366671671722e-02 6.398124770559493468e-02 5.628996940710588592e-02 5.244762476348058949e-02 4.759670367741076352e-02 3.822987429269902870e-02 2.836228591498868995e-02 2.489879220710856933e-02 2.527586141327923738e-02 2.175613136967769964e-02 1.541850882561245605e-02 1.045345392328971869e-02 9.128665818490562869e-03 1.149596682788296166e-02 1.288344011379769817e-02 1.028889607984273882e-02 8.530318284137835064e-03 9.009386086877613914e-03 6.591040184493544840e-03 5.371402491247450652e-03 4.627175841107633060e-03 3.116474122288538390e-03 2.682195777287772840e-03 1.744481886267252278e-03 1.298178471843455459e-03 1.206190957052397398e-03 6.144817090953318779e-04 5.605222247013092471e-04 4.689439984982468525e-04 3.796831823588545421e-04 3.244547695146833728e-04 2.889812126096306423e-04 2.674005511200765986e-04 2.510437474822603348e-04 2.404555638823432039e-04 2.335122069785762965e-04 2.289667265261150289e-04 2.259755860561019265e-04 2.240205166016886052e-04 
2.218172542392935116e-04 2.225219699538408171e-04 2.236072319623071526e-04 2.251472180616880415e-04 2.274094117232764345e-04 2.307616700748026735e-04 2.358814800011609027e-04 2.426843676663129859e-04 2.541689190363762268e-04 2.729207597343010329e-04 3.053575948100817469e-04 3.441202647665508657e-04 3.789979981760526135e-04 6.537047071459954747e-04 7.431140939227994565e-04 1.113245079936250881e-03 1.832044452066317010e-03 2.551804037049016597e-03 4.324624584162627995e-03 6.237150277300947294e-03 8.861747488616931318e-03 1.538634850386478257e-02 1.822939222337621040e-02 2.611758898028129078e-02 4.523703412898382598e-02 6.031925581056989116e-02 6.387875359950927201e-02 7.877580540529487141e-02 1.419272785138654680e-01 2.626060834926858267e-01 3.994801690132617211e-01 4.891454145761779393e-01 4.962993668349119925e-01 4.324220762024133524e-01 3.351847867276724902e-01 2.395922271933931536e-01 1.642976525015228950e-01 1.131693798841504200e-01 8.233576367128678242e-02 6.589987493886528824e-02 5.870985676938209746e-02 5.708257975277665486e-02 5.863586714447843046e-02 6.190757878245958107e-02 6.602289976702963026e-02 7.046389636624883490e-02 7.492532219531537752e-02 7.922881706237454302e-02 8.327298595294162220e-02 8.700437670264325740e-02 8.889987648086135341e-02 9.266295964651290185e-02 9.634382866048511740e-02 9.988656160366563008e-02 1.032336513253191423e-01 1.063273391255618316e-01 1.091115820502336492e-01 1.115344981741301644e-01 1.135510513568892543e-01 1.151256733792486164e-01 1.162344904615140728e-01 1.168668329597245675e-01 1.170257660390840587e-01 1.167274828206937426e-01 1.159995398882213841e-01 1.148780713697090533e-01 1.134042705464444606e-01 1.116205536742223559e-01 1.095668977417913609e-01 1.072778558127117643e-01 1.060538924452211068e-01 1.034996231342716205e-01 1.004908187591858210e-01 9.695582915886434561e-02 9.281174125486277293e-02 8.797732618754607048e-02 8.241076279040207564e-02 7.618581573647036087e-02 6.960457702601996477e-02 6.329505364843515669e-02 5.815268289994364459e-02 5.491687344038944513e-02 5.331862613994534095e-02 5.133685403618670762e-02 4.593077393751669735e-02 3.617344105294380274e-02 2.619194680231285224e-02 2.190232283254704357e-02 2.240343322800300574e-02 2.054632345277199873e-02 1.507135210609578113e-02 1.019637743195605899e-02 7.034889935452627585e-03 6.505975280629688537e-03 8.042196691578856402e-03 8.751939315957926735e-03 7.160636258638330975e-03 6.581021491124125142e-03 7.150103326895341192e-03 5.332674461169681357e-03 4.749972675247118511e-03 4.079022557038610407e-03 2.949631779870614135e-03 2.497542616509112589e-03 1.753195627797500978e-03 1.244158327042412231e-03 1.226038201806641968e-03 6.268361643759376390e-04 5.635353577205124906e-04 4.748605294901995328e-04 3.845101679899374071e-04 3.280386366278848550e-04 2.917061944469160088e-04 2.693571954105273484e-04 2.522684722770046043e-04 2.412702132094019013e-04 2.340316627220808223e-04 2.293047453679616867e-04 2.261114337766834679e-04 2.241532938263822450e-04 
2.216970307812250914e-04 2.224534645594651485e-04 2.235087647185142359e-04 2.250265884810776396e-04 2.272828593386808994e-04 2.306593292824359281e-04 2.359431656178184375e-04 2.430758988370593200e-04 2.552025507929468425e-04 2.754361301118949962e-04 3.108432409455038291e-04 3.529423901784467586e-04 3.992295891069814811e-04 7.136659563298210435e-04 7.778605834278911864e-04 1.265409649950295949e-03 1.953701963573381637e-03 2.850633770146651300e-03 4.519782583177151501e-03 6.710525763273094205e-03 8.772852782234889096e-03 1.522018900180118275e-02 1.833627578601318073e-02 2.419974644600134117e-02 4.263487228468056806e-02 6.322977606636195902e-02 7.200510573943545711e-02 7.870684988464277110e-02 1.140805195072974315e-01 1.929734572918125890e-01 2.888318025051744842e-01 3.551555351334884647e-01 3.652601867968574556e-01 3.258370058713077611e-01 2.616718257002201842e-01 1.959695831381929043e-01 1.415579661836015024e-01 1.018746844657746342e-01 7.525667084220179215e-02 5.844052565579662545e-02 4.834563180610836064e-02 4.263613546121532843e-02 3.971166717450150957e-02 3.852699657234175123e-02 3.841137569766815002e-02 3.893476492797906530e-02 3.981999714755294489e-02 4.088791070231923702e-02 4.202337078931106529e-02 4.315384047915332699e-02 4.375213261196418679e-02 4.497867455415458654e-02 4.621971625378340498e-02 4.744653114205391042e-02 4.863288519930780013e-02 4.975554799567407510e-02 5.079476441463038477e-02 5.173460554473704315e-02 5.256313023179730315e-02 5.327231310124475039e-02 5.385772828761112990e-02 5.431801664095884524e-02 5.465420233180747628e-02 5.486895629232359933e-02 5.496592268273522291e-02 5.494922564991972652e-02 5.482325436261486357e-02 5.459278499173624705e-02 5.426344269255136549e-02 5.384244173390864696e-02 5.360047737023673764e-02 5.306953009901550777e-02 5.241841994733015264e-02 5.164973867765156046e-02 5.078716225130758266e-02 4.988742931756841997e-02 4.904899264071047038e-02 4.840311552169784814e-02 4.806154005837440929e-02 4.799046969395499157e-02 4.781127381479673838e-02 4.663539061172536360e-02 4.322314697454382459e-02 3.682666933108291046e-02 2.856904840710922794e-02 2.188537576635239332e-02 1.990988280361046317e-02 2.108941997963420523e-02 2.000500627906433640e-02 1.521145550885225767e-02 1.053502298590480550e-02 7.204476394224656847e-03 5.041587339846163515e-03 4.706527328625822147e-03 5.435828341739131972e-03 5.639289279072773158e-03 4.766689501041165324e-03 4.850006566365932040e-03 5.336011886377932736e-03 4.106302774168377016e-03 4.030289861433809101e-03 3.440608622240055002e-03 2.719511553225243371e-03 2.249356783537939924e-03 1.736201044854168490e-03 1.166484226858879088e-03 1.231012547171951273e-03 6.376376175749330676e-04 5.630008641987970745e-04 4.789893446935313990e-04 3.886466232662578102e-04 3.314060973092538805e-04 2.944538886294549270e-04 2.713846046749797403e-04 2.535507329373438024e-04 2.421404717167386506e-04 2.345919201802343682e-04 2.296602263890986230e-04 2.264088604568827113e-04 2.241314222897133695e-04 
2.216715578957318355e-04 2.224031493871151234e-04 2.234259184127488425e-04 2.249384009881885563e-04 2.272213499580700083e-04 2.306800821417395167e-04 2.362447560145604808e-04 2.438899316398068404e-04 2.569477196497154075e-04 2.791701501364180263e-04 3.183556338172090954e-04 3.644564674503512490e-04 4.264665848108258701e-04 7.852047656291967189e-04 8.102475506933859081e-04 1.446873991484993929e-03 2.043780015549905796e-03 3.156772537206311950e-03 4.581906012996033242e-03 7.040541624541906025e-03 8.464666066813028231e-03 1.451557337743830667e-02 1.843377830398371109e-02 2.287802961644511829e-02 3.998691559619969166e-02 6.545516111618680799e-02 8.115610520768513914e-02 8.326179956685736405e-02 9.256744687635806712e-02 1.269249459910549993e-01 1.759776460541920273e-01 2.126918737523033343e-01 2.199361605750317916e-01 1.999012205478976623e-01 1.654946518447042991e-01 1.292629996118188906e-01 9.844155305245012866e-02 7.528838107537097479e-02 5.922433203801771157e-02 4.865473055258836416e-02 4.195627255352961382e-02 3.783682015455664543e-02 3.537810097873163306e-02 3.396564427984624657e-02 3.320168200649955409e-02 3.283352034909492456e-02 3.270249953477918914e-02 3.270989897794286672e-02 3.279484579348333761e-02 3.292020697695924314e-02 3.299725653394976893e-02 3.317185359872583394e-02 3.336642781877142971e-02 3.357385178868026177e-02 3.378870070164828598e-02 3.400696738716689482e-02 3.422576179349703235e-02 3.444300958951496128e-02 3.465716919258782225e-02 3.486698882539505245e-02 3.507132416121000462e-02 3.526903213661623793e-02 3.545894759449347983e-02 3.563993726123174111e-02 3.581101159182006888e-02 3.597146128570979928e-02 3.612097424205707591e-02 3.625968291269503901e-02 3.638809359239489338e-02 3.650685954887403217e-02 3.656277476227855899e-02 3.666613072704730941e-02 3.676797324477517476e-02 3.686107609611239538e-02 3.692844222989359604e-02 3.693306807805176589e-02 3.680115224896651077e-02 3.639952024042401174e-02 3.551615426598615094e-02 3.386960769437950131e-02 3.119550296548470950e-02 2.746126765305850412e-02 2.318180150513311777e-02 1.958475185957267786e-02 1.811591275517980201e-02 1.903120192156508919e-02 2.022116996655594010e-02 1.871871710873650868e-02 1.451828509202407469e-02 1.056547562294500933e-02 7.739005370337525593e-03 5.266427618154756289e-03 3.908791577521690194e-03 3.520963877348445414e-03 3.693560475282146351e-03 3.555729882559572393e-03 3.103443789061037430e-03 3.420054260703230334e-03 3.733328534490604721e-03 3.014657752548167893e-03 3.256914820183773839e-03 2.760287812721204728e-03 2.428314485454806989e-03 1.946538440629406053e-03 1.685343626237100108e-03 1.066196732065481526e-03 1.214870649152319194e-03 6.460315118640975844e-04 5.580322808790319196e-04 4.805445351311467099e-04 3.916769454011837523e-04 3.343483402376722828e-04 2.971288572936132879e-04 2.734317467812258113e-04 2.548663096927877131e-04 2.430576524793433149e-04 2.351900772193758348e-04 2.300452808001904564e-04 2.266642731492685408e-04 2.244115286330917178e-04 
2.216571175199773334e-04 2.223165901293889493e-04 2.233629211366253977e-04 2.248949810460658416e-04 2.272466072566124934e-04 2.308604143114393182e-04 2.368506350323712083e-04 2.452308074962440600e-04 2.595484518261256292e-04 2.843110272500090890e-04 3.280744035809192568e-04 3.788023750432566736e-04 4.623943646172123771e-04 8.651632857746196364e-04 8.361345227523674225e-04 1.651224405863108494e-03 2.079102403385323615e-03 3.437676335525434446e-03 4.482053779818587040e-03 7.156031947053501791e-03 8.056227155701450870e-03 1.344409402166933665e-02 1.877409364923899801e-02 2.280601325818056371e-02 3.741161511638012305e-02 6.458781838297465716e-02 8.618761048270663638e-02 8.810817710033641559e-02 8.035784658309523543e-02 8.077773170397412050e-02 9.203788057762275765e-02 1.034699231518925872e-01 1.058438434950892959e-01 9.814669778095538866e-02 8.464885893131561534e-02 7.008751439566680841e-02 5.733514960582342113e-02 4.736361221397079185e-02 4.003861701066947082e-02 3.482398563995353635e-02 3.116011189256939068e-02 2.859683474872563858e-02 2.680697764352523924e-02 2.556136765005415437e-02 2.470038169507772496e-02 2.411202430940095551e-02 2.371694740457798087e-02 2.345851551782387329e-02 2.329614760442132865e-02 2.320074452332967357e-02 2.316920172613280357e-02 2.313592757313666023e-02 2.313685979522389288e-02 2.316555019416038572e-02 2.321580282254632685e-02 2.328170285310759632e-02 2.335765052336728764e-02 2.343839855923917151e-02 2.351909050440903134e-02 2.359529597222906339e-02 2.366303734150678947e-02 2.371880130272816661e-02 2.375952843855868094e-02 2.378257513871679871e-02 2.378564488142131950e-02 2.376669027471719348e-02 2.372379292942216125e-02 2.365503457976066842e-02 2.355837893056055704e-02 2.343158834828293693e-02 2.335613099182052427e-02 2.318230125183777524e-02 2.295039129259417859e-02 2.264256930648556737e-02 2.223675857466217778e-02 2.170801625269525026e-02 2.103360289364236344e-02 2.020499186483050783e-02 1.925018533536928048e-02 1.826562845564836876e-02 1.744335107391785725e-02 1.705238521494396517e-02 1.730848469749874524e-02 1.810079614494020800e-02 1.872868809940165039e-02 1.808988046303668801e-02 1.565199325653409204e-02 1.237795547324809647e-02 9.758325186094391618e-03 7.719053727909532155e-03 5.575503521631702993e-03 4.031215486164562919e-03 3.182722163604853865e-03 2.769457010578863215e-03 2.647248111422916949e-03 2.322851120139335888e-03 2.047910091662936798e-03 2.320081702072768291e-03 2.464793240435549787e-03 2.129995527895573153e-03 2.489662448718178624e-03 2.101339453352561032e-03 2.085359007809970723e-03 1.610040490351987395e-03 1.592497818581986493e-03 9.484470976755717811e-04 1.171055628659826292e-03 6.508253192744229299e-04 5.479200305129747683e-04 4.786648929583027425e-04 3.931077581896618941e-04 3.366030345133358631e-04 2.995991552500891541e-04 2.754222137049428952e-04 2.561783297246980921e-04 2.440065868959900668e-04 2.358201003924544699e-04 2.304656517576196453e-04 2.268552818222568923e-04 2.246318176446114524e-04 
2.215534505946233383e-04 2.223039317914555200e-04 2.233342867109376520e-04 2.249112505134386627e-04 2.273845921743399630e-04 2.312426521064548735e-04 2.378334145429273673e-04 2.472148167894506858e-04 2.631519929786726910e-04 2.910188877962785340e-04 3.400622291737286302e-04 3.960516848249588597e-04 5.087348234646194619e-04 9.460519478046793039e-04 8.532096672558810374e-04 1.860814447247926976e-03 2.043717007833749724e-03 3.645915422337335683e-03 4.238382988635964500e-03 7.022221566765743210e-03 7.754739352719245381e-03 1.231462898311625268e-02 1.947181416446301661e-02 2.429457803492710358e-02 3.490076935520090157e-02 5.813976397709310490e-02 8.077676304922901118e-02 8.507507920422895109e-02 7.233317486616328007e-02 5.691610359448375650e-02 4.777623004819051694e-02 4.408738410198753677e-02 4.187699113566877018e-02 3.902877055806055345e-02 3.558582417416832760e-02 3.229644946509547393e-02 2.964803394167166845e-02 2.770393117109688774e-02 2.629708344013936133e-02 2.522395837254332723e-02 2.433418650325845645e-02 2.354275906935266935e-02 2.281175422947125456e-02 2.212923629499988221e-02 2.149451398229262553e-02 2.091003742383813063e-02 2.037776384233846647e-02 1.989797104155350757e-02 1.946921297853963784e-02 1.908870646749229530e-02 1.890010779293928994e-02 1.853364565214702178e-02 1.818365217926048993e-02 1.785249720428624259e-02 1.754224511495509897e-02 1.725459985006470853e-02 1.699086172448972809e-02 1.675189710222496978e-02 1.653812156587455839e-02 1.634949682565974005e-02 1.618554126553494246e-02 1.604535380878001696e-02 1.592765071749151912e-02 1.583081497253080103e-02 1.575295790211114419e-02 1.569199258707527564e-02 1.564571811214566371e-02 1.561191283270205350e-02 1.558843344560911781e-02 1.557331486209416298e-02 1.556834883046005757e-02 1.556274932496208747e-02 1.556195800387002830e-02 1.556653754166150393e-02 1.557769135013075019e-02 1.559777016372806968e-02 1.563050344654908289e-02 1.567991117871311152e-02 1.574577054519972139e-02 1.581250687426227070e-02 1.582942430511506682e-02 1.568757936831496544e-02 1.521660245174150279e-02 1.424563230627299247e-02 1.275448652628206891e-02 1.101834922375066923e-02 9.476867870142662714e-03 8.231297872391737241e-03 6.862720732548828993e-03 5.281567878009058720e-03 4.077244727760570391e-03 3.235277818876326067e-03 2.561514365663877628e-03 2.293076535782806805e-03 2.025839026468227114e-03 1.645906978080725501e-03 1.432785356667124008e-03 1.545588102717783581e-03 1.569967072479441306e-03 1.474366392812655191e-03 1.794009534269522558e-03 1.526717750984913930e-03 1.708631326350420598e-03 1.271728710105560255e-03 1.451692166008657428e-03 8.230005649105549131e-04 1.094157289507623068e-03 6.502703758969565666e-04 5.323383326990682035e-04 4.725198397356094107e-04 3.923998858883831400e-04 3.378598986222845269e-04 3.016902215238891505e-04 2.772472275670004511e-04 2.574338800357509234e-04 2.449633158975709113e-04 2.364715936903569464e-04 2.308914560777400229e-04 2.272534795316185296e-04 2.246315092074411439e-04 
2.215933880025081515e-04 2.222543575642609048e-04 2.233432655966321773e-04 2.250051328328417767e-04 2.276656378236457565e-04 2.318744431098764783e-04 2.392708924612850269e-04 2.499655071049318813e-04 2.678984216543208092e-04 2.993997202479576811e-04 3.542157717886092682e-04 4.162798927656296828e-04 5.666008737253138902e-04 1.014468823777606383e-03 8.645224499194919089e-04 2.041549521392937213e-03 1.943149532895458798e-03 3.725269461435964328e-03 3.935988818781654963e-03 6.675537944641376890e-03 7.805286609069072776e-03 1.144542914157033534e-02 2.014552673513025569e-02 2.681356089163769787e-02 3.283539331533006506e-02 4.663581453081690198e-02 6.324133577777844850e-02 6.854390945148471082e-02 5.909240139738092951e-02 4.336254259600121758e-02 2.986004590287402033e-02 2.133093770651809523e-02 1.679315038353956097e-02 1.460259880741347424e-02 1.365267815870289600e-02 1.335808592056206279e-02 1.340286392242800821e-02 1.359772560267862550e-02 1.383059989168736702e-02 1.404439186078208605e-02 1.421734897133217039e-02 1.434638693439503100e-02 1.443620885661318215e-02 1.449372402091791620e-02 1.452573634421842896e-02 1.453818717887226525e-02 1.453600493435508283e-02 1.452315917953276268e-02 1.450277751441096663e-02 1.447727860526402954e-02 1.446188227735535105e-02 1.442626023231909950e-02 1.438435772838011703e-02 1.433632476858008944e-02 1.428225215042002588e-02 1.422216134811304239e-02 1.415600051853285746e-02 1.408364758976694137e-02 1.400492061199110939e-02 1.391959474351403200e-02 1.382742451601002599e-02 1.372816945461574276e-02 1.362162077467203407e-02 1.350762675698361295e-02 1.338611450861532277e-02 1.325710611728529199e-02 1.312072766255342401e-02 1.297721011560693145e-02 1.282688180227168143e-02 1.267015279196772280e-02 1.258953307515136948e-02 1.242654568767741219e-02 1.224171084012276242e-02 1.203239264982756788e-02 1.179572007448832782e-02 1.152847642946584587e-02 1.122689674895935123e-02 1.088642887703263930e-02 1.050173137359862452e-02 1.006758656211191941e-02 9.581813454637808092e-03 9.050792759539991877e-03 8.494971793366645416e-03 7.944527996917735702e-03 7.410933806694235473e-03 6.841598533399200627e-03 6.127468306009264433e-03 5.246688584782407613e-03 4.394037448942428314e-03 3.722959940551157868e-03 3.056557787378473730e-03 2.433229055042300006e-03 2.133668132331152569e-03 1.904160581870527683e-03 1.598615542695590135e-03 1.261698932495737644e-03 1.086681051922954583e-03 1.072679457344206770e-03 1.011257764386586577e-03 1.020158337188926912e-03 1.225801615846661965e-03 1.078771791204689726e-03 1.325591764481330983e-03 9.677614803974245649e-04 1.262783840863939419e-03 7.029106132128390720e-04 9.823173111288122962e-04 6.417987376346554612e-04 5.115342679865471365e-04 4.614790436159884701e-04 3.890324589913823211e-04 3.377788045041069456e-04 3.031809266507000823e-04 2.787588218103145593e-04 2.585607482876721322e-04 2.458923631117230862e-04 2.371281197016987996e-04 2.313508907669238038e-04 2.274300132668936154e-04 2.250728223255958713e-04 
2.215117741696996201e-04 2.222914992096935245e-04 2.234094270707608781e-04 2.251975184655201150e-04 2.281241205803548507e-04 2.328072508020517025e-04 2.412394139983716347e-04 2.536036372898025585e-04 2.739065461473480251e-04 3.094800039671709909e-04 3.702418117292027291e-04 4.396873115526556564e-04 6.350322414027829640e-04 1.051125824009478899e-03 8.820289394743043195e-04 2.142059847961111027e-03 1.817404497275955551e-03 3.630654140553565834e-03 3.720614858301012420e-03 6.222056033001950245e-03 8.376867337491593346e-03 1.108146834644969589e-02 1.979468980049014365e-02 2.839974880335957921e-02 3.136775883304718932e-02 3.460544408047835918e-02 4.071794849512400116e-02 4.340668552964750682e-02 3.866027458848309700e-02 2.932059862296660518e-02 2.003642494884918038e-02 1.324644946994628543e-02 9.169024579018018872e-03 7.091939718139938370e-03 6.235367769344232758e-03 6.040554290859585611e-03 6.170264853624940656e-03 6.436904219841369304e-03 6.741201233994588080e-03 7.033561618032388094e-03 7.291683819449870999e-03 7.507927190139710577e-03 7.682266356715729966e-03 7.818364680793438506e-03 7.921381419324640891e-03 7.996768456992419186e-03 8.049650728748419456e-03 8.084551941271009637e-03 8.105316251904727542e-03 8.115131882162816140e-03 8.116823251901314484e-03 8.113628458451246916e-03 8.101777693572743619e-03 8.081440134151334637e-03 8.052824173269941890e-03 8.016181592716945664e-03 7.971812601160631687e-03 7.920070595453177625e-03 7.861365443594644023e-03 7.796164198049937086e-03 7.724988416829564261e-03 7.648407662053787089e-03 7.567029208481759056e-03 7.481484463935773530e-03 7.392413016029521916e-03 7.300445520608072301e-03 7.206186799388319270e-03 7.110200501170475459e-03 7.012996510005651933e-03 6.915021981638024701e-03 6.865867070902479524e-03 6.768863377062810625e-03 6.662362767517858962e-03 6.545752485150939555e-03 6.418409291030755838e-03 6.279685386329718344e-03 6.128895757750646607e-03 5.965310585217232890e-03 5.788138786420282157e-03 5.596444641769390133e-03 5.388883940371462684e-03 5.163185936109214273e-03 4.915708859571170722e-03 4.642387118394938374e-03 4.343041191124732969e-03 4.027399127647626927e-03 3.709724750801834947e-03 3.377362155033949726e-03 2.975339771490065430e-03 2.509358621286849386e-03 2.143694231823635617e-03 1.945751199643122901e-03 1.756349145342321009e-03 1.532131908237747758e-03 1.247553518099133027e-03 1.018423541807699255e-03 8.846712458924935012e-04 8.172403282276029766e-04 7.095531994512382142e-04 7.185144006216104967e-04 8.121022442565276403e-04 7.652021381675356638e-04 9.710831029027154008e-04 7.268312665386580549e-04 1.036100549694731658e-03 6.006284752999114856e-04 8.402752952865748422e-04 6.219255894544382284e-04 4.863710075628586331e-04 4.453255993349942272e-04 3.826010522600098961e-04 3.360233754933125683e-04 3.038037712942537848e-04 2.797651417417376120e-04 2.594651264910141251e-04 2.467437758059405997e-04 2.377655683780585921e-04 2.317951167176603296e-04 2.278717576678866697e-04 2.250196519645810312e-04 
2.215851996954746749e-04 2.223084058032089342e-04 2.235393500119435572e-04 2.255122187145440396e-04 2.287972860605122039e-04 2.340933367856387886e-04 2.438014875453180610e-04 2.582275839770800511e-04 2.812551551259003012e-04 3.211902600115270181e-04 3.876842460297856389e-04 4.666293169551029860e-04 7.084301915046089561e-04 1.035235273729058318e-03 9.259966718932668289e-04 2.105745150033156050e-03 1.739895927626561051e-03 3.357890812138139818e-03 3.758281888806865815e-03 5.778393736557134452e-03 9.329390779758363686e-03 1.142984044736636458e-02 1.765175524206698265e-02 2.622814620936046032e-02 2.867650486109658489e-02 2.590957524506404611e-02 2.346172784776901638e-02 2.189266286122319022e-02 1.928007701836544768e-02 1.538762335210328881e-02 1.133464361937710878e-02 8.093458932877601111e-03 5.954481289318875464e-03 4.725194305470995122e-03 4.085276566700195983e-03 3.783340673977352714e-03 3.666780152559054491e-03 3.650123248158769484e-03 3.685027439050427532e-03 3.743504028651510780e-03 3.809435380891186985e-03 3.873908860904478040e-03 3.932384799140408935e-03 3.982919112671001564e-03 4.025057028780937123e-03 4.059157066291820860e-03 4.085984887806039592e-03 4.106473298568332625e-03 4.121583698545023752e-03 4.132229453625539325e-03 4.136456285661047061e-03 4.142472704942182227e-03 4.145175647153400388e-03 4.144516213541161315e-03 4.140477217781281770e-03 4.133072749939553821e-03 4.122347117964391891e-03 4.108373187910082693e-03 4.091250233315777557e-03 4.071101482107727584e-03 4.048071600803135849e-03 4.022324368190483175e-03 3.994040756999394509e-03 3.963417563252547363e-03 3.930666607127141290e-03 3.896014393162893896e-03 3.859701981919595650e-03 3.821984713649404820e-03 3.783131358033139501e-03 3.743422258694388983e-03 3.723336815094993504e-03 3.683478464339493084e-03 3.639553264146296215e-03 3.591547658048700221e-03 3.539624140542064427e-03 3.484152066621973038e-03 3.425689884852999457e-03 3.364865368920330786e-03 3.302085003659600577e-03 3.237014724919713097e-03 3.167844795678421109e-03 3.090508607853685412e-03 2.998251781288175169e-03 2.882165071238538406e-03 2.733441494248721893e-03 2.548222478126127826e-03 2.335331711830972590e-03 2.122592278558460988e-03 1.946151504102813009e-03 1.811973906169981208e-03 1.682117930737908520e-03 1.541379137322714237e-03 1.384197520943576242e-03 1.176102053064700470e-03 9.856997037900800708e-04 8.333111470158424162e-04 7.572200192784849133e-04 6.666269501775893029e-04 5.629626722558198808e-04 5.379147687730428517e-04 5.474033265919836175e-04 5.605685074052409829e-04 6.793966551255891653e-04 5.584160944845397139e-04 7.956057762135652217e-04 5.223153074191133616e-04 6.817219056174583444e-04 5.867762262777179248e-04 4.580684010394410824e-04 4.244406408278246111e-04 3.729326855652238121e-04 3.323075796351670683e-04 3.032516378218368374e-04 2.800314211402445065e-04 2.600316090070578143e-04 2.474503801686017560e-04 2.383502173619002546e-04 2.322345482968203264e-04 2.280647650748939177e-04 2.255087454663639820e-04 
2.215512454812094230e-04 2.224100052280956596e-04 2.237568755590947666e-04 2.259751952409758157e-04 2.297226321362095549e-04 2.357805542784024684e-04 2.469851645111172610e-04 2.638770067436314588e-04 2.899537968886003211e-04 3.343562047913996673e-04 4.059828796529895995e-04 4.971598348267747139e-04 7.735038958299174459e-04 9.559567753069089444e-04 1.014554063305492769e-03 1.901840496888215163e-03 1.793325349307522704e-03 2.958389627485194084e-03 4.154992896296742268e-03 5.455974288410798435e-03 9.932059309202758909e-03 1.236573453783069813e-02 1.458857403319517923e-02 1.966241865281775567e-02 2.209398219700488622e-02 1.911878303459773817e-02 1.426262143127678302e-02 1.051777473081851391e-02 8.118437318821905557e-03 6.428445849944876278e-03 5.141792627405418481e-03 4.228179495850611751e-03 3.641123789419031028e-03 3.273084705375715626e-03 3.030690848164576279e-03 2.862855487463314592e-03 2.744945059314011105e-03 2.662549483928430046e-03 2.605400975097278433e-03 2.565940255321657974e-03 2.538690565938911316e-03 2.519699240667765908e-03 2.506120681571885004e-03 2.495944194331971462e-03 2.487801323461444249e-03 2.480808016795802307e-03 2.474429366993244599e-03 2.468368435025185010e-03 2.462480936208835680e-03 2.456714089800107054e-03 2.453615508052056290e-03 2.447032673325283143e-03 2.439897956267071070e-03 2.432180765673360150e-03 2.423866393662931461e-03 2.414954802704824023e-03 2.405459125078293625e-03 2.395403943564973926e-03 2.384823410032971443e-03 2.373759246276249853e-03 2.362258661429823131e-03 2.350372214316846699e-03 2.338151648431335220e-03 2.325647732242640351e-03 2.312908147913651184e-03 2.299975486162933805e-03 2.286885421956844251e-03 2.273665162109429847e-03 2.260332268322556327e-03 2.246893963895932496e-03 2.240134673092059915e-03 2.226728457680091609e-03 2.211853352232813399e-03 2.195296212232207729e-03 2.176785529973164404e-03 2.155977144373817916e-03 2.132448991263783192e-03 2.105720334431804026e-03 2.075317236310418850e-03 2.040902008557046385e-03 2.002451652754803045e-03 1.960389568908193440e-03 1.915459870669376438e-03 1.868093227515236175e-03 1.817273166682626794e-03 1.759634217507920033e-03 1.690345510244897547e-03 1.606962258623306772e-03 1.513879706762641126e-03 1.418461107510543421e-03 1.314246604446948907e-03 1.184169395584490402e-03 1.044869648682632485e-03 9.129089196386518329e-04 7.862088096449630983e-04 7.139131795782514053e-04 6.456425203242699808e-04 5.616124554607005836e-04 4.844461119720475497e-04 4.454265597344027761e-04 4.104319236450719942e-04 4.263318437170327165e-04 4.712623394506143884e-04 4.495696776614173558e-04 5.759519622453433034e-04 4.637452561066479867e-04 5.284614987745417771e-04 5.338305318119436612e-04 4.275995677449984447e-04 3.998277795600630466e-04 3.601697467257547166e-04 3.264423019588065674e-04 3.011940259341921479e-04 2.792923910316640751e-04 2.601272601183408461e-04 2.479261180669550682e-04 2.388367410801134827e-04 2.326448643874043224e-04 2.284216079645505027e-04 2.254633589006997338e-04 
2.216450367143998272e-04 2.225817994281813835e-04 2.240770975444644113e-04 2.266128814674529888e-04 2.309329864597945640e-04 2.379041099021172914e-04 2.507537828010739512e-04 2.704689280342010812e-04 2.998816142770632407e-04 3.486507441285524415e-04 4.244017866152546815e-04 5.294951790400734010e-04 8.086469568963643335e-04 8.289180158752256075e-04 1.143538376639786133e-03 1.564237817173948089e-03 2.029411038622629462e-03 2.530968593108274493e-03 4.777617705584499309e-03 5.507398611935805134e-03 9.186151745529157545e-03 1.257637411890794553e-02 1.232428833467821665e-02 1.240070247308742817e-02 1.299809258263932149e-02 1.163825125799103355e-02 8.672533482577097705e-03 5.824891918973349250e-03 3.891802070617739282e-03 2.811130233045979008e-03 2.298025046085698606e-03 2.095784999887335964e-03 2.030949780160347124e-03 2.012879396082074661e-03 2.005254930052196433e-03 1.996215892385035193e-03 1.982618884330288045e-03 1.964663980866700535e-03 1.943877378824485341e-03 1.921926278099047062e-03 1.900055859612499775e-03 1.879019573396505192e-03 1.859215526725468146e-03 1.840830653647388499e-03 1.823932666782553547e-03 1.808518563259192170e-03 1.794540341659890985e-03 1.781921019945686708e-03 1.770566319792730168e-03 1.760373575350608058e-03 1.755263322454252064e-03 1.745184577497468784e-03 1.735317100760191316e-03 1.725686222702238742e-03 1.716315704842872160e-03 1.707227755274182352e-03 1.698443003251090370e-03 1.689980380050535311e-03 1.681856871262344625e-03 1.674087130102999655e-03 1.666682967476400268e-03 1.659652757665716800e-03 1.653000814761271644e-03 1.646726801933868752e-03 1.640825232917225924e-03 1.635285113565652102e-03 1.630089753687500361e-03 1.625216758868247829e-03 1.620638192132500864e-03 1.616320879254658531e-03 1.614248494030605689e-03 1.610307513376395489e-03 1.606154395107601196e-03 1.601734092874061363e-03 1.596949546202583448e-03 1.591639414808156084e-03 1.585547403697613834e-03 1.578282181335064014e-03 1.569269851999184184e-03 1.557708386070155325e-03 1.542547465044194141e-03 1.522534871942897525e-03 1.496372375965368583e-03 1.462963260065889247e-03 1.421565682746273648e-03 1.371496577745951167e-03 1.311342229848553448e-03 1.238978187952700883e-03 1.154779477924853647e-03 1.066255093889729652e-03 9.825182145125229121e-04 8.965329439951005277e-04 7.993876632536027916e-04 7.227811706802254096e-04 6.716069492655472916e-04 6.139789367023285992e-04 5.520150610070619166e-04 4.843027216114351424e-04 4.292453738529344236e-04 3.908970723778477149e-04 3.513193765877907927e-04 3.472615345118904451e-04 3.453045672956512094e-04 3.750903561275108515e-04 4.096267571239077965e-04 4.128452657009812994e-04 4.039582211087309853e-04 4.649372437369487122e-04 3.950761800947021822e-04 3.728501503381157454e-04 3.447477897593309148e-04 3.183579006474786493e-04 2.973075356730492847e-04 2.772840473343417787e-04 2.596115391071498503e-04 2.480669388596492241e-04 2.391674821179442904e-04 2.329685936972989877e-04 2.287763299218126408e-04 2.258054763965760344e-04 
2.217875831569364052e-04 2.227834526803085192e-04 2.245139478602053062e-04 2.274490755927616073e-04 2.324482168486566335e-04 2.404741231536150069e-04 2.549695380721485414e-04 2.776955448632137955e-04 3.106420827863781470e-04 3.633622064358234000e-04 4.414666994533435565e-04 5.574191960846914227e-04 7.913343092162539302e-04 7.051426296842067598e-04 1.271699369139589822e-03 1.208107252599208625e-03 2.405104129379528714e-03 2.280491486771133326e-03 5.016809194940416786e-03 6.166483294189631370e-03 7.307564915083443816e-03 1.021967981539833280e-02 1.026930901630159626e-02 8.072841899556407533e-03 6.408277462217117429e-03 5.328723131347030094e-03 4.202344142219032776e-03 3.057302516249538801e-03 2.159312130368299526e-03 1.625230662907657664e-03 1.369092107484689907e-03 1.258769696756403085e-03 1.214853457254386378e-03 1.201461251178254433e-03 1.201539629541616703e-03 1.206552057987984265e-03 1.212605935569217863e-03 1.218120968338976548e-03 1.222493450940727311e-03 1.225540482722691253e-03 1.227307536709243418e-03 1.227971676030544055e-03 1.227764587614216078e-03 1.226916769144129451e-03 1.225627802092911153e-03 1.224057087397997443e-03 1.222325815318369693e-03 1.220523143220283340e-03 1.218712900387011527e-03 1.216939446294877571e-03 1.215998155676921259e-03 1.214040504404212623e-03 1.211994309582809784e-03 1.209873131251203680e-03 1.207689767176578846e-03 1.205455718780066091e-03 1.203180626562489050e-03 1.200871732837928635e-03 1.198533432901952673e-03 1.196166969480171949e-03 1.193770310302700016e-03 1.191338227226343980e-03 1.188862570869427199e-03 1.186332710989541775e-03 1.183736093471377676e-03 1.181058852639034051e-03 1.178286414293284101e-03 1.175404030610823023e-03 1.172397201652866866e-03 1.169251957308878494e-03 1.167623245244466890e-03 1.164296119901684278e-03 1.160450145641202593e-03 1.155977459534591242e-03 1.150743021005664300e-03 1.144576895524359542e-03 1.137264519148434988e-03 1.128535520735396598e-03 1.118053474235971819e-03 1.105412010716265610e-03 1.090146542065050135e-03 1.071773599164701401e-03 1.049867984295060289e-03 1.024175012530191510e-03 9.947145662672328154e-04 9.617354976484460182e-04 9.252539219225975210e-04 8.841236817395076251e-04 8.359401565670443457e-04 7.808327648526303079e-04 7.279375733406513293e-04 6.896592725063616786e-04 6.589275394789363650e-04 6.186841882736308310e-04 5.755926209077540188e-04 5.265966086563122518e-04 4.744344321318313268e-04 4.232962414409680019e-04 3.848494652327792091e-04 3.508164232842711288e-04 3.213572933612172423e-04 3.099866801307408397e-04 2.887227721744440602e-04 3.136346560372269563e-04 3.095045156079289077e-04 3.598308682222973358e-04 3.222689037402937670e-04 3.889582345635272508e-04 3.599281049531415826e-04 3.447354376242435774e-04 3.272238223700484365e-04 3.080842426577668457e-04 2.913307942787998132e-04 2.738027215607012903e-04 2.583528480337188727e-04 2.477564543357995775e-04 2.392727714353290642e-04 2.331832572556165827e-04 2.289132167869706400e-04 2.261379344655393519e-04 
2.218936401575457857e-04 2.230627346770761466e-04 2.250863178261045656e-04 2.284994089533122768e-04 2.342627058383794448e-04 2.434568373398618576e-04 2.593658929486809340e-04 2.848923445602174033e-04 3.212628311240014372e-04 3.767740261177184155e-04 4.537191179043020958e-04 5.691285561905723477e-04 7.166719216481847420e-04 6.537659076970126588e-04 1.328569245126099037e-03 1.021997709416343995e-03 2.652261536635397085e-03 2.609748945446711647e-03 4.198599774163702669e-03 6.563618854080900851e-03 6.036015089632455581e-03 6.270812908123333217e-03 6.641797636369019611e-03 5.392445505044527083e-03 3.625648655488472507e-03 2.407056155008669828e-03 1.734492767763277671e-03 1.349286699746006252e-03 1.136188410617372350e-03 1.029425532319389351e-03 9.686981983571152800e-04 9.253660435156973963e-04 8.913016574407028403e-04 8.639696163356591803e-04 8.427023789184943155e-04 8.271623798321789400e-04 8.165176254165734584e-04 8.096116586809685035e-04 8.053451270802358284e-04 8.028468564044929662e-04 8.014815456692947352e-04 8.008065116588549770e-04 8.005254235206287882e-04 8.004486202797442794e-04 8.004606578889956851e-04 8.004951507276088056e-04 8.005165841500381596e-04 8.005080475003412393e-04 8.004634282802848902e-04 8.003826533647400050e-04 8.003243646486945303e-04 8.001677330068454998e-04 7.999509157701551387e-04 7.996658260772751287e-04 7.993044486318960943e-04 7.988589182356436091e-04 7.983216562669902434e-04 7.976855480023697367e-04 7.969441378833213565e-04 7.960918170580422821e-04 7.951239782154537455e-04 7.940371168597284241e-04 7.928288651798898407e-04 7.914979536052414852e-04 7.900441047050975113e-04 7.884678729338042867e-04 7.867704505285537039e-04 7.849534636734919807e-04 7.830187833183778435e-04 7.809683717734007416e-04 7.799003785533709793e-04 7.777132047831875582e-04 7.751863466907728522e-04 7.722633617118005150e-04 7.688785152124868972e-04 7.649558356246219035e-04 7.604086222005829003e-04 7.551396183599523755e-04 7.490417307869452670e-04 7.419985936111835436e-04 7.338842142761088693e-04 7.245635507107900213e-04 7.139040684547824384e-04 7.018210761236765233e-04 6.883823927939277786e-04 6.739573203372712339e-04 6.592794368113029770e-04 6.451421081724940986e-04 6.315148105690918936e-04 6.167051709910776865e-04 5.984953907959156966e-04 5.770119244621308655e-04 5.526048693160399939e-04 5.215930791580294067e-04 4.858211852321858140e-04 4.474600638443640421e-04 4.074267969782121158e-04 3.752251923338604535e-04 3.477543648496764900e-04 3.199486260358537656e-04 3.011170406143794782e-04 2.869166491446569346e-04 2.687269417126485638e-04 2.734162944131582535e-04 2.622186132211220904e-04 3.058777535827512939e-04 2.799206629502579125e-04 3.204239442041782954e-04 3.225392045074208683e-04 3.162875564416285082e-04 3.080639466650964323e-04 2.957194248962649336e-04 2.831630491678875476e-04 2.687922146185476625e-04 2.562499845261707182e-04 2.468791305101261224e-04 2.390741440809202446e-04 2.332472800989694207e-04 2.290018417529706286e-04 2.261026121461125519e-04 
2.220598582557415236e-04 2.234479645937419211e-04 2.258069223920744224e-04 2.297624878951105701e-04 2.363289470817015337e-04 2.467450065592380532e-04 2.635601528441431350e-04 2.909545482170119947e-04 3.297849472430249701e-04 3.853065312795520090e-04 4.549962488820351986e-04 5.530414795363389072e-04 6.162697768492988830e-04 7.179836731867739576e-04 1.237958121975463307e-03 1.238467846454289296e-03 2.315466198913707085e-03 3.537514947777975743e-03 3.077759423278355298e-03 5.009751887394744280e-03 5.318003918446776064e-03 3.919247425193179979e-03 3.149431631839480755e-03 2.677820303613701047e-03 2.018637375350627091e-03 1.368433451306921367e-03 9.288545139185551804e-04 7.238318069212969002e-04 6.563714411512380385e-04 6.405105128666051468e-04 6.399769213416784059e-04 6.417775442021596321e-04 6.417365967195426575e-04 6.397494482716347677e-04 6.367226360881139777e-04 6.333572989313700826e-04 6.300707737060955464e-04 6.270810229844902151e-04 6.244634992927510387e-04 6.222129124450571447e-04 6.202933925450667156e-04 6.186622243829990181e-04 6.172761368003717476e-04 6.160927488862373612e-04 6.150724037949529144e-04 6.141803601131557442e-04 6.133882260599600065e-04 6.126742066450335594e-04 6.120224125764718364e-04 6.114217037855660796e-04 6.111125648751362764e-04 6.104824689161182562e-04 6.098328158097055278e-04 6.091594738990333642e-04 6.084588322723208115e-04 6.077277902498358017e-04 6.069637053732951154e-04 6.061643130493432488e-04 6.053276333630482195e-04 6.044518807214961566e-04 6.035353900549081732e-04 6.025765697170554994e-04 6.015738865898520929e-04 6.005258839331783626e-04 5.994312278774312133e-04 5.982887747383806420e-04 5.970976489401913978e-04 5.958573204693794244e-04 5.945676714334302863e-04 5.932290432713706665e-04 5.925416003601393462e-04 5.911521076519476395e-04 5.895742032635579392e-04 5.877815772043790219e-04 5.857454472290818219e-04 5.834349715349335282e-04 5.808179045860062178e-04 5.778615280521851374e-04 5.745339496070436163e-04 5.708059708542415848e-04 5.666536960426627129e-04 5.620613692998397163e-04 5.570219677406019467e-04 5.515303542599657091e-04 5.455636552062932947e-04 5.390498057718403051e-04 5.318314254095008907e-04 5.236215264353325481e-04 5.139467036401471674e-04 5.021824423343387508e-04 4.878993179929150660e-04 4.712188368900537038e-04 4.519018798467764318e-04 4.284255930994655551e-04 4.022752139344192858e-04 3.780898600176905988e-04 3.567150224378742200e-04 3.368744775491811080e-04 3.157145672221835361e-04 2.973604557107858244e-04 2.841510462910778610e-04 2.695030500134930058e-04 2.596863036728299040e-04 2.558443739106135975e-04 2.454199601463191976e-04 2.601592205420388826e-04 2.595285046537843909e-04 2.721357662765519860e-04 2.863479935613504361e-04 2.884181155632108313e-04 2.877248055887936425e-04 2.815096428457011953e-04 2.730245662623415623e-04 2.624377662749205454e-04 2.532538373514637707e-04 2.453433768766134933e-04 2.384920682421613584e-04 2.331022078813452540e-04 2.290393069111766491e-04 2.260848562762260167e-04 
2.223172041349556630e-04 2.239392768665090334e-04 2.266772870226971390e-04 2.312071889990000549e-04 2.385405668936069841e-04 2.501107438995276463e-04 2.671370169950409816e-04 2.945134986374916392e-04 3.332447157974533837e-04 3.838299378692957621e-04 4.397408602818530122e-04 5.123674129862198839e-04 5.527972199589394628e-04 8.652477071501238088e-04 9.979873558246968399e-04 1.835234869575670625e-03 1.599632363757604904e-03 3.627824500545100573e-03 3.189438015948459736e-03 2.647222092777905874e-03 3.243868627582334636e-03 2.776843902637090699e-03 1.791985214651307425e-03 1.175907753465513846e-03 8.776622192356973865e-04 6.918572453258089701e-04 5.817990769083775928e-04 5.282060894281052519e-04 4.989118877925950756e-04 4.815527341455421015e-04 4.713600904645329865e-04 4.660097014060405381e-04 4.639483890111109187e-04 4.637419006254946368e-04 4.643677273494736541e-04 4.652471526216529589e-04 4.660980902903835363e-04 4.668157701462044952e-04 4.673875998231023093e-04 4.678331816154704566e-04 4.681734899447374549e-04 4.684231141884067067e-04 4.685926701820765979e-04 4.686921707647368146e-04 4.687323225201054820e-04 4.687241710115174539e-04 4.686782317083690048e-04 4.686038108616155358e-04 4.685087085360066343e-04 4.683992277259610123e-04 4.683352410770636473e-04 4.681899982320482769e-04 4.680213046183933322e-04 4.678284963924647785e-04 4.676107348338139460e-04 4.673670311606177054e-04 4.670962929355075175e-04 4.667973853016280832e-04 4.664691985515484213e-04 4.661107131328646579e-04 4.657210540669087144e-04 4.652995287616780700e-04 4.648456449197975503e-04 4.643591082584113674e-04 4.638398025925282060e-04 4.632877570725762312e-04 4.627031067295258975e-04 4.620860528211727901e-04 4.614368288222900068e-04 4.607556764310772506e-04 4.604032017507541947e-04 4.596854575868786945e-04 4.588619199360061390e-04 4.579152933132748550e-04 4.568253778678270393e-04 4.555687328894459081e-04 4.541184276091042582e-04 4.524439144330852066e-04 4.505109776925804270e-04 4.482815591112563431e-04 4.457131203774183535e-04 4.427572854412794483e-04 4.393580141561383287e-04 4.354502352719943643e-04 4.309596721900493007e-04 4.258029544239039775e-04 4.198867847827448228e-04 4.131103506934579502e-04 4.053815996794551957e-04 3.966557864931592172e-04 3.870003642293844744e-04 3.766316730786583395e-04 3.657646018471159572e-04 3.545772901868799137e-04 3.435655232948963420e-04 3.320742779673119477e-04 3.186589835099348268e-04 3.045918531611278976e-04 2.908191553797148405e-04 2.795854707666524407e-04 2.687288428582135409e-04 2.579206113069766344e-04 2.527266319891749609e-04 2.450195261014682371e-04 2.405413206101968788e-04 2.384491943279410883e-04 2.432122511941493858e-04 2.462076351984772817e-04 2.572808655314724790e-04 2.632745257128219895e-04 2.672963226900722375e-04 2.661758535235213968e-04 2.616455779453389589e-04 2.552075056530702757e-04 2.493854726949396939e-04 2.431139189187222170e-04 2.374597388142572004e-04 2.326945454886674249e-04 2.289358329035545464e-04 2.261050059436499142e-04 
2.226487238070227949e-04 2.245454461757918278e-04 2.276802103747243297e-04 2.327574250211828205e-04 2.407219929432677570e-04 2.531437322638314382e-04 2.697640013578706040e-04 2.946349345596611024e-04 3.291729421517841322e-04 3.696785327169942355e-04 4.121237659766787027e-04 4.752224182426808023e-04 5.785778675823328391e-04 9.497244391333352614e-04 8.900403562396324480e-04 2.010620741263548662e-03 1.727944853833977617e-03 2.059815760586820952e-03 3.050075282214074340e-03 2.075192589106736492e-03 1.363954606701711994e-03 1.260509812677038880e-03 1.047917837950848889e-03 7.374030119417028083e-04 5.093436599602526715e-04 4.141875347617475760e-04 3.897485236753111051e-04 3.859472415548610572e-04 3.864164029157617303e-04 3.863909066468676273e-04 3.854873160929825219e-04 3.841100950298388227e-04 3.825385375708621489e-04 3.809393895560702964e-04 3.794010190507208211e-04 3.779868976192671867e-04 3.767302884634632192e-04 3.756232966076026333e-04 3.746369778359125787e-04 3.737448653185953878e-04 3.729308943661651613e-04 3.721865023446085008e-04 3.715060303518660030e-04 3.708842466719318312e-04 3.703158112079378127e-04 3.697955397476961558e-04 3.693187249090875541e-04 3.688812752645446048e-04 3.684796923545592164e-04 3.681109689832978943e-04 3.679226368709894498e-04 3.675433330861471119e-04 3.671603848617694624e-04 3.667737023902900616e-04 3.663832531771087997e-04 3.659890438072036824e-04 3.655910984541321795e-04 3.651894372267458326e-04 3.647840572649653891e-04 3.643749189427437766e-04 3.639619387004961251e-04 3.635449890441943503e-04 3.631239052531190200e-04 3.626984974666392280e-04 3.622685661850990300e-04 3.618339188941510805e-04 3.613943855329445612e-04 3.609498308530222901e-04 3.605001622958865087e-04 3.600453327511029026e-04 3.598159798563554338e-04 3.593601984213832482e-04 3.588537918719714929e-04 3.582906956381474409e-04 3.576640833414710904e-04 3.569662563718879224e-04 3.561885094521283907e-04 3.553209880107444053e-04 3.543525866829086326e-04 3.532709726506465318e-04 3.520628046278869881e-04 3.507140950889962644e-04 3.492104600420607328e-04 3.475369923459273422e-04 3.456780205794241574e-04 3.436175140408446668e-04 3.413393527383537908e-04 3.388230634803518666e-04 3.360312427275657303e-04 3.328907778348857678e-04 3.292654156607841931e-04 3.249249219139570483e-04 3.195958858097996350e-04 3.131689584854306803e-04 3.057286123116872588e-04 2.972088089407824468e-04 2.881546702943384728e-04 2.798528918360714403e-04 2.724028029547401718e-04 2.646749517646856801e-04 2.563742974245522403e-04 2.502485126055120266e-04 2.452494467086272379e-04 2.387039725793976277e-04 2.369821168192646045e-04 2.319655389959038912e-04 2.324208291705114678e-04 2.330710337791692727e-04 2.391010314786514725e-04 2.440876092527883656e-04 2.491329599207367019e-04 2.513044956922276529e-04 2.503087206099775352e-04 2.477572931747803846e-04 2.447569977666538030e-04 2.402455416244131132e-04 2.359436759961720581e-04 2.319919948748052816e-04 2.286607971585182821e-04 2.260322683848734685e-04 
2.230689142887645022e-04 2.252945494665349222e-04 2.287474571222459098e-04 2.342808524906007754e-04 2.426320077779446876e-04 2.552297316710423758e-04 2.711511011717514436e-04 2.918062945956607771e-04 3.189225850035938190e-04 3.494931931275371655e-04 3.921427520038555086e-04 4.787646683997912565e-04 6.643706161935629276e-04 8.446315332500122734e-04 1.201984296215767318e-03 1.291644101516394895e-03 2.155984066984130160e-03 1.310311425945426267e-03 1.368027728114343299e-03 1.553965558021967860e-03 1.049122493518635669e-03 6.192879744959081710e-04 4.608574118315152970e-04 3.968437583897601391e-04 3.621717716580211176e-04 3.446050506176275463e-04 3.324048863875541326e-04 3.235251300748592123e-04 3.178803016805625153e-04 3.150701525952381257e-04 3.140534828919999970e-04 3.139648846250224501e-04 3.142829284619259780e-04 3.147519141194383974e-04 3.152405455708449543e-04 3.156695474878981459e-04 3.160027296852726143e-04 3.162379086353406081e-04 3.163879892952537951e-04 3.164675939292023324e-04 3.164892618936735076e-04 3.164640663263076437e-04 3.164023835793328718e-04 3.163138179797501015e-04 3.162067698990559945e-04 3.160881395232856793e-04 3.159633026456556038e-04 3.158362822219673701e-04 3.157099990634753498e-04 3.155865208607306011e-04 3.155208443719583812e-04 3.153835381256456325e-04 3.152384906130268954e-04 3.150859336402986950e-04 3.149261028773007944e-04 3.147592466420482153e-04 3.145856327246827444e-04 3.144055521082403338e-04 3.142193190200306832e-04 3.140272673547117544e-04 3.138297440531625138e-04 3.136271004288177389e-04 3.134196826492335842e-04 3.132078225966017544e-04 3.129918301599992681e-04 3.127719877046478245e-04 3.125485470711898391e-04 3.123217290593266427e-04 3.120917250001788872e-04 3.118586997679026213e-04 3.117410994050825090e-04 3.115072842159433532e-04 3.112474074495364144e-04 3.109584198478525154e-04 3.106368869978576351e-04 3.102789213117728437e-04 3.098800798281161305e-04 3.094352008736768445e-04 3.089381428206504094e-04 3.083813878587869043e-04 3.077554901013941440e-04 3.070483677212937140e-04 3.062444092294416787e-04 3.053232219931190680e-04 3.042576890406688663e-04 3.030112319450577814e-04 3.015351166589844123e-04 2.997673520123277525e-04 2.976339385063576449e-04 2.950542568945285424e-04 2.919596057340063033e-04 2.883349439054007889e-04 2.842718372138273476e-04 2.799783627932723746e-04 2.756914976329026589e-04 2.715881444761513819e-04 2.676506515632232162e-04 2.633566824591085029e-04 2.581311563484623740e-04 2.523389261229043944e-04 2.474953097895918482e-04 2.434911307804776782e-04 2.386773949045900860e-04 2.354087399830902857e-04 2.326325188412265517e-04 2.295202447531473670e-04 2.284005630074723437e-04 2.271293677457498540e-04 2.287716988212579498e-04 2.325123876658989879e-04 2.359540597280177226e-04 2.390602240737645123e-04 2.404599828862864623e-04 2.406875069693579410e-04 2.396144022207536382e-04 2.369001421968800695e-04 2.339686668337010301e-04 2.309667004955301363e-04 2.282650787284764941e-04 2.258579355702908242e-04 
2.236535415775401736e-04 2.260523675912964284e-04 2.297903501259017487e-04 2.355917727561253122e-04 2.439786151590432530e-04 2.557257050107704073e-04 2.707324930514751725e-04 2.878421654815183127e-04 3.091619028237083881e-04 3.391698821970124951e-04 4.018455885327888678e-04 5.183060503804635347e-04 6.807167870324122702e-04 7.897218822411090087e-04 1.263053246260009439e-03 1.052141931494703997e-03 1.218297344306332923e-03 1.413862511054729890e-03 8.016594126489118158e-04 5.690325197195744743e-04 5.660631531439683228e-04 4.732598883626341771e-04 3.505025633605587639e-04 2.943798282344539967e-04 2.807184873537986523e-04 2.797478684972052004e-04 2.817052244869434527e-04 2.835377478368568318e-04 2.844884734059373397e-04 2.845952557204170725e-04 2.841539347690584245e-04 2.834821034570711917e-04 2.827616552644232053e-04 2.820616093043783364e-04 2.814190149084683235e-04 2.808500850585629182e-04 2.803509020692764920e-04 2.799106778124633510e-04 2.795205330907197952e-04 2.791742118702960815e-04 2.788664684248528982e-04 2.785923131996605748e-04 2.783471128808468918e-04 2.781268488518646260e-04 2.779282102230553665e-04 2.777485252056196337e-04 2.775856261638110205e-04 2.774377181826783736e-04 2.773032783846925880e-04 2.771809872931507972e-04 2.771189478218680550e-04 2.769948500495156654e-04 2.768706689483557172e-04 2.767463300729939711e-04 2.766217527067549504e-04 2.764968498558426991e-04 2.763715293958137267e-04 2.762456961104666278e-04 2.761192542513693786e-04 2.759921101979933861e-04 2.758641748188292941e-04 2.757353652114872340e-04 2.756056056236797338e-04 2.754748275023525552e-04 2.753429687620720075e-04 2.752099724845157675e-04 2.750757853394909802e-04 2.749403560451623135e-04 2.748036341587239647e-04 2.746655694160489262e-04 2.745960178014826710e-04 2.744579004315029374e-04 2.743045308771829339e-04 2.741340001663032113e-04 2.739441158813377608e-04 2.737323610473974922e-04 2.734958531651994137e-04 2.732313039744242722e-04 2.729349755086128118e-04 2.726026209423679345e-04 2.722293988815849600e-04 2.718097763144214645e-04 2.713375017475238671e-04 2.708057986705847387e-04 2.702078837658147175e-04 2.695376811246985040e-04 2.687904260305879031e-04 2.679631176093040458e-04 2.670549569331960083e-04 2.660667598679994925e-04 2.649970121722630863e-04 2.638324596019479482e-04 2.625309785807695539e-04 2.609993754640081774e-04 2.590800489905429249e-04 2.565736631100500628e-04 2.533692023813496137e-04 2.497028978679206672e-04 2.462063170584671617e-04 2.433643056249643109e-04 2.406718300106917418e-04 2.373874640473238511e-04 2.344526580251389460e-04 2.321325808719199198e-04 2.292429714697009327e-04 2.280018342331192448e-04 2.259789746916356134e-04 2.252390121949123870e-04 2.244355980106157327e-04 2.257221683222671266e-04 2.283955128016892662e-04 2.307749715973587165e-04 2.329241013614816484e-04 2.343530378086890653e-04 2.343951945933333441e-04 2.333275265135069442e-04 2.316411251507472825e-04 2.295837994832735567e-04 2.276184685389681368e-04 2.257068640007329346e-04 
2.242172382626543689e-04 2.266471866397015375e-04 2.307403237704326680e-04 2.364801172594314254e-04 2.444425054755031308e-04 2.544516500119891602e-04 2.677593142487858565e-04 2.838067034394457983e-04 3.060638402883608927e-04 3.474993319447121972e-04 4.275438267063774635e-04 5.235388470783447924e-04 6.479279286032623916e-04 8.708165527305529018e-04 8.265139459965506995e-04 1.089036812456620467e-03 7.309613665234058338e-04 6.331010803814673873e-04 6.532794630525681767e-04 4.684050034034851475e-04 3.234692396329021742e-04 2.762128795582746471e-04 2.704857031019506806e-04 2.705930334401685650e-04 2.679279534603174243e-04 2.636154058485596502e-04 2.598523409795998936e-04 2.572759203162497009e-04 2.557881277578412100e-04 2.551292752944699896e-04 2.549865618070968980e-04 2.551131547251503980e-04 2.553622769698822765e-04 2.556461019957824237e-04 2.559163937119276100e-04 2.561533624925715078e-04 2.563519568456521219e-04 2.565128236344307042e-04 2.566391090940756993e-04 2.567353974289780880e-04 2.568067924062358907e-04 2.568581246992670793e-04 2.568935441827275884e-04 2.569164525328163865e-04 2.569295974807638450e-04 2.569351978632356892e-04 2.569350481262077366e-04 2.569305964668137064e-04 2.569230045161740488e-04 2.569131959367085879e-04 2.569071748713569903e-04 2.568930499125008445e-04 2.568761852878017151e-04 2.568566277091654301e-04 2.568344245291004054e-04 2.568096224376730050e-04 2.567822665836971699e-04 2.567524001992245192e-04 2.567200647167299085e-04 2.566853002869257908e-04 2.566481465441742562e-04 2.566086434368717835e-04 2.565668319409318988e-04 2.565227545064230731e-04 2.564764551398363577e-04 2.564279790907085630e-04 2.563773721765098953e-04 2.563246798366521908e-04 2.562699460447597790e-04 2.562132122250970149e-04 2.561841073165783251e-04 2.561253275320219628e-04 2.560586147261444253e-04 2.559827834620954684e-04 2.558964510616089936e-04 2.557980001420032774e-04 2.556855346337363324e-04 2.555568294181248838e-04 2.554092729828970365e-04 2.552397987725651680e-04 2.550447926568879414e-04 2.548199528976401759e-04 2.545600734003256147e-04 2.542587315601390089e-04 2.539078831270181222e-04 2.534973634301729891e-04 2.530142589750824546e-04 2.524421714608179488e-04 2.517606744656900736e-04 2.509455233728699218e-04 2.499704076725525834e-04 2.488121339986701266e-04 2.474620943443879301e-04 2.459453761967151817e-04 2.443428272826082891e-04 2.427934910506561017e-04 2.414354604404367224e-04 2.402669950672583479e-04 2.390091643672851785e-04 2.372211441111562471e-04 2.349130346467873977e-04 2.327727729426252556e-04 2.309282110237353871e-04 2.288831115567623194e-04 2.274991573062815650e-04 2.260271045722043125e-04 2.247806488159338127e-04 2.238563692325565638e-04 2.232195075311230095e-04 2.227978147043897274e-04 2.237460482490173663e-04 2.258587028966260811e-04 2.275616914038059108e-04 2.290060820939997526e-04 2.296935473584346167e-04 2.298159886389106404e-04 2.291454104216947740e-04 2.280228509188327165e-04 2.265097443867756990e-04 2.253274012090049491e-04 
2.244755151276946453e-04 2.274643056369196658e-04 2.313517964028528190e-04 2.367597409001593537e-04 2.437793444847270513e-04 2.520827865353501319e-04 2.629855297385897761e-04 2.794640029901161228e-04 3.074327661797262787e-04 3.580210797628946735e-04 4.250871883517818076e-04 5.186779365171674669e-04 6.572257020244875840e-04 6.894850145400280251e-04 7.315056972070695541e-04 5.913933351545774385e-04 6.142280531832151847e-04 4.518711680654011794e-04 3.251166214597599777e-04 3.011669085959568911e-04 2.763519598333383904e-04 2.559455170007772485e-04 2.465578905396825825e-04 2.424043992335077086e-04 2.416565442096716624e-04 2.425242477756143003e-04 2.436794010021786562e-04 2.445858681173434905e-04 2.451265086253728008e-04 2.453486347976157277e-04 2.453541971289912812e-04 2.452222852079811652e-04 2.450154156934968345e-04 2.447772730899900793e-04 2.445321115510311035e-04 2.442936167004466507e-04 2.440696112231269862e-04 2.438635579465970248e-04 2.436761128108862185e-04 2.435065708605982360e-04 2.433536974867017222e-04 2.432160802478358663e-04 2.430922744256311548e-04 2.429808815918210643e-04 2.428805982793470764e-04 2.427902409659915973e-04 2.427087522557406715e-04 2.426351951469065522e-04 2.425687416259647404e-04 2.425086597204905066e-04 2.424783212584261842e-04 2.424179368515714519e-04 2.423579357780588934e-04 2.422983096138372030e-04 2.422390492347880632e-04 2.421801445254752620e-04 2.421215841243647441e-04 2.420633552585020219e-04 2.420054437045303635e-04 2.419478338939499106e-04 2.418905091605093847e-04 2.418334521063964285e-04 2.417766450495354303e-04 2.417200705032675678e-04 2.416637116371717509e-04 2.416075526715532901e-04 2.415515791685639161e-04 2.414957781975573560e-04 2.414401383700179099e-04 2.413846497553169383e-04 2.413569594058913184e-04 2.413024871907462838e-04 2.412427942457309434e-04 2.411773870464018713e-04 2.411057256633622210e-04 2.410272189592089131e-04 2.409412193845817318e-04 2.408470181019452424e-04 2.407438420194978231e-04 2.406308552049342994e-04 2.405071674834532330e-04 2.403718526119824465e-04 2.402239790868362576e-04 2.400626625758029320e-04 2.398871602796677277e-04 2.396970280553992368e-04 2.394923269743892723e-04 2.392738159483558352e-04 2.390430503805318131e-04 2.388022158147005915e-04 2.385531612702392870e-04 2.382946799583205843e-04 2.380167973607410928e-04 2.376909700350232635e-04 2.372581412552327278e-04 2.366240926993224780e-04 2.356828247493496231e-04 2.343923210200640349e-04 2.328848936160552189e-04 2.314686854792419996e-04 2.303346974832928091e-04 2.292396042509440451e-04 2.279692906956271958e-04 2.268675719029232475e-04 2.257025927690401400e-04 2.245376524291420111e-04 2.238151909378689611e-04 2.229899241617354355e-04 2.223981576696212631e-04 2.220053841892181176e-04 2.217384815998651277e-04 2.224347689650557256e-04 2.239578892984425001e-04 2.250312739006458105e-04 2.260006082339270010e-04 2.266541912568162268e-04 2.267106554660326364e-04 2.262761997627239406e-04 2.255820058975568259e-04 2.243843034155356417e-04 
2.252266487130058948e-04 2.278004234813676022e-04 2.314982691216581573e-04 2.363224430364514836e-04 2.421321242305045373e-04 2.496226802209730437e-04 2.599249916334676956e-04 2.779003589869915333e-04 3.105736589885513049e-04 3.610286271714008592e-04 4.314580892963015423e-04 5.244774549653265618e-04 5.359294562877247106e-04 5.694812133170485324e-04 5.059378529394243078e-04 4.632757780371466708e-04 3.538565341059426279e-04 3.150286949094939005e-04 2.883838525403923064e-04 2.502618160214082092e-04 2.366046584204834586e-04 2.354106644159950656e-04 2.364792525360102210e-04 2.371917425567031509e-04 2.370593786687759093e-04 2.364006529245118473e-04 2.356273181728976685e-04 2.349471684746741787e-04 2.344339704727500502e-04 2.340796068357027201e-04 2.338567478460774961e-04 2.337298688490445885e-04 2.336684121544439015e-04 2.336494694513122951e-04 2.336562542571532823e-04 2.336772673689467041e-04 2.337051212252126882e-04 2.337352130831150607e-04 2.337647760247323417e-04 2.337922837760634392e-04 2.338170271217847589e-04 2.338387922126805942e-04 2.338576372130085894e-04 2.338737564784911785e-04 2.338874058018768076e-04 2.338988625676910362e-04 2.339084037114737941e-04 2.339162928308444265e-04 2.339227726622083179e-04 2.339280611991529507e-04 2.339305147916932465e-04 2.339349446276715080e-04 2.339387221524440402e-04 2.339418304419899021e-04 2.339442547328252553e-04 2.339459821058299262e-04 2.339470011384622101e-04 2.339473015637863137e-04 2.339468739694379571e-04 2.339457095600711511e-04 2.339437999950375470e-04 2.339411373011973368e-04 2.339377138505052440e-04 2.339335223843515938e-04 2.339285560636463824e-04 2.339228085233097598e-04 2.339162739138860676e-04 2.339089469182760873e-04 2.339008227385895708e-04 2.338918970546754832e-04 2.338871324139356431e-04 2.338771509360336475e-04 2.338652784564228889e-04 2.338511363196728971e-04 2.338342676282107282e-04 2.338141207238804040e-04 2.337900291950409663e-04 2.337611878006234955e-04 2.337266236061181785e-04 2.336851613272018650e-04 2.336353811603502121e-04 2.335755662396347694e-04 2.335036359707929048e-04 2.334170623260039548e-04 2.333127696619649442e-04 2.331870230439899903e-04 2.330353140601444076e-04 2.328522672613647854e-04 2.326316357279681953e-04 2.323665264988635675e-04 2.320500841156321868e-04 2.316770365318393055e-04 2.312466878076609525e-04 2.307676489843677055e-04 2.302633527239341001e-04 2.297741338692134297e-04 2.293462427850882128e-04 2.289964934817871459e-04 2.286601431386737072e-04 2.281839565993700500e-04 2.274586675826111969e-04 2.266029169247687884e-04 2.258037393358576788e-04 2.249722911761392846e-04 2.241924852457041978e-04 2.235903094024587780e-04 2.228645647287317135e-04 2.223563596710571757e-04 2.218847578124600738e-04 2.214960489002615611e-04 2.212400949110739708e-04 2.210670863816357340e-04 2.215355510820301601e-04 2.226012008896701116e-04 2.234166920348555174e-04 2.241055377171771235e-04 2.245459824695144474e-04 2.245908334806438940e-04 2.242941461793372074e-04 2.239119406514893226e-04 
2.253547322206570565e-04 2.277949874865520773e-04 2.311637328338037002e-04 2.352363479633606488e-04 2.402696829258094222e-04 2.477745825558587802e-04 2.608343510811513910e-04 2.838876196388996805e-04 3.211131918200795009e-04 3.707133993141968880e-04 4.225451995310658512e-04 4.381283557277372825e-04 4.662378758787546042e-04 4.115945635425044807e-04 3.821375012428967479e-04 3.189956939470641232e-04 2.876268999348898740e-04 2.602438223957396785e-04 2.368609054534838161e-04 2.317051933336829303e-04 2.315629703939799501e-04 2.310681017310703357e-04 2.301839570584353930e-04 2.293523094829247430e-04 2.288521660632066533e-04 2.286651160698130968e-04 2.286816554739012593e-04 2.287968224265410637e-04 2.289434592804176862e-04 2.290836406761274815e-04 2.292012931531469972e-04 2.292914098304975931e-04 2.293552159038155121e-04 2.293965252179003776e-04 2.294197128166906223e-04 2.294290609523419032e-04 2.294282722241970684e-04 2.294202583279063030e-04 2.294072431168380703e-04 2.293909334267855429e-04 2.293726344180847289e-04 2.293533226000016550e-04 2.293337070061912707e-04 2.293142870021490094e-04 2.292954036066107175e-04 2.292772812239801997e-04 2.292600595669622946e-04 2.292438173176417212e-04 2.292285894745341483e-04 2.292143800670014080e-04 2.292070489397094249e-04 2.291921522529028279e-04 2.291769567525534467e-04 2.291614786644994726e-04 2.291457338657716073e-04 2.291297378664005290e-04 2.291135057966374564e-04 2.290970524021397755e-04 2.290803920480591327e-04 2.290635387311757169e-04 2.290465060981477130e-04 2.290293074668640135e-04 2.290119558477872528e-04 2.289944639621578062e-04 2.289768442547731719e-04 2.289591088998876303e-04 2.289412697998237335e-04 2.289233385769747962e-04 2.289053265606631456e-04 2.288872447709417617e-04 2.288781810660586171e-04 2.288602799226691108e-04 2.288405660822751691e-04 2.288188652050640235e-04 2.287949905247094466e-04 2.287687434988567084e-04 2.287399150635968019e-04 2.287082876644516867e-04 2.286736382353299671e-04 2.286357422308251503e-04 2.285943786386640834e-04 2.285493356016802722e-04 2.285004159245379184e-04 2.284474412808338987e-04 2.283902526220218531e-04 2.283287003304298513e-04 2.282626101533599835e-04 2.281917031889149855e-04 2.281154418172780013e-04 2.280327536255644615e-04 2.279415427481349603e-04 2.278378796285390826e-04 2.277148169355184550e-04 2.275609709169201279e-04 2.273595806020841813e-04 2.270899361769391730e-04 2.267344979215113151e-04 2.262942903709708512e-04 2.258065125286981654e-04 2.253392713703732944e-04 2.249341677777019538e-04 2.245408154082157088e-04 2.240901980847767485e-04 2.236304138858043980e-04 2.231513709417741692e-04 2.226279763830586408e-04 2.222196251350062413e-04 2.217989330917296620e-04 2.214693514482623550e-04 2.211807227785839928e-04 2.209441165311024394e-04 2.207753133451983258e-04 2.206681929635380878e-04 2.210084069831371280e-04 2.217678450050718209e-04 2.223093649453789726e-04 2.228056359257493885e-04 2.230994692223608219e-04 2.231028220483627909e-04 2.229350291630086296e-04 
2.252372221550063441e-04 2.275540147791031904e-04 2.303969491316830865e-04 2.339256895821955251e-04 2.390633170463664261e-04 2.477243366494475785e-04 2.633262953745229965e-04 2.884567691181832354e-04 3.207704873942519180e-04 3.541791542499636439e-04 3.776820672195982755e-04 3.865932160929117564e-04 3.517653803451293920e-04 3.320352799814210243e-04 2.880382682060915684e-04 2.636631437694100864e-04 2.464561292920255855e-04 2.312143009843104587e-04 2.276310981089315450e-04 2.270225242257373460e-04 2.264233030139552736e-04 2.259546622643944730e-04 2.257296198185825063e-04 2.257065042154795598e-04 2.257751766157165441e-04 2.258557418650889847e-04 2.259134042482909054e-04 2.259399436055934080e-04 2.259392570970224158e-04 2.259187934910814901e-04 2.258858761342615452e-04 2.258463778892651869e-04 2.258045131348307096e-04 2.257628424350321180e-04 2.257228828403932161e-04 2.256855005862499336e-04 2.256510849608988831e-04 2.256197081362052554e-04 2.255912655709837176e-04 2.255655670835583608e-04 2.255423873960314218e-04 2.255214936697152257e-04 2.255026606691825665e-04 2.254856785936539118e-04 2.254703563300586343e-04 2.254565219898898069e-04 2.254440220121497985e-04 2.254327196341304360e-04 2.254224931751181457e-04 2.254132343521961690e-04 2.254085543546650037e-04 2.253992297540370181e-04 2.253899510531560892e-04 2.253807165325390997e-04 2.253715242850441247e-04 2.253623722239040447e-04 2.253532580942068362e-04 2.253441794873179826e-04 2.253351338573743865e-04 2.253261185387785148e-04 2.253171307633887758e-04 2.253081676764650436e-04 2.252992263506168919e-04 2.252903037974260240e-04 2.252813969768699691e-04 2.252725028050281029e-04 2.252636181608282855e-04 2.252547398926858378e-04 2.252458648258405820e-04 2.252369897709783893e-04 2.252325512498865457e-04 2.252237998377779407e-04 2.252141770858993592e-04 2.252035906616872230e-04 2.251919363880500451e-04 2.251790961416346045e-04 2.251649352895688573e-04 2.251492995668988295e-04 2.251320112775160426e-04 2.251128646903442516e-04 2.250916205405588150e-04 2.250679997131021419e-04 2.250416765747013904e-04 2.250122730264994596e-04 2.249793549856693475e-04 2.249424335184987706e-04 2.249009737119989614e-04 2.248544165613210535e-04 2.248022221271296173e-04 2.247439428272245631e-04 2.246793314598142209e-04 2.246084758613686760e-04 2.245319162863893285e-04 2.244506211638782895e-04 2.243655542834008861e-04 2.242763955796699376e-04 2.241790284704472144e-04 2.240623794404785732e-04 2.239079500725866525e-04 2.236984209425460501e-04 2.234361966879308688e-04 2.231494284136937764e-04 2.228568489498795337e-04 2.225483644776137643e-04 2.222492070230047971e-04 2.219603513670374579e-04 2.216508835481439575e-04 2.213875918853752114e-04 2.211257320487583576e-04 2.209143183271511303e-04 2.207357854499974483e-04 2.205932417802270449e-04 2.204875155075565962e-04 2.204202111778488424e-04 2.206484275339960451e-04 2.211883840170160865e-04 2.215676163222774896e-04 2.219004014339433239e-04 2.220904610185204337e-04 2.220798010810854717e-04 
2.250649776766998236e-04 2.270291585078777058e-04 2.295700986233389462e-04 2.330527170384460653e-04 2.390274408027029060e-04 2.498631839961504178e-04 2.671717763475676879e-04 2.903006684359693990e-04 3.153633936192640642e-04 3.313510447499738200e-04 3.291838954621282036e-04 3.148917807109856372e-04 2.940344743784566390e-04 2.675156943184723614e-04 2.489442282994571592e-04 2.379239120632603306e-04 2.271038863605020954e-04 2.246620593594989359e-04 2.243102157418921775e-04 2.240281338866780881e-04 2.237977302174711512e-04 2.236843635713466484e-04 2.236568299089580173e-04 2.236610914507978338e-04 2.236662175360081375e-04 2.236614932337272702e-04 2.236466265805568145e-04 2.236252297887917555e-04 2.236012480423198135e-04 2.235775531923772999e-04 2.235556523340265147e-04 2.235362911454023382e-04 2.235196082191021299e-04 2.235053919269634130e-04 2.234933073088114374e-04 2.234830004976303536e-04 2.234741495597707454e-04 2.234664851433149438e-04 2.234597902608170339e-04 2.234538923526300787e-04 2.234486550935516763e-04 2.234439714117448345e-04 2.234397574406493453e-04 2.234359472953776835e-04 2.234324887577918324e-04 2.234293398880288597e-04 2.234264664602984591e-04 2.234238400625043872e-04 2.234214367004681465e-04 2.234192357754931878e-04 2.234181134481871996e-04 2.234158560301093477e-04 2.234135795989080904e-04 2.234112817982117111e-04 2.234089603199128371e-04 2.234066129088396703e-04 2.234042373660648370e-04 2.234018315507488566e-04 2.233993933804795514e-04 2.233969208303687433e-04 2.233944119311993793e-04 2.233918647670760929e-04 2.233892774730379801e-04 2.233866482329988057e-04 2.233839752783825885e-04 2.233812568875867858e-04 2.233784913863477782e-04 2.233756771488855429e-04 2.233728125996540170e-04 2.233698962153985606e-04 2.233684181239328228e-04 2.233654653655240839e-04 2.233621596025285204e-04 2.233584512825223089e-04 2.233542824139649519e-04 2.233495848917333728e-04 2.233442784674509430e-04 2.233382682887117036e-04 2.233314419158406250e-04 2.233236657087971316e-04 2.233147804631520697e-04 2.233045961643694325e-04 2.232928857221048340e-04 2.232793775401496978e-04 2.232637467911352178e-04 2.232456053645037589e-04 2.232244907467592046e-04 2.231998546859510974e-04 2.231710535920105036e-04 2.231373446844610287e-04 2.230978952229166392e-04 2.230518162987879939e-04 2.229982364687019280e-04 2.229364298235283267e-04 2.228659989571904747e-04 2.227870688351527809e-04 2.227003414642753586e-04 2.226066931077269769e-04 2.225059388973406099e-04 2.223950714044659049e-04 2.222683964136063883e-04 2.221229061394827827e-04 2.219633112878485141e-04 2.217910251348143328e-04 2.215999488293606792e-04 2.214104616877136228e-04 2.212224614321497908e-04 2.210323032004672227e-04 2.208645864172126185e-04 2.207069356615566267e-04 2.205715299393647155e-04 2.204580700385855090e-04 2.203689529742612456e-04 2.203030770791733202e-04 2.202629844261024428e-04 2.204198675669238915e-04 2.207989173494782497e-04 2.210600898803001979e-04 2.212769557997894265e-04 2.213990999089658380e-04 
2.247078028072364213e-04 2.265811849870676879e-04 2.290194032402259432e-04 2.330540904698491500e-04 2.404726724354253053e-04 2.523466965053157429e-04 2.682982460558305349e-04 2.845822191827133410e-04 2.945273128744780016e-04 2.960945501466433032e-04 2.868124787426547359e-04 2.687203602235212750e-04 2.534853470642172259e-04 2.394865849399333674e-04 2.316886363009123455e-04 2.245208350820919897e-04 2.229068779634987331e-04 2.226866012035192484e-04 2.225363480337658813e-04 2.223902703390864474e-04 2.223029163558647376e-04 2.222695998776503027e-04 2.222648361343276943e-04 2.222679395527578112e-04 2.222685898547555278e-04 2.222643662158386448e-04 2.222565250034728458e-04 2.222468182401457232e-04 2.222367809723494033e-04 2.222272423572882081e-04 2.222185364884835402e-04 2.222107253409383559e-04 2.222037544106148703e-04 2.221975251680866038e-04 2.221919277765726640e-04 2.221868628954159315e-04 2.221822492683450548e-04 2.221780229454105044e-04 2.221741345542520220e-04 2.221705462829552007e-04 2.221672288743101859e-04 2.221641590375499032e-04 2.221613175240968216e-04 2.221586878299929371e-04 2.221562553577486102e-04 2.221540068780549165e-04 2.221519301823507084e-04 2.221500138595722414e-04 2.221482471557645517e-04 2.221466198890220277e-04 2.221457871123346287e-04 2.221441069288248909e-04 2.221424068622388209e-04 2.221406864844359581e-04 2.221389453935087644e-04 2.221371832130406227e-04 2.221353995911672433e-04 2.221335941995865434e-04 2.221317667325472763e-04 2.221299169058989719e-04 2.221280444562497014e-04 2.221261491402068649e-04 2.221242307337228483e-04 2.221222890314960554e-04 2.221203238464122733e-04 2.221183350089732161e-04 2.221163223667229280e-04 2.221142857836042278e-04 2.221122251392908405e-04 2.221101403284644242e-04 2.221090888316116195e-04 2.221069987251725949e-04 2.221046753800485043e-04 2.221020900868433219e-04 2.220992101205773934e-04 2.220959981074601330e-04 2.220924112851375802e-04 2.220884006387194710e-04 2.220839098919019032e-04 2.220788743284097318e-04 2.220732194130575060e-04 2.220668591729934769e-04 2.220596942870667041e-04 2.220516098125738832e-04 2.220424724487236293e-04 2.220321271847805207e-04 2.220203931018498373e-04 2.220070580041490682e-04 2.219918714898248542e-04 2.219745361283796464e-04 2.219546969087533178e-04 2.219319307013851007e-04 2.219057405990176022e-04 2.218755642467527952e-04 2.218408083530743955e-04 2.218009159721477642e-04 2.217554454170620598e-04 2.217040812706260562e-04 2.216464352578199242e-04 2.215815489387847460e-04 2.215074507755919757e-04 2.214220475006391459e-04 2.213262719190227954e-04 2.212246426435880925e-04 2.211164707129230551e-04 2.209986336105347810e-04 2.208825745733369243e-04 2.207628057546933797e-04 2.206471241494940198e-04 2.205387510715272595e-04 2.204414310262315920e-04 2.203579049320146760e-04 2.202873535679487362e-04 2.202312675489286086e-04 2.201893309733024778e-04 2.201641531805334311e-04 2.202715986080811190e-04 2.205442371962694156e-04 2.207199285657239854e-04 2.208503902328250591e-04 
2.245303424742079487e-04 2.262687948903719856e-04 2.288668956528022637e-04 2.340473189538927880e-04 2.422795676750277556e-04 2.533399369394906137e-04 2.647102439146500116e-04 2.722401123333024727e-04 2.725156524371822719e-04 2.645983862779763512e-04 2.543942476907319833e-04 2.421889585669775088e-04 2.336871875635555893e-04 2.275171310348947373e-04 2.228589921827118982e-04 2.218469605000380563e-04 2.216543302086571596e-04 2.215700757110209839e-04 2.215007545215324288e-04 2.214487223202777125e-04 2.214209263872955735e-04 2.214128535774752629e-04 2.214136682196095579e-04 2.214155301298762293e-04 2.214152459644570337e-04 2.214125114634072039e-04 2.214080506633392246e-04 2.214026609282571838e-04 2.213969679869937893e-04 2.213913750859464690e-04 2.213860882594333287e-04 2.213811910818290572e-04 2.213766984653087189e-04 2.213725929723320241e-04 2.213688440700676912e-04 2.213654174577056166e-04 2.213622803408577184e-04 2.213594037284053275e-04 2.213567626922592017e-04 2.213543358218924791e-04 2.213521045676541141e-04 2.213500526746105907e-04 2.213481657261761454e-04 2.213464307851874474e-04 2.213448361191452745e-04 2.213433709953393331e-04 2.213420255306834932e-04 2.213407905821227623e-04 2.213396576658652648e-04 2.213386188965039655e-04 2.213380890319491452e-04 2.213370235419364924e-04 2.213359502067493512e-04 2.213348688339571233e-04 2.213337792362360737e-04 2.213326812314991637e-04 2.213315746429975867e-04 2.213304592993947380e-04 2.213293350347942951e-04 2.213282016887543945e-04 2.213270591062617724e-04 2.213259071376937374e-04 2.213247456387663990e-04 2.213235744704612404e-04 2.213223934989583589e-04 2.213212025955549334e-04 2.213200016365860509e-04 2.213187905033296493e-04 2.213175690819247136e-04 2.213163372632553482e-04 2.213157174221227173e-04 2.213144880902635076e-04 2.213131256964362783e-04 2.213116145266349241e-04 2.213099367450719376e-04 2.213080720586729148e-04 2.213059973210601376e-04 2.213036860643334688e-04 2.213011079446554666e-04 2.212982280849484513e-04 2.212950062947633908e-04 2.212913961435531611e-04 2.212873438591726055e-04 2.212827870191557648e-04 2.212776530000927489e-04 2.212718571537369209e-04 2.212653006904551230e-04 2.212578682714361807e-04 2.212494253371913798e-04 2.212398152296327157e-04 2.212288562021241095e-04 2.212163384846738200e-04 2.212020218291558475e-04 2.211856348075285283e-04 2.211668790536321213e-04 2.211454439747256742e-04 2.211210354465652380e-04 2.210934044072112832e-04 2.210623193951851643e-04 2.210273922745671280e-04 2.209877617884898368e-04 2.209420124816513867e-04 2.208890830831362288e-04 2.208298862303918568e-04 2.207662637736739440e-04 2.206973732224094711e-04 2.206246429147391266e-04 2.205512571294556226e-04 2.204765307327018946e-04 2.204043916301052434e-04 2.203373070554431391e-04 2.202758945298165943e-04 2.202232188978049611e-04 2.201794192144479662e-04 2.201445499355294860e-04 2.201184405703991687e-04 2.201027212759354499e-04 2.201737264760563893e-04 2.203722556753843034e-04 2.204883566174390774e-04 
2.243920691721994513e-04 2.259865583162249184e-04 2.296718354174510956e-04 2.354420299900388674e-04 2.429398670148068858e-04 2.507631093370450443e-04 2.559378964342269515e-04 2.561140033947532230e-04 2.511803621927335322e-04 2.431746387319484357e-04 2.353137324336420451e-04 2.291442052593664158e-04 2.251535782738179540e-04 2.217420658654574623e-04 2.211761334052440842e-04 2.210352535102999517e-04 2.209663533796457342e-04 2.209357593190223025e-04 2.209144743482374803e-04 2.208975691211451586e-04 2.208868810233669444e-04 2.208816589948681705e-04 2.208796088183752955e-04 2.208787286497213790e-04 2.208777793671831962e-04 2.208763111791553913e-04 2.208743278259324969e-04 2.208719834723004306e-04 2.208694487514139063e-04 2.208668609925262805e-04 2.208643116638158810e-04 2.208618559852174794e-04 2.208595246824188846e-04 2.208573320612787320e-04 2.208552823019016348e-04 2.208533737604380940e-04 2.208516015998145240e-04 2.208499593620091449e-04 2.208484398775923286e-04 2.208470357683157536e-04 2.208457397168145798e-04 2.208445446089306406e-04 2.208434436067122086e-04 2.208424301836065483e-04 2.208414981392216802e-04 2.208406416032320841e-04 2.208398550334634831e-04 2.208391332106989728e-04 2.208384712314087953e-04 2.208378644989913140e-04 2.208375551149991474e-04 2.208369332249570803e-04 2.208363071200422590e-04 2.208356767378594177e-04 2.208350420162911987e-04 2.208344028935969232e-04 2.208337593085068628e-04 2.208331112003131225e-04 2.208324585089435025e-04 2.208318011750379879e-04 2.208311391400123648e-04 2.208304723461148699e-04 2.208298007364832192e-04 2.208291242551869190e-04 2.208284428472738600e-04 2.208277564588108388e-04 2.208270650369175748e-04 2.208263685298086693e-04 2.208256668868245859e-04 2.208249600584660745e-04 2.208246046846285395e-04 2.208239004524380732e-04 2.208231208870198867e-04 2.208222572710137317e-04 2.208212997417903674e-04 2.208202371146972514e-04 2.208190566747753882e-04 2.208177439308896793e-04 2.208162823250574649e-04 2.208146528884330181e-04 2.208128338337436150e-04 2.208108000720613315e-04 2.208085226393211888e-04 2.208059680149721600e-04 2.208030973113633063e-04 2.207998653082141180e-04 2.207962193031088130e-04 2.207920977501774554e-04 2.207874286725935011e-04 2.207821278725550075e-04 2.207760970379740121e-04 2.207692219583777299e-04 2.207613711789783236e-04 2.207523954762101600e-04 2.207421285128207550e-04 2.207303890599446978e-04 2.207169852670196151e-04 2.207017201354328259e-04 2.206843902768145990e-04 2.206647562438993711e-04 2.206424682288448357e-04 2.206170156379057572e-04 2.205878945394620157e-04 2.205550067537918803e-04 2.205186400970584519e-04 2.204787519070909509e-04 2.204357515321022016e-04 2.203908949179108224e-04 2.203441592003141760e-04 2.202981124050611269e-04 2.202526922419850253e-04 2.202105715036945823e-04 2.201725215360996043e-04 2.201395467593252617e-04 2.201121265076298478e-04 2.200903105731993349e-04 2.200739743499664780e-04 2.200639942655451366e-04 2.201110011046145218e-04 2.202573332210293442e-04 
2.239999016684816944e-04 2.266713010894656278e-04 2.307857854075631037e-04 2.357679912698883921e-04 2.410816169432316680e-04 2.446710891819730204e-04 2.447777952384844972e-04 2.414014472300874921e-04 2.359608020698873514e-04 2.304327874194958775e-04 2.262033137473925301e-04 2.234332875437652064e-04 2.210942308424633572e-04 2.207265976535372561e-04 2.206515953965130833e-04 2.206069131331480694e-04 2.205811837670405330e-04 2.205687360503488781e-04 2.205626180952225941e-04 2.205579058840738318e-04 2.205536426833729243e-04 2.205502170680524374e-04 2.205477178284498397e-04 2.205459652762454333e-04 2.205446745075045456e-04 2.205436057499429281e-04 2.205426070317125246e-04 2.205416020652700769e-04 2.205405659793977066e-04 2.205395002830213462e-04 2.205384177996216086e-04 2.205373343941323719e-04 2.205362650224721658e-04 2.205352221380659731e-04 2.205342153302407120e-04 2.205332515002547829e-04 2.205323352367651415e-04 2.205314692395289264e-04 2.205306547185820068e-04 2.205298917401956173e-04 2.205291795140648973e-04 2.205285166255643501e-04 2.205279012201007550e-04 2.205273311473674054e-04 2.205268040729397097e-04 2.205263175637509261e-04 2.205258691528809943e-04 2.205254563880571005e-04 2.205250768673742620e-04 2.205247282650001897e-04 2.205245502465420879e-04 2.205241919180254355e-04 2.205238305397420992e-04 2.205234661183392956e-04 2.205230986602460454e-04 2.205227281716716015e-04 2.205223546586050967e-04 2.205219781268158419e-04 2.205215985818523771e-04 2.205212160290422280e-04 2.205208304734916885e-04 2.205204419200854147e-04 2.205200503734879155e-04 2.205196558381408690e-04 2.205192583182670528e-04 2.205188578178685825e-04 2.205184543407289984e-04 2.205180478904144854e-04 2.205176384702768817e-04 2.205172260834551421e-04 2.205170187784617937e-04 2.205166080493029120e-04 2.205161535336911055e-04 2.205156502353485145e-04 2.205150925254570891e-04 2.205144740514079066e-04 2.205137876305508760e-04 2.205130251262041037e-04 2.205121773026665999e-04 2.205112336553481114e-04 2.205101822114204188e-04 2.205090092955602245e-04 2.205076992544190108e-04 2.205062341323665224e-04 2.205045932897193022e-04 2.205027529529054531e-04 2.205006856834510647e-04 2.204983597490488441e-04 2.204957383755595292e-04 2.204927788561107118e-04 2.204894314989000155e-04 2.204856384190903530e-04 2.204813322262667255e-04 2.204764347011483358e-04 2.204708555145182042e-04 2.204644908339670802e-04 2.204572214038926631e-04 2.204489098501365716e-04 2.204393978686516886e-04 2.204285046961532754e-04 2.204160288676508626e-04 2.204017627946325047e-04 2.203855393170376146e-04 2.203672723723127595e-04 2.203468559098169873e-04 2.203240863301223450e-04 2.202991305972016179e-04 2.202724986558172754e-04 2.202441715057065828e-04 2.202152381724290496e-04 2.201861582080704869e-04 2.201579982654249261e-04 2.201316263935750679e-04 2.201078466394127233e-04 2.200872326732395030e-04 2.200700904840069503e-04 2.200564490502765588e-04 2.200462609203814924e-04 2.200400623912595179e-04 2.200701758228741894e-04 
2.246178794393710793e-04 2.275963759537598982e-04 2.308278430903065433e-04 2.343306034032027979e-04 2.368163142231706128e-04 2.369851266137418928e-04 2.346702572635359964e-04 2.309337314199311382e-04 2.271432194784488872e-04 2.241983773269294372e-04 2.223170292562596389e-04 2.206744462236486296e-04 2.204563727961744149e-04 2.204040318615682061e-04 2.203793063199159237e-04 2.203655084798659958e-04 2.203560879327663496e-04 2.203502770352145008e-04 2.203472137238353921e-04 2.203456158209337625e-04 2.203444576489947671e-04 2.203433446303481723e-04 2.203422186054271618e-04 2.203411210217223032e-04 2.203400888378320233e-04 2.203391349631426098e-04 2.203382542674985122e-04 2.203374348067281942e-04 2.203366648431208906e-04 2.203359356335109589e-04 2.203352416859522813e-04 2.203345800340490658e-04 2.203339493558158495e-04 2.203333492543005758e-04 2.203327797489557560e-04 2.203322409420322532e-04 2.203317328215699620e-04 2.203312551640951094e-04 2.203308075033800801e-04 2.203303891388573945e-04 2.203299991651982081e-04 2.203296365110556522e-04 2.203292999796663623e-04 2.203289882872015281e-04 2.203287000968133622e-04 2.203284340475939775e-04 2.203281887783878281e-04 2.203279629468012698e-04 2.203277552439325852e-04 2.203275644054136881e-04 2.203274669287584413e-04 2.203272706720219118e-04 2.203270726759639405e-04 2.203268729391823287e-04 2.203266714606123898e-04 2.203264682395146708e-04 2.203262632754667395e-04 2.203260565683537518e-04 2.203258481183577452e-04 2.203256379259480708e-04 2.203254259918714457e-04 2.203252123171421412e-04 2.203249969030307608e-04 2.203247797510538594e-04 2.203245608629635077e-04 2.203243402407363690e-04 2.203241178865606342e-04 2.203238938028268608e-04 2.203236679921143657e-04 2.203234404571800852e-04 2.203233260440372256e-04 2.203230992977078307e-04 2.203228482862094060e-04 2.203225702259386880e-04 2.203222619796717978e-04 2.203219200059955603e-04 2.203215403007290638e-04 2.203211183290013217e-04 2.203206489463954319e-04 2.203201263073083400e-04 2.203195437583361171e-04 2.203188937141223477e-04 2.203181675126403153e-04 2.203173552463811246e-04 2.203164455653216136e-04 2.203154254468490632e-04 2.203142799268925569e-04 2.203129917850018226e-04 2.203115411734486630e-04 2.203099051757625721e-04 2.203080572734759522e-04 2.203059666937676631e-04 2.203035976121615338e-04 2.203009082010639566e-04 2.202978495396505361e-04 2.202943643971539463e-04 2.202903858539423507e-04 2.202858358042920374e-04 2.202806239943254742e-04 2.202746492957102819e-04 2.202678046833584768e-04 2.202599841201079893e-04 2.202510855476813817e-04 2.202410015804985707e-04 2.202295993164786415e-04 2.202167610355472915e-04 2.202025207881619612e-04 2.201869915165746098e-04 2.201702494532637648e-04 2.201526368854717856e-04 2.201345191930773959e-04 2.201163627394628884e-04 2.200987591565184702e-04 2.200822628580285001e-04 2.200674021147382142e-04 2.200545248562646146e-04 2.200438084377073290e-04 2.200352823014198604e-04 2.200289230343068804e-04 2.200251431197488487e-04 
2.253833305306007805e-04 2.274237047702139301e-04 2.296708795129150950e-04 2.313526269315171883e-04 2.315063107718101708e-04 2.299920355477378655e-04 2.274817614364060597e-04 2.248872025669761902e-04 2.228554090413737364e-04 2.215586506770449680e-04 2.204171994729011287e-04 2.202849273838310043e-04 2.202525855883796986e-04 2.202371313253144458e-04 2.202280099771327195e-04 2.202226326943929773e-04 2.202194110195569449e-04 2.202173257160368607e-04 2.202158681332395355e-04 2.202148443404744796e-04 2.202141159555596507e-04 2.202135569261599478e-04 2.202130758893570549e-04 2.202126188784043191e-04 2.202121611749799227e-04 2.202116960392277154e-04 2.202112254793390806e-04 2.202107546123614561e-04 2.202102890212920684e-04 2.202098336992761919e-04 2.202093926728757338e-04 2.202089689525996640e-04 2.202085646319893873e-04 2.202081810376174632e-04 2.202078188807132526e-04 2.202074783904128829e-04 2.202071594242717314e-04 2.202068615579767341e-04 2.202065841577649377e-04 2.202063264388312873e-04 2.202060875123305515e-04 2.202058664229958860e-04 2.202056621789887894e-04 2.202054737753138312e-04 2.202053002119221451e-04 2.202051405074576212e-04 2.202049937094554004e-04 2.202048589016715409e-04 2.202047352091116841e-04 2.202046218012326763e-04 2.202045639620447558e-04 2.202044476857947341e-04 2.202043306116904168e-04 2.202042127389173512e-04 2.202040940666767513e-04 2.202039745941868532e-04 2.202038543206844055e-04 2.202037332454267842e-04 2.202036113676934012e-04 2.202034886867881445e-04 2.202033652020408960e-04 2.202032409128096453e-04 2.202031158184827126e-04 2.202029899184800770e-04 2.202028632122556527e-04 2.202027356992979946e-04 2.202026073791330625e-04 2.202024782513244919e-04 2.202023483154750584e-04 2.202022175712272192e-04 2.202021518958533072e-04 2.202020218693132893e-04 2.202018781241797088e-04 2.202017191210191359e-04 2.202015431298983165e-04 2.202013482036230545e-04 2.202011321467152298e-04 2.202008924793831882e-04 2.202006263956055368e-04 2.202003307142862641e-04 2.202000018222439472e-04 2.201996356075661154e-04 2.201992273815830416e-04 2.201987717873912743e-04 2.201982626924927939e-04 2.201976930627141992e-04 2.201970548141608255e-04 2.201963386395110222e-04 2.201955338043599421e-04 2.201946279082614367e-04 2.201936066031351380e-04 2.201924532587798693e-04 2.201911485630995459e-04 2.201896700478015877e-04 2.201879915429186512e-04 2.201860825786102187e-04 2.201839077478593722e-04 2.201814260209848857e-04 2.201785900560012299e-04 2.201753457416193605e-04 2.201716321892482333e-04 2.201673817662343831e-04 2.201625199155838220e-04 2.201569670844320641e-04 2.201506459935117328e-04 2.201434948417196121e-04 2.201354780221113341e-04 2.201265865691757855e-04 2.201168664773634290e-04 2.201064135618612937e-04 2.200954028991398178e-04 2.200840684247516797e-04 2.200727263056574115e-04 2.200617264647728518e-04 2.200514227308790537e-04 2.200421266878928338e-04 2.200340773906478734e-04 2.200273835038214993e-04 2.200220526885324126e-04 2.200180767666257370e-04 
2.250823473778902444e-04 2.264665867613186606e-04 2.275761395683917332e-04 2.277226139293529110e-04 2.267419003017320399e-04 2.250759394040509223e-04 2.233481746464578623e-04 2.219589790976530966e-04 2.210457295621452972e-04 2.202597240203513966e-04 2.201780202157212598e-04 2.201578769185703508e-04 2.201481377094232717e-04 2.201424887515495614e-04 2.201392038757630609e-04 2.201371622791170070e-04 2.201358130517479901e-04 2.201349135767042805e-04 2.201343044414595402e-04 2.201338611257283562e-04 2.201335015157406536e-04 2.201331792787934586e-04 2.201328722458878754e-04 2.201325711266195479e-04 2.201322728582233467e-04 2.201319774527369787e-04 2.201316862357134739e-04 2.201314009385034638e-04 2.201311233012024835e-04 2.201308548965018373e-04 2.201305970370281550e-04 2.201303507319053460e-04 2.201301166835222954e-04 2.201298953116905140e-04 2.201296867912338887e-04 2.201294910930610255e-04 2.201293080235029774e-04 2.201291372598068795e-04 2.201289783811832433e-04 2.201288308954137151e-04 2.201286942612538911e-04 2.201285679069775382e-04 2.201284512454536183e-04 2.201283436861768662e-04 2.201282446446746802e-04 2.201281535496902328e-04 2.201280698485154168e-04 2.201279930108014096e-04 2.201279225311371769e-04 2.201278579306406482e-04 2.201278249907142812e-04 2.201277587846671533e-04 2.201276921436460285e-04 2.201276250676110894e-04 2.201275575565429018e-04 2.201274896104416011e-04 2.201274212293258085e-04 2.201273524132326309e-04 2.201272831622167392e-04 2.201272134763503953e-04 2.201271433557228021e-04 2.201270728004401300e-04 2.201270018106252463e-04 2.201269303864176606e-04 2.201268585279733626e-04 2.201267862354650928e-04 2.201267135090819631e-04 2.201266403490294570e-04 2.201265667555296461e-04 2.201264927288211091e-04 2.201264555530925762e-04 2.201263819695807068e-04 2.201263006509360720e-04 2.201262107352495491e-04 2.201261112552413879e-04 2.201260011237234147e-04 2.201258791167977748e-04 2.201257438544087304e-04 2.201255937777942375e-04 2.201254271233046584e-04 2.201252418919583381e-04 2.201250358139875422e-04 2.201248063074894533e-04 2.201245504301258308e-04 2.201242648226153971e-04 2.201239456425280888e-04 2.201235884866278836e-04 2.201231882997270407e-04 2.201227392676826918e-04 2.201222346917157456e-04 2.201216668404929692e-04 2.201210267752624428e-04 2.201203041421012608e-04 2.201194869253180841e-04 2.201185611588469247e-04 2.201175105964508149e-04 2.201163163389274562e-04 2.201149564048220791e-04 2.201134052397088665e-04 2.201116332235487309e-04 2.201096062861618351e-04 2.201072856915870987e-04 2.201046281634532929e-04 2.201015868021765644e-04 2.200981127981722029e-04 2.200941587235992025e-04 2.200896860781654434e-04 2.200846727947705270e-04 2.200791154882571188e-04 2.200730385013135114e-04 2.200665092386732465e-04 2.200596302381212547e-04 2.200525513016751689e-04 2.200454600724383015e-04 2.200385769337382335e-04 2.200321355959853102e-04 2.200263330612213270e-04 2.200213007089400752e-04 2.200171148274291722e-04 2.200137839867774840e-04 
2.243081378511270463e-04 2.250117579221603127e-04 2.251178577999852245e-04 2.244987697469664209e-04 2.234251777078022729e-04 2.222918675375543031e-04 2.213531166937303689e-04 2.207055957987293039e-04 2.201601193313294108e-04 2.201115945862646848e-04 2.200987745025711052e-04 2.200925739242669092e-04 2.200890888161800775e-04 2.200869988629883950e-04 2.200857073205605659e-04 2.200848813104672066e-04 2.200843377077479717e-04 2.200839599091889331e-04 2.200836747140630086e-04 2.200834392068055955e-04 2.200832297280252720e-04 2.200830335312952129e-04 2.200828442018207514e-04 2.200826587291268262e-04 2.200824760750780663e-04 2.200822963717827447e-04 2.200821203231352694e-04 2.200819488311599994e-04 2.200817828045477278e-04 2.200816230570575623e-04 2.200814702501653955e-04 2.200813248684091201e-04 2.200811872203509395e-04 2.200810574554840104e-04 2.200809355881764510e-04 2.200808215228408778e-04 2.200807150774248655e-04 2.200806160041192080e-04 2.200805240070556493e-04 2.200804387571252162e-04 2.200803599041769025e-04 2.200802870868962143e-04 2.200802199406685087e-04 2.200801581037195901e-04 2.200801012218073509e-04 2.200800489517109508e-04 2.200800009637342400e-04 2.200799569434117237e-04 2.200799165925775317e-04 2.200798796299304502e-04 2.200798607906828783e-04 2.200798229419171986e-04 2.200797848661550102e-04 2.200797465634406300e-04 2.200797080338266960e-04 2.200796692773738150e-04 2.200796302941500208e-04 2.200795910842309364e-04 2.200795516476992324e-04 2.200795119846444907e-04 2.200794720951632869e-04 2.200794319793586201e-04 2.200793916373402115e-04 2.200793510692239624e-04 2.200793102751323876e-04 2.200792692551939921e-04 2.200792280095435966e-04 2.200791865383217678e-04 2.200791448416754422e-04 2.200791029197570587e-04 2.200790818743700815e-04 2.200790402329654558e-04 2.200789942364846346e-04 2.200789434039798168e-04 2.200788871964931537e-04 2.200788250091802103e-04 2.200787561622230223e-04 2.200786798903284875e-04 2.200785953305712877e-04 2.200785015082963331e-04 2.200783973207449788e-04 2.200782815180078961e-04 2.200781526808327012e-04 2.200780091947312285e-04 2.200778492197267666e-04 2.200776706549694393e-04 2.200774710973185178e-04 2.200772477928493367e-04 2.200769975800711056e-04 2.200767168234060646e-04 2.200764013351021262e-04 2.200760462831823495e-04 2.200756460823795411e-04 2.200751942646456258e-04 2.200746833261385191e-04 2.200741045478944919e-04 2.200734477858252026e-04 2.200727012237838217e-04 2.200718510912917766e-04 2.200708813677061389e-04 2.200697734970017566e-04 2.200685061276703406e-04 2.200670549824840932e-04 2.200653930762001170e-04 2.200634913543742313e-04 2.200613198847164997e-04 2.200588499636307546e-04 2.200560571095895948e-04 2.200529254258998518e-04 2.200494525195219016e-04 2.200456545733817288e-04 2.200415709433204022e-04 2.200372679495901900e-04 2.200328408740775585e-04 2.200284118663818622e-04 2.200241158864365480e-04 2.200200878592490348e-04 2.200164570041157998e-04 2.200133140822448812e-04 2.200106977017135990e-04 
2.232998983656971450e-04 2.233730139919237127e-04 2.229740719278357273e-04 2.222877024100767662e-04 2.215681349997319644e-04 2.209439024284021353e-04 2.204763151936376233e-04 2.200990290794576135e-04 2.200698487566660883e-04 2.200617477398251283e-04 2.200578643268311736e-04 2.200556800735540641e-04 2.200543769011876051e-04 2.200535710028881764e-04 2.200530570937925322e-04 2.200527165780372368e-04 2.200524789852604851e-04 2.200523005794907542e-04 2.200521544320603335e-04 2.200520250076168675e-04 2.200519037025799429e-04 2.200517861706234178e-04 2.200516705346295548e-04 2.200515562506485945e-04 2.200514435335094781e-04 2.200513329589597988e-04 2.200512251934560299e-04 2.200511208631460679e-04 2.200510205025558682e-04 2.200509245337519196e-04 2.200508332602354512e-04 2.200507468720062530e-04 2.200506654581434868e-04 2.200505890227263278e-04 2.200505175010513521e-04 2.200504507745729241e-04 2.200503886839869690e-04 2.200503310403665149e-04 2.200502776344559616e-04 2.200502282442973049e-04 2.200501826413847725e-04 2.200501405955448725e-04 2.200501018787320222e-04 2.200500662679157787e-04 2.200500335472172322e-04 2.200500035094327979e-04 2.200499759570646147e-04 2.200499507029570259e-04 2.200499275706232767e-04 2.200499063943314910e-04 2.200498956060707441e-04 2.200498739419741207e-04 2.200498521611142901e-04 2.200498302634984623e-04 2.200498082491373708e-04 2.200497861180451375e-04 2.200497638702392992e-04 2.200497415057407541e-04 2.200497190245737339e-04 2.200496964267659129e-04 2.200496737123481639e-04 2.200496508813547475e-04 2.200496279338232043e-04 2.200496048697943004e-04 2.200495816893120813e-04 2.200495583924236829e-04 2.200495349791793849e-04 2.200495114496326115e-04 2.200494878038397953e-04 2.200494640418601067e-04 2.200494521173195145e-04 2.200494285312054685e-04 2.200494024910241726e-04 2.200493737281950587e-04 2.200493419421774744e-04 2.200493067961993056e-04 2.200492679123388457e-04 2.200492248658500276e-04 2.200491771786034878e-04 2.200491243114917849e-04 2.200490656556206633e-04 2.200490005220754046e-04 2.200489281300152305e-04 2.200488475928022371e-04 2.200487579018238244e-04 2.200486579076072499e-04 2.200485462977583371e-04 2.200484215711737536e-04 2.200482820078701856e-04 2.200481256336221897e-04 2.200479501783997088e-04 2.200477530273465762e-04 2.200475311628327007e-04 2.200472810960159460e-04 2.200469987862754741e-04 2.200466795463570382e-04 2.200463179298854622e-04 2.200459075976851696e-04 2.200454411628303454e-04 2.200449100187016119e-04 2.200443041526910931e-04 2.200436119532492849e-04 2.200428200478156415e-04 2.200419132296111845e-04 2.200408745412546409e-04 2.200396856500793817e-04 2.200383276734223139e-04 2.200367826098289441e-04 2.200350354751314755e-04 2.200330769485994416e-04 2.200309061010266944e-04 2.200285333730404380e-04 2.200259832722274689e-04 2.200232962841741603e-04 2.200205296695882976e-04 2.200177579136144144e-04 2.200150706075832026e-04 2.200125560663822647e-04 2.200102870783795714e-04 2.200083214917951250e-04 
2.222065100661667326e-04 2.219582503774928186e-04 2.215223048718701108e-04 2.210689042493319521e-04 2.206623394524818798e-04 2.203238965563089548e-04 2.200606286779883340e-04 2.200435373850618583e-04 2.200385996219427658e-04 2.200361697730086994e-04 2.200348044324373573e-04 2.200339883822713036e-04 2.200334838628769426e-04 2.200331622123899899e-04 2.200329491957357067e-04 2.200328001168067634e-04 2.200326877412140184e-04 2.200325957241115033e-04 2.200325144446999167e-04 2.200324384784183658e-04 2.200323649926571885e-04 2.200322927733018282e-04 2.200322214577396485e-04 2.200321511462901961e-04 2.200320821746022161e-04 2.200320149496792679e-04 2.200319498618509659e-04 2.200318872468204551e-04 2.200318273694818806e-04 2.200317704194974116e-04 2.200317165151253432e-04 2.200316657117604104e-04 2.200316180121136877e-04 2.200315733762494826e-04 2.200315317307352427e-04 2.200314929766776083e-04 2.200314569966144141e-04 2.200314236603071751e-04 2.200313928295147476e-04 2.200313643618522213e-04 2.200313381138513781e-04 2.200313139433394862e-04 2.200312917112471256e-04 2.200312712829454430e-04 2.200312525291999788e-04 2.200312353268157948e-04 2.200312195590370292e-04 2.200312051157527870e-04 2.200311918935528679e-04 2.200311797956682434e-04 2.200311736346712921e-04 2.200311612672307786e-04 2.200311488391969432e-04 2.200311363505741771e-04 2.200311238013684433e-04 2.200311111915876294e-04 2.200310985212413034e-04 2.200310857903406327e-04 2.200310729988984922e-04 2.200310601469293288e-04 2.200310472344492701e-04 2.200310342614757175e-04 2.200310212280277530e-04 2.200310081341257866e-04 2.200309949797915566e-04 2.200309817650481295e-04 2.200309684899198184e-04 2.200309551544321022e-04 2.200309417586116521e-04 2.200309283024861424e-04 2.200309215518179214e-04 2.200309082033466402e-04 2.200308934720864831e-04 2.200308772078805452e-04 2.200308592429185348e-04 2.200308393894126783e-04 2.200308174369258393e-04 2.200307931492939293e-04 2.200307662610747933e-04 2.200307364734423361e-04 2.200307034494320519e-04 2.200306668084263655e-04 2.200306261197489219e-04 2.200305808952144097e-04 2.200305305804538323e-04 2.200304745448027240e-04 2.200304120695012889e-04 2.200303423339065216e-04 2.200302643993541283e-04 2.200301771902328019e-04 2.200300794717492691e-04 2.200299698237795560e-04 2.200298466101265440e-04 2.200297079423978500e-04 2.200295516374957774e-04 2.200293751673420748e-04 2.200291755992010907e-04 2.200289495252455549e-04 2.200286929805549260e-04 2.200284013486321865e-04 2.200280692542507053e-04 2.200276904478996453e-04 2.200272576914648185e-04 2.200267626622914310e-04 2.200261959086845492e-04 2.200255469043942169e-04 2.200248042691746214e-04 2.200239562424103322e-04 2.200229914910958786e-04 2.200219003501471251e-04 2.200206765197627607e-04 2.200193191301718146e-04 2.200178348135009923e-04 2.200162394129674128e-04 2.200145592214738542e-04 2.200128311500001500e-04 2.200111006544741132e-04 2.200094203322548834e-04 2.200078474130060413e-04 2.200064298965299892e-04 
