2.200073380501346341e-04 2.200086700504180618e-04 2.200101824703934526e-04 2.200120585178608115e-04 2.200138287062365769e-04 2.200156747757878715e-04 2.200172726834415322e-04 2.200189024149100164e-04 2.200204982187240323e-04 2.200218461437890001e-04 2.200231306463026047e-04 2.200245440750560647e-04 2.200253596918606825e-04 2.200262366693471895e-04 2.200272328025901930e-04 2.200278479494490185e-04 2.200283862094001147e-04 2.200290854827228733e-04 2.200294622689348588e-04 2.200298221110709820e-04 2.200301176507981672e-04 2.200304807112937072e-04 2.200306520787673312e-04 2.200309534368347379e-04 2.200311704567235597e-04 2.200313639859417640e-04 2.200314876017433867e-04 2.200317003398722575e-04 2.200318489034034991e-04 2.200319147499612518e-04 2.200320228628123073e-04 2.200321062301684844e-04 2.200321675810762098e-04 2.200322675878136388e-04 2.200323920241184050e-04 2.200324868160580022e-04 2.200325314533171689e-04 2.200325447006077760e-04 2.200325535009126619e-04 2.200325721393813058e-04 2.200326010131691066e-04 2.200326340797969387e-04 2.200326653714195521e-04 2.200326917099740720e-04 2.200327126405657503e-04 2.200327293018007775e-04 2.200327433265950158e-04 2.200327561616489448e-04 2.200327687931216626e-04 2.200327817328064952e-04 2.200327889873500593e-04 2.200328051280090185e-04 2.200328236279593965e-04 2.200328445141036646e-04 2.200328675786424417e-04 2.200328923856649803e-04 2.200329183007676179e-04 2.200329445412574066e-04 2.200329702424133182e-04 2.200329945336072389e-04 2.200330166170114089e-04 2.200330358412536699e-04 2.200330517627833082e-04 2.200330641888439769e-04 2.200330731977132568e-04 2.200330791340824915e-04 2.200330825798899330e-04 2.200330843033314180e-04 2.200330851909056932e-04 2.200330861689854523e-04 2.200330869722543078e-04 2.200330896575136035e-04 2.200330949229517270e-04 2.200331041669555913e-04 2.200331188264734129e-04 2.200331399748962967e-04 2.200331677123695579e-04 2.200332004716369161e-04 2.200332346050138136e-04 2.200332649148945311e-04 2.200332868867815417e-04 2.200333007296499351e-04 2.200333152830730719e-04 2.200333467611198578e-04 2.200334067179458473e-04 2.200334829889162894e-04 2.200335381115570621e-04 2.200335523348833549e-04 2.200335718913069469e-04 2.200336501766971074e-04 2.200337234260148515e-04 2.200337167551228226e-04 2.200337772980328905e-04 2.200339413827439325e-04 2.200339755635489559e-04 2.200340577600164973e-04 2.200340974018903195e-04 2.200342036132334526e-04 2.200343656661857001e-04 2.200345300772707340e-04 2.200346007061124848e-04 2.200348576869636072e-04 2.200350352934435860e-04 2.200350062555173070e-04 2.200352131001251550e-04 2.200354367135155191e-04 2.200356632243355209e-04 2.200362590288622213e-04 2.200372023949446023e-04 2.200382749981886999e-04 2.200405739920976544e-04 2.200446542228125843e-04 2.200530262136563019e-04 2.200776202337489094e-04 2.212326437929259507e-04 2.240871042937697579e-04 2.250244554032263249e-04 2.213564156875260942e-04 2.206612335512133153e-04 2.204686686305391233e-04
2.200098728433908944e-04 2.200117547012751796e-04 2.200141423383343542e-04 2.200167273067518139e-04 2.200193598866850505e-04 2.200221090362132470e-04 2.200248777922989235e-04 2.200275542451163541e-04 2.200304071811813426e-04 2.200326376318112258e-04 2.200351398245837045e-04 2.200371508705192510e-04 2.200388594918491214e-04 2.200405777525170933e-04 2.200423140979276446e-04 2.200435016794681032e-04 2.200442087027324736e-04 2.200452467426632596e-04 2.200467097028366737e-04 2.200469007771476695e-04 2.200475150271687694e-04 2.200482027697038372e-04 2.200491095541366976e-04 2.200489783879115994e-04 2.200496495660549362e-04 2.200499080054846236e-04 2.200500412650904206e-04 2.200506556614172582e-04 2.200511094369950811e-04 2.200510774417955412e-04 2.200508890568413122e-04 2.200509402188934461e-04 2.200512893132170443e-04 2.200517228650518582e-04 2.200520444731955932e-04 2.200521993068008943e-04 2.200522236691201039e-04 2.200521746206815347e-04 2.200521001844248428e-04 2.200520342933385816e-04 2.200519973393816515e-04 2.200519975019580383e-04 2.200520333753083356e-04 2.200520976684363944e-04 2.200521808178027201e-04 2.200522736043929260e-04 2.200523685503071481e-04 2.200524603420946437e-04 2.200525456700456745e-04 2.200526228136189151e-04 2.200526612190389540e-04 2.200527355695775379e-04 2.200528054954327645e-04 2.200528698433511698e-04 2.200529277288708438e-04 2.200529785384215296e-04 2.200530219149365830e-04 2.200530577308586427e-04 2.200530860532867315e-04 2.200531071063052452e-04 2.200531212352511967e-04 2.200531288768732866e-04 2.200531305381214114e-04 2.200531267848310625e-04 2.200531182400005021e-04 2.200531055898834372e-04 2.200530895949015411e-04 2.200530711015611643e-04 2.200530510512335822e-04 2.200530304818735920e-04 2.200530203514738177e-04 2.200530014029718976e-04 2.200529833115545902e-04 2.200529685218865106e-04 2.200529606870097203e-04 2.200529648698038325e-04 2.200529874823874588e-04 2.200530356762539182e-04 2.200531158439793765e-04 2.200532310367908021e-04 2.200533776305487138e-04 2.200535425404835427e-04 2.200537032373155774e-04 2.200538325214282625e-04 2.200539072280837565e-04 2.200539162094322990e-04 2.200538645479860464e-04 2.200537821441131501e-04 2.200537437071233666e-04 2.200538543813769011e-04 2.200541315683625593e-04 2.200544190383716195e-04 2.200545645604728246e-04 2.200545599381911006e-04 2.200544953792563509e-04 2.200546342734258727e-04 2.200549446738484687e-04 2.200552497261215427e-04 2.200552494969895353e-04 2.200551879350845475e-04 2.200555047448928881e-04 2.200559699108607800e-04 2.200559633423670926e-04 2.200561133856534547e-04 2.200566655314397952e-04 2.200573523125306141e-04 2.200581003918052471e-04 2.200593207917681644e-04 2.200612261845903098e-04 2.200650488838455947e-04 2.200714981243449006e-04 2.200843698082669106e-04 2.201232721581595001e-04 2.217486185354512025e-04 2.254840865651008429e-04 2.268204373207785758e-04 2.220767574257831781e-04 2.210797108352178923e-04 2.207998527274804084e-04 2.212491927200904783e-04
2.200131800859814960e-04 2.200157887472068709e-04 2.200185919641983560e-04 2.200222384927002269e-04 2.200263948170495343e-04 2.200307648522820602e-04 2.200350865644875827e-04 2.200398329464877962e-04 2.200443301957852879e-04 2.200486224216896872e-04 2.200524679412874031e-04 2.200557688575720706e-04 2.200595992153319910e-04 2.200624421370719712e-04 2.200650186669224470e-04 2.200668869515188663e-04 2.200689383248179587e-04 2.200711911945773017e-04 2.200730383102721826e-04 2.200738223280521340e-04 2.200754543917414876e-04 2.200765906853375956e-04 2.200773652654861251e-04 2.200777988313359869e-04 2.200786788565903967e-04 2.200791859218600792e-04 2.200797947220063612e-04 2.200803875517016344e-04 2.200807349736243537e-04 2.200809845962541306e-04 2.200813149713415253e-04 2.200817057356930660e-04 2.200820481801078776e-04 2.200822983167722701e-04 2.200824727551984846e-04 2.200826050740575877e-04 2.200827258129972402e-04 2.200828541279417389e-04 2.200829951209573143e-04 2.200831435185144150e-04 2.200832902331626036e-04 2.200834274122910931e-04 2.200835504498457927e-04 2.200836577988067577e-04 2.200837499367574285e-04 2.200838283556151261e-04 2.200838948811302033e-04 2.200839513108297665e-04 2.200839992618172398e-04 2.200840401291685180e-04 2.200840598757471849e-04 2.200840974390126442e-04 2.200841325531406936e-04 2.200841654121490410e-04 2.200841962695131225e-04 2.200842254448855811e-04 2.200842533264941970e-04 2.200842803673838796e-04 2.200843070744571458e-04 2.200843339902622340e-04 2.200843616685312803e-04 2.200843906454319661e-04 2.200844214092171215e-04 2.200844543713290297e-04 2.200844898419772311e-04 2.200845280127591960e-04 2.200845689480907094e-04 2.200846125861706754e-04 2.200846587490660946e-04 2.200847071604331592e-04 2.200847321016284001e-04 2.200847824537370046e-04 2.200848391955100686e-04 2.200849026205952937e-04 2.200849727948540316e-04 2.200850494728193597e-04 2.200851319934670370e-04 2.200852191230482833e-04 2.200853088027124229e-04 2.200853978206142238e-04 2.200854816629122912e-04 2.200855552326255466e-04 2.200856154002143940e-04 2.200856654226333268e-04 2.200857181811362426e-04 2.200857921446127536e-04 2.200858984705700966e-04 2.200860317264592757e-04 2.200861762010957400e-04 2.200863093011854734e-04 2.200864044248001064e-04 2.200865008239219999e-04 2.200867191657182760e-04 2.200870572630957633e-04 2.200873985741703812e-04 2.200876562840500762e-04 2.200879634436006646e-04 2.200884912014772362e-04 2.200891632155341053e-04 2.200892594913956559e-04 2.200890204147070068e-04 2.200895541475143607e-04 2.200899235941567746e-04 2.200905093689007523e-04 2.200914954450069918e-04 2.200933832991433558e-04 2.200948468082942458e-04 2.200978326270433929e-04 2.201045758800310994e-04 2.201140204043287125e-04 2.201364071216542950e-04 2.202002266439937600e-04 2.224290729310867418e-04 2.272561259982790649e-04 2.293201740566049376e-04 2.230766314707969611e-04 2.217402977749186835e-04 2.214358145563416448e-04 2.220578125326588099e-04 2.239492821566919250e-04
2.200180596174643329e-04 2.200212162937860633e-04 2.200250700688092837e-04 2.200301423192059459e-04 2.200360113819913293e-04 2.200424132866417445e-04 2.200492881264574734e-04 2.200565873372614493e-04 2.200639310603040740e-04 2.200707732377660513e-04 2.200772925156376349e-04 2.200835997458642590e-04 2.200900068809205450e-04 2.200953994311153933e-04 2.200995145037300878e-04 2.201042987373143646e-04 2.201077861727479264e-04 2.201106756855138386e-04 2.201143287606359433e-04 2.201167830073058758e-04 2.201182359007552785e-04 2.201198953503197210e-04 2.201219996695616367e-04 2.201236482515678966e-04 2.201251553819178332e-04 2.201263880170934307e-04 2.201273906132597026e-04 2.201284244338295982e-04 2.201290607103925027e-04 2.201294722708549163e-04 2.201300541904199683e-04 2.201307330156251625e-04 2.201312574813643651e-04 2.201315777786131040e-04 2.201317952211870603e-04 2.201320176899982555e-04 2.201322925310616834e-04 2.201326059659479645e-04 2.201329170717264189e-04 2.201331909746171301e-04 2.201334123006922459e-04 2.201335823626682491e-04 2.201337110125817253e-04 2.201338100402590867e-04 2.201338897387450702e-04 2.201339578035851300e-04 2.201340194105720302e-04 2.201340777153758862e-04 2.201341344130510868e-04 2.201341902224341078e-04 2.201342203651782570e-04 2.201342847990414228e-04 2.201343552063692315e-04 2.201344318735523587e-04 2.201345147822514163e-04 2.201346035944976563e-04 2.201346976559350062e-04 2.201347960195749120e-04 2.201348974903562879e-04 2.201350006884472568e-04 2.201351041269640962e-04 2.201352062979744636e-04 2.201353057595919539e-04 2.201354012168305844e-04 2.201354915896964321e-04 2.201355760636186469e-04 2.201356541195065178e-04 2.201357255431185512e-04 2.201357904156717356e-04 2.201358490893759229e-04 2.201358762773863108e-04 2.201359261152621076e-04 2.201359759884930324e-04 2.201360263718629804e-04 2.201360785669280906e-04 2.201361351295185039e-04 2.201362003917122108e-04 2.201362809931884962e-04 2.201363861515860296e-04 2.201365270572246948e-04 2.201367143838686106e-04 2.201369530162383074e-04 2.201372348039817828e-04 2.201375340335298507e-04 2.201378134843826084e-04 2.201380440391507835e-04 2.201382265314905996e-04 2.201384008344802032e-04 2.201386435880130818e-04 2.201390336856906039e-04 2.201395377013191533e-04 2.201399724937642564e-04 2.201402402396755546e-04 2.201404501951186141e-04 2.201408140820710041e-04 2.201412428006738859e-04 2.201413516417025508e-04 2.201413670997326162e-04 2.201418154757701950e-04 2.201424960449104365e-04 2.201437623082188916e-04 2.201446082980680564e-04 2.201444982769239244e-04 2.201466972620444375e-04 2.201491584986251361e-04 2.201518880787793522e-04 2.201565672797605171e-04 2.201667950323224390e-04 2.201828367696570098e-04 2.202181006135553269e-04 2.203269453515903484e-04 2.235015134888039133e-04 2.296867345052419705e-04 2.324131519972068933e-04 2.244518756066642107e-04 2.228018323208878402e-04 2.225303971332498140e-04 2.233355936051863427e-04 2.260276959730827498e-04 2.284218212192105002e-04
2.200263422909840873e-04 2.200289993265901894e-04 2.200336767328280453e-04 2.200402776020392163e-04 2.200480214897340150e-04 2.200573170465283917e-04 2.200678287490882140e-04 2.200788668116413611e-04 2.200897933759024365e-04 2.201025648011247209e-04 2.201137436858338875e-04 2.201245820561523354e-04 2.201349606865047432e-04 2.201435639059460094e-04 2.201520159273602224e-04 2.201594099877372183e-04 2.201669232430285967e-04 2.201718794229490575e-04 2.201776661211904634e-04 2.201828107648417111e-04 2.201868182799166537e-04 2.201901683542772600e-04 2.201926386307904711e-04 2.201945020873092825e-04 2.201966844631203003e-04 2.201987417607771582e-04 2.202005357857957340e-04 2.202023737220215268e-04 2.202038967196958449e-04 2.202052998314979102e-04 2.202067185136845297e-04 2.202079401457761852e-04 2.202088845576917725e-04 2.202096695309250780e-04 2.202104192618380368e-04 2.202111645364573174e-04 2.202118642149201902e-04 2.202124691876794428e-04 2.202129604830474919e-04 2.202133496270269831e-04 2.202136626648464989e-04 2.202139261499308357e-04 2.202141603843663130e-04 2.202143781426971572e-04 2.202145859893919278e-04 2.202147862849232821e-04 2.202149789950580514e-04 2.202151630183396091e-04 2.202153370264278210e-04 2.202154999171846393e-04 2.202155838638995616e-04 2.202157535743560514e-04 2.202159245073107723e-04 2.202160951309188152e-04 2.202162638866841449e-04 2.202164292784331066e-04 2.202165899579997638e-04 2.202167448015016624e-04 2.202168929707757944e-04 2.202170339558042150e-04 2.202171675956374100e-04 2.202172940772119457e-04 2.202174139133215955e-04 2.202175279026142099e-04 2.202176370756688667e-04 2.202177426318496604e-04 2.202178458717110360e-04 2.202179481293035392e-04 2.202180507079319106e-04 2.202181548219241862e-04 2.202182077971936481e-04 2.202183145665976487e-04 2.202184362006106774e-04 2.202185758532522605e-04 2.202187370339440194e-04 2.202189232566061745e-04 2.202191373597874578e-04 2.202193803953460412e-04 2.202196501036460328e-04 2.202199393340410652e-04 2.202202354064122206e-04 2.202205221283455800e-04 2.202207860998652445e-04 2.202210266346606409e-04 2.202212639808196436e-04 2.202215372895114027e-04 2.202218863354336680e-04 2.202223164339850057e-04 2.202227634574187645e-04 2.202231304276494161e-04 2.202234180475716257e-04 2.202237225237426539e-04 2.202240992841011339e-04 2.202245455686785425e-04 2.202250685592016370e-04 2.202255646152899871e-04 2.202262702453776052e-04 2.202273062821225795e-04 2.202281105927478158e-04 2.202287407888086517e-04 2.202298088821608320e-04 2.202314619757311201e-04 2.202347860121649746e-04 2.202397067384691829e-04 2.202434866913340560e-04 2.202490728654781622e-04 2.202665894043999558e-04 2.202940553621293793e-04 2.203461409805947189e-04 2.205235336791600573e-04 2.248004797186400991e-04 2.331114467571681638e-04 2.368221256227974328e-04 2.266059616606803983e-04 2.246550272103009711e-04 2.242674762334007771e-04 2.253713906525844262e-04 2.288904324387971046e-04 2.314568816373799103e-04 2.288301722283986599e-04
2.200434750644026998e-04 2.200420522911362021e-04 2.200465259864323067e-04 2.200538428808170379e-04 2.200641021831906054e-04 2.200771576243912959e-04 2.200920495015467888e-04 2.201084044081229026e-04 2.201257530815443604e-04 2.201453499292453436e-04 2.201634391050535868e-04 2.201808881340638468e-04 2.201996342123866248e-04 2.202140091867136348e-04 2.202298862404108461e-04 2.202438178803364940e-04 2.202565448807982773e-04 2.202637233979854771e-04 2.202779751824025811e-04 2.202865572461112453e-04 2.202917135540999034e-04 2.202968668296462630e-04 2.203021587549199825e-04 2.203071770172315919e-04 2.203116697619365838e-04 2.203159878282150673e-04 2.203198449039698561e-04 2.203230450474935110e-04 2.203259166917794257e-04 2.203282765484568186e-04 2.203302079521211800e-04 2.203319306604672719e-04 2.203334780390794510e-04 2.203348154397145669e-04 2.203359665372202380e-04 2.203369906818974510e-04 2.203379309571215064e-04 2.203388017401150696e-04 2.203396013892472177e-04 2.203403256488391877e-04 2.203409739065448683e-04 2.203415500372618953e-04 2.203420609695795900e-04 2.203425148959702062e-04 2.203429199039692139e-04 2.203432831881848306e-04 2.203436107463143225e-04 2.203439073908861577e-04 2.203441769218450160e-04 2.203444223496034003e-04 2.203445470183926897e-04 2.203447967818358258e-04 2.203450472052482470e-04 2.203452982663324684e-04 2.203455497930650972e-04 2.203458014769692295e-04 2.203460528971466043e-04 2.203463035527801689e-04 2.203465529009398832e-04 2.203468003960610416e-04 2.203470455274875650e-04 2.203472878519786588e-04 2.203475270189699106e-04 2.203477627874989052e-04 2.203479950348441756e-04 2.203482237578779067e-04 2.203484490687325427e-04 2.203486711865383803e-04 2.203488904267100789e-04 2.203491071886478237e-04 2.203492147847027464e-04 2.203494256163969717e-04 2.203496558827538977e-04 2.203499080559120937e-04 2.203501852248738123e-04 2.203504911905211617e-04 2.203508304126161014e-04 2.203512076216378505e-04 2.203516268677218259e-04 2.203520899207575198e-04 2.203525944600399976e-04 2.203531333819926075e-04 2.203536970340280266e-04 2.203542787161139884e-04 2.203548804033601035e-04 2.203555149974820648e-04 2.203562053942564013e-04 2.203569724865701699e-04 2.203577902082024659e-04 2.203585598535209443e-04 2.203592168062575127e-04 2.203598141753838186e-04 2.203604474600734267e-04 2.203610394862185210e-04 2.203613881286308515e-04 2.203617382812047252e-04 2.203625380958381666e-04 2.203636385725004645e-04 2.203652650146949578e-04 2.203684034914089331e-04 2.203734038864360405e-04 2.203767356965006738e-04 2.203776181395561233e-04 2.203893822726873887e-04 2.204051220756900393e-04 2.204276922564864368e-04 2.204591492050748068e-04 2.205648026763135973e-04 2.208248709695021937e-04 2.266443330950689906e-04 2.378215477541783716e-04 2.427338256756853972e-04 2.294017255623342075e-04 2.274607077521757347e-04 2.272323643897666877e-04 2.288644983448896698e-04 2.327870781896868274e-04 2.356979844764542050e-04 2.318593263346873854e-04 2.256116187862137481e-04
2.201113445895187782e-04 2.200696418856990357e-04 2.200674820191307786e-04 2.200746134006790805e-04 2.200864458872950835e-04 2.201027207323365655e-04 2.201235991313079537e-04 2.201466187889038271e-04 2.201738941117666070e-04 2.202008867322158790e-04 2.202311774831081385e-04 2.202615088959589259e-04 2.202890624042010061e-04 2.203166088026048961e-04 2.203450251280005294e-04 2.203669798428121638e-04 2.203897081069580591e-04 2.204088944023612905e-04 2.204254802366825651e-04 2.204422727824404359e-04 2.204545023687646979e-04 2.204655630680722950e-04 2.204766160998256920e-04 2.204859453415684812e-04 2.204937900654438583e-04 2.205002732320337523e-04 2.205059490041871276e-04 2.205109556805139341e-04 2.205156281682731881e-04 2.205196704617332179e-04 2.205232961927555734e-04 2.205266049811183929e-04 2.205294641844599826e-04 2.205319029898614527e-04 2.205340661843512527e-04 2.205360310724787277e-04 2.205377945305284527e-04 2.205393439696432250e-04 2.205406943221423959e-04 2.205418807256349066e-04 2.205429394303714424e-04 2.205438968642227458e-04 2.205447685275056129e-04 2.205455625652491558e-04 2.205462837256619551e-04 2.205469359632577294e-04 2.205475236051145354e-04 2.205480515811588218e-04 2.205485252192488060e-04 2.205489499280016729e-04 2.205491629633855757e-04 2.205495839919087377e-04 2.205499984143428243e-04 2.205504066109636974e-04 2.205508092054732393e-04 2.205512070130643610e-04 2.205516009731808976e-04 2.205519920724169564e-04 2.205523812638829849e-04 2.205527693897409896e-04 2.205531571133968510e-04 2.205535448670179735e-04 2.205539328186681891e-04 2.205543208615512256e-04 2.205547086258136027e-04 2.205550955113124464e-04 2.205554807379272954e-04 2.205558634085882420e-04 2.205562425793381343e-04 2.205566173304942938e-04 2.205568027845351169e-04 2.205571640917859991e-04 2.205575540556440250e-04 2.205579735315602941e-04 2.205584233887613991e-04 2.205589048315332787e-04 2.205594199016203377e-04 2.205599720928285421e-04 2.205605668283207061e-04 2.205612112891940991e-04 2.205619128996129234e-04 2.205626761123432970e-04 2.205634985942472512e-04 2.205643702342913019e-04 2.205652788916615144e-04 2.205662217677239513e-04 2.205672138050561698e-04 2.205682847862193798e-04 2.205694614513189914e-04 2.205707404647461157e-04 2.205721081672332422e-04 2.205736394642507608e-04 2.205754714017160105e-04 2.205776551848873948e-04 2.205801878571394365e-04 2.205831390240861330e-04 2.205860884499031551e-04 2.205886802939918169e-04 2.205909402735850404e-04 2.205946626862217161e-04 2.205992208336236382e-04 2.206061093438991237e-04 2.206217405432322055e-04 2.206476609195739827e-04 2.206821503406903489e-04 2.207473153234836385e-04 2.208868997804952277e-04 2.212670396737023736e-04 2.294717111413391471e-04 2.432996052356335996e-04 2.508736971139897791e-04 2.335006578792377509e-04 2.318041011586257250e-04 2.317771999351779652e-04 2.340955505316452830e-04 2.388277567983108636e-04 2.409652397164422201e-04 2.357041631864367130e-04 2.279444758973613657e-04 2.252624168229824873e-04
2.220953083707939951e-04 2.201758507987624949e-04 2.201114435616609462e-04 2.201075109735076585e-04 2.201193570485267422e-04 2.201375594401876396e-04 2.201640290541462567e-04 2.201964169239194375e-04 2.202345924830257816e-04 2.202772329486444832e-04 2.203279135095029392e-04 2.203724831726846254e-04 2.204176933450910174e-04 2.204646992002817611e-04 2.205081675931329854e-04 2.205485937919700920e-04 2.205887583328095751e-04 2.206232152272128203e-04 2.206526509554988965e-04 2.206805139885171477e-04 2.207059704415117042e-04 2.207285424307944865e-04 2.207474154569414248e-04 2.207629080371194524e-04 2.207764266765925511e-04 2.207887581005407046e-04 2.207997152714350289e-04 2.208095430551640218e-04 2.208180817641754667e-04 2.208255463809040496e-04 2.208321991105946459e-04 2.208380328155521712e-04 2.208432184780651745e-04 2.208478731921858563e-04 2.208519968787706837e-04 2.208556298600614586e-04 2.208588616813941439e-04 2.208617620091415077e-04 2.208643622897809168e-04 2.208666786843976448e-04 2.208687321215702234e-04 2.208705519850471524e-04 2.208721708520239844e-04 2.208736188184189087e-04 2.208749207093248343e-04 2.208760958679751294e-04 2.208771592122203589e-04 2.208781225396669258e-04 2.208789955971116514e-04 2.208797867999831002e-04 2.208801868052026943e-04 2.208809834761545044e-04 2.208817750839823493e-04 2.208825608725016175e-04 2.208833401216620960e-04 2.208841122101783995e-04 2.208848766660405100e-04 2.208856332019851318e-04 2.208863817343816255e-04 2.208871223852261001e-04 2.208878554680023865e-04 2.208885814590676113e-04 2.208893009569888957e-04 2.208900146329364177e-04 2.208907231758375808e-04 2.208914272364888862e-04 2.208921273751295533e-04 2.208928240170038944e-04 2.208935174200674046e-04 2.208942076581555530e-04 2.208945515628503410e-04 2.208952268244344030e-04 2.208959644339887846e-04 2.208967689956731499e-04 2.208976449255484946e-04 2.208985963611826840e-04 2.208996272290080312e-04 2.209007415685112987e-04 2.209019440847909122e-04 2.209032405626798251e-04 2.209046372903511175e-04 2.209061384909116797e-04 2.209077418996655397e-04 2.209094354735532495e-04 2.209112002776423298e-04 2.209130198407629748e-04 2.209148837594880686e-04 2.209167725816935362e-04 2.209186451656331178e-04 2.209204662191899282e-04 2.209222285339136865e-04 2.209239173433481058e-04 2.209255884127099307e-04 2.209275147712593586e-04 2.209296981718729066e-04 2.209326271301167630e-04 2.209372897719477180e-04 2.209433611530277060e-04 2.209525441259756217e-04 2.209647498736347652e-04 2.209786393676730471e-04 2.209943128012396276e-04 2.210214038861769005e-04 2.210864624209240930e-04 2.212123093449051424e-04 2.214074614296562468e-04 2.220329019037541724e-04 2.329771850596635456e-04 2.529279854268578565e-04 2.598395432149060982e-04 2.396631737151206970e-04 2.394462898342418771e-04 2.391596884481980180e-04 2.420856659424022261e-04 2.465253772591372212e-04 2.484745749361519569e-04 2.409732218504844468e-04 2.309699654383983651e-04 2.274642381096947516e-04 2.270103306172556966e-04
2.241277353474126178e-04 2.230122070961902659e-04 2.202732266714269862e-04 2.201788298673834350e-04 2.201720546499117987e-04 2.201905022072443143e-04 2.202193904848240139e-04 2.202616448486247719e-04 2.203179175281921886e-04 2.203731403750883969e-04 2.204434705541202626e-04 2.205179919533557624e-04 2.205893665528803728e-04 2.206692875492308702e-04 2.207413656646308104e-04 2.208139471457520615e-04 2.208817599249908556e-04 2.209422759695074321e-04 2.209967208385063130e-04 2.210502152336031362e-04 2.210954120213602908e-04 2.211320034215432371e-04 2.211643244208907173e-04 2.211929031050445158e-04 2.212177710508879663e-04 2.212394735033535245e-04 2.212588879863238236e-04 2.212762043272610438e-04 2.212916666003777945e-04 2.213053182221450964e-04 2.213174106731761385e-04 2.213279686252672110e-04 2.213372192271249774e-04 2.213454277281245010e-04 2.213526967610975396e-04 2.213590932992060814e-04 2.213647421267611571e-04 2.213697818649502935e-04 2.213743077887497400e-04 2.213783698300280864e-04 2.213820008809890775e-04 2.213852378373572531e-04 2.213881252238499681e-04 2.213907093628842890e-04 2.213930321253949408e-04 2.213951279929534386e-04 2.213970241454489541e-04 2.213987420235791204e-04 2.214002991097672698e-04 2.214017103261551309e-04 2.214024237933199005e-04 2.214038446742932456e-04 2.214052562568185928e-04 2.214066570878728832e-04 2.214080459127160171e-04 2.214094218394325195e-04 2.214107844513791082e-04 2.214121338551117146e-04 2.214134706607802903e-04 2.214147959013962124e-04 2.214161109053943202e-04 2.214174171424017411e-04 2.214187160643967694e-04 2.214200089633360999e-04 2.214212968622290194e-04 2.214225804503763308e-04 2.214238600662001683e-04 2.214251357239924850e-04 2.214264071751159886e-04 2.214276739905123872e-04 2.214283054985006778e-04 2.214295460563301006e-04 2.214309022167713166e-04 2.214323833979772965e-04 2.214339996198036453e-04 2.214357616875042172e-04 2.214376814834244616e-04 2.214397724165325688e-04 2.214420501635733804e-04 2.214445338936227824e-04 2.214472477604876861e-04 2.214502206731162165e-04 2.214534790064355454e-04 2.214570263603577349e-04 2.214608188816705181e-04 2.214647786735071764e-04 2.214688876023937123e-04 2.214732572278223742e-04 2.214779007501621285e-04 2.214823822089897771e-04 2.214863181289218467e-04 2.214901727805454544e-04 2.214940209251606968e-04 2.214969972228555972e-04 2.214995623141503768e-04 2.215021529151365751e-04 2.215039600339071993e-04 2.215085035692688109e-04 2.215214560344499171e-04 2.215546024728424210e-04 2.216043305901722632e-04 2.216615534951292641e-04 2.217364600025403646e-04 2.218994023217447779e-04 2.223113287153848203e-04 2.233067582627090708e-04 2.380539512450766647e-04 2.663407430100380455e-04 2.740137886215426150e-04 2.478632657567951731e-04 2.496475012061009587e-04 2.531738402988037212e-04 2.559267467820967889e-04 2.576794846212481578e-04 2.585715928451066937e-04 2.483998499901639788e-04 2.356798698371394957e-04 2.307034022201855062e-04 2.300623186898223961e-04 2.280605174204610862e-04
2.254638161721418536e-04 2.254488368033744506e-04 2.242370366296845435e-04 2.204243174506852209e-04 2.202828927639927808e-04 2.202775581022915459e-04 2.203087188570199226e-04 2.203555949648553641e-04 2.204182411933484724e-04 2.205054999534973744e-04 2.206044849864822121e-04 2.207106565921065238e-04 2.208276940515151176e-04 2.209514127879396730e-04 2.210687239212601413e-04 2.211883574879647512e-04 2.213021030754841456e-04 2.214081068304134714e-04 2.215023891712313681e-04 2.215968018292370511e-04 2.216788256777567985e-04 2.217507746045998596e-04 2.218135201136391002e-04 2.218675463612913823e-04 2.219145759359495698e-04 2.219556410955688015e-04 2.219916320015741717e-04 2.220234961867340463e-04 2.220516657223183552e-04 2.220766395423794017e-04 2.220985312717319840e-04 2.221178961438599934e-04 2.221349758431976956e-04 2.221498354755925618e-04 2.221628809057966090e-04 2.221744224171636980e-04 2.221845442392497759e-04 2.221933580869761462e-04 2.222010730603741254e-04 2.222078939153620159e-04 2.222139576721734642e-04 2.222193484539582685e-04 2.222241329683693394e-04 2.222283789873512815e-04 2.222321559127624600e-04 2.222355288452647695e-04 2.222385539806726778e-04 2.222412773378053654e-04 2.222437358512731505e-04 2.222459593676091828e-04 2.222470827762162353e-04 2.222493202695888096e-04 2.222515452607527243e-04 2.222537571448493954e-04 2.222559550034565836e-04 2.222581379354144997e-04 2.222603053528893256e-04 2.222624571926066432e-04 2.222645940095589463e-04 2.222667169427548545e-04 2.222688275656336360e-04 2.222709276535506258e-04 2.222730189139323687e-04 2.222751027292896428e-04 2.222771799588486852e-04 2.222792508323060746e-04 2.222813149516361772e-04 2.222833713973084010e-04 2.222854189172079604e-04 2.222874561630705818e-04 2.222884705457291274e-04 2.222904608547699151e-04 2.222926332136848204e-04 2.222950025745275987e-04 2.222975858493959488e-04 2.223004026322295142e-04 2.223034755403473640e-04 2.223068293374928003e-04 2.223104878764476603e-04 2.223144686387139757e-04 2.223187767573807415e-04 2.223234032239895363e-04 2.223283326355627470e-04 2.223335605364546959e-04 2.223391090640570208e-04 2.223450191062280876e-04 2.223513025488160235e-04 2.223578935264869708e-04 2.223647339836029688e-04 2.223719693212405858e-04 2.223797694620094963e-04 2.223880761968492715e-04 2.223968344103663256e-04 2.224048208576702142e-04 2.224116912093628538e-04 2.224166701423296150e-04 2.224210989565240633e-04 2.224315620842939704e-04 2.224649407498400784e-04 2.225414634986827762e-04 2.226796250139653744e-04 2.228548054185111593e-04 2.230525740007916727e-04 2.235740804956949733e-04 2.256938637025543643e-04 2.458899363941402364e-04 2.827090859798554712e-04 2.959540657450194200e-04 2.603705633188102206e-04 2.642727599337673554e-04 2.724402436703005038e-04 2.739420613150607767e-04 2.740635012731011612e-04 2.725718398061970126e-04 2.586589481390750536e-04 2.413764350366156056e-04 2.349721418441614023e-04 2.341566410810897835e-04 2.306449591147167750e-04 2.275084547735425455e-04
2.230847671224770801e-04 2.276393310217738957e-04 2.273141737779449140e-04 2.258908245417570499e-04 2.206979034579963268e-04 2.204412152091446257e-04 2.204319790368531793e-04 2.204878406442117985e-04 2.205691054207910154e-04 2.206776638764884114e-04 2.208051846181525231e-04 2.209602358336061416e-04 2.211387455373223438e-04 2.213179913057353968e-04 2.215237877643112211e-04 2.217090506604850854e-04 2.219076281853922961e-04 2.220899606278557389e-04 2.222565785066097711e-04 2.224110382097304868e-04 2.225485057309245973e-04 2.226700290383983754e-04 2.227738064950761561e-04 2.228638252902818983e-04 2.229457792810509852e-04 2.230218725297627199e-04 2.230919472967038842e-04 2.231554949570905861e-04 2.232118944032680699e-04 2.232612005223443778e-04 2.233036982739988979e-04 2.233401158561516711e-04 2.233713052708604426e-04 2.233979779309743072e-04 2.234210317070345006e-04 2.234411233930428309e-04 2.234585911257785083e-04 2.234737972785806322e-04 2.234871840399049487e-04 2.234991067154134116e-04 2.235097643585871299e-04 2.235192626926581661e-04 2.235276946276584017e-04 2.235351736713196691e-04 2.235418271648294492e-04 2.235477774237479016e-04 2.235531284836371469e-04 2.235579623152425077e-04 2.235623414855063067e-04 2.235663142382176888e-04 2.235683251750566656e-04 2.235723356039026393e-04 2.235763264093156889e-04 2.235802904650353493e-04 2.235842195498789883e-04 2.235881056769164783e-04 2.235919423884841781e-04 2.235957258130601426e-04 2.235994553152282271e-04 2.236031336326740795e-04 2.236067664748368875e-04 2.236103616438345166e-04 2.236139278157693925e-04 2.236174731767611302e-04 2.236210041334800089e-04 2.236245243078717893e-04 2.236280339812484733e-04 2.236315300808018581e-04 2.236350067134583171e-04 2.236384561623140741e-04 2.236401680991503425e-04 2.236435123454047491e-04 2.236471348213166222e-04 2.236510470799110456e-04 2.236552642592362780e-04 2.236598111463359391e-04 2.236647291945059843e-04 2.236700800368821560e-04 2.236759382179440928e-04 2.236823679307000713e-04 2.236893922572978839e-04 2.236969880271690394e-04 2.237051488989447829e-04 2.237140045951587733e-04 2.237238694996055886e-04 2.237350794665133647e-04 2.237477246115515586e-04 2.237616531768570039e-04 2.237769942217061772e-04 2.237947086550059117e-04 2.238154731782974181e-04 2.238383066302403440e-04 2.238625262982558636e-04 2.238871267959699973e-04 2.239087534848442456e-04 2.239224584648297006e-04 2.239359113911524376e-04 2.239584744110745924e-04 2.240349048771656459e-04 2.242215507123769124e-04 2.245258754403129569e-04 2.248990558410058943e-04 2.256319221884123120e-04 2.291687088622629135e-04 2.599452892619166441e-04 3.030569000202693649e-04 3.261500510406235907e-04 2.779895793847691901e-04 2.908254135158002502e-04 2.982498879697032977e-04 2.992300059727276765e-04 2.953374969894982291e-04 2.882397956401105748e-04 2.706385715363970597e-04 2.495350787174725922e-04 2.414302503673003756e-04 2.396692432921152666e-04 2.343090191424056603e-04 2.305229525912888761e-04 2.238979332304689236e-04
2.213291131546923571e-04 2.246394102845962839e-04 2.302522280280152700e-04 2.298834911020631851e-04 2.281091952164675512e-04 2.211512622723955847e-04 2.207266761966541720e-04 2.207065770007065025e-04 2.207721176349221413e-04 2.208988555024065715e-04 2.210747084951664838e-04 2.212976591164734965e-04 2.215377125583600033e-04 2.218219260523100875e-04 2.221229159255651005e-04 2.224326273627772615e-04 2.227248629342223332e-04 2.230375030916147399e-04 2.233250036770610637e-04 2.236032351562821491e-04 2.238779979939423538e-04 2.241313942943534330e-04 2.243452163380411576e-04 2.245158460536863664e-04 2.246512638027634348e-04 2.247615076486383749e-04 2.248551354164409605e-04 2.249376602682756599e-04 2.250128978990895731e-04 2.250820565538079259e-04 2.251459373125350421e-04 2.252041836582432163e-04 2.252571552252210249e-04 2.253052315137114934e-04 2.253484537550062231e-04 2.253872619177536146e-04 2.254222604218939809e-04 2.254538560713326622e-04 2.254823139895750837e-04 2.255079021858325320e-04 2.255309226863270186e-04 2.255516726512014176e-04 2.255704101198883506e-04 2.255873474189615670e-04 2.256026616168057880e-04 2.256165072904703622e-04 2.256290246433242507e-04 2.256403427281844704e-04 2.256505799922095426e-04 2.256598441079455579e-04 2.256645248439554730e-04 2.256738466052222796e-04 2.256831161879264275e-04 2.256923343825948758e-04 2.257015015887306193e-04 2.257106177317423916e-04 2.257196824249149290e-04 2.257286953669390965e-04 2.257376568997406820e-04 2.257465685964609608e-04 2.257554337201512205e-04 2.257642574001579258e-04 2.257730464179322639e-04 2.257818085708981556e-04 2.257905516776275085e-04 2.257992823798575857e-04 2.258080049653388805e-04 2.258167204620037979e-04 2.258254262282051016e-04 2.258341161863202285e-04 2.258384526092861114e-04 2.258469763897336374e-04 2.258562965912912137e-04 2.258664715931859115e-04 2.258775658297546929e-04 2.258896594066818508e-04 2.259028627126304393e-04 2.259173300037636671e-04 2.259332567856321662e-04 2.259508413750529251e-04 2.259702109541029881e-04 2.259913730495804692e-04 2.260143125285360042e-04 2.260392613673995745e-04 2.260668256482990790e-04 2.260974907117519405e-04 2.261308632634488754e-04 2.261659747553570923e-04 2.262021245237585195e-04 2.262378021896663466e-04 2.262697507181960475e-04 2.262924038137493468e-04 2.262973151698739283e-04 2.262825235366579951e-04 2.262381434307848794e-04 2.261877493095414517e-04 2.261671289677171393e-04 2.262706760124568285e-04 2.266324192175270605e-04 2.273212977087741649e-04 2.281418942912215981e-04 2.291705278930743629e-04 2.343293250926315515e-04 2.769006889724750543e-04 3.392720465472413762e-04 3.609196996767756287e-04 3.108614859103300972e-04 3.187355963214031761e-04 3.445255121962531152e-04 3.450043810106438172e-04 3.270001562857571017e-04 3.134062295163178580e-04 2.918449151773585713e-04 2.622586286361142690e-04 2.496821673187465712e-04 2.469585349646934505e-04 2.393549599532478591e-04 2.341531900713897450e-04 2.258653637636104405e-04 2.217277022054478552e-04
2.235494427708988811e-04 2.222536474746374645e-04 2.271969053305735137e-04 2.340697459064452774e-04 2.334700955225263029e-04 2.318555472343619326e-04 2.219598755431581366e-04 2.211612494072526822e-04 2.211454884120212059e-04 2.212580775566383592e-04 2.214592877119734898e-04 2.217109889192887871e-04 2.220661070064258128e-04 2.224727966094386584e-04 2.228928510678882349e-04 2.233921830918896771e-04 2.238919961491081761e-04 2.243697141867689751e-04 2.248862427356654043e-04 2.253289333797973970e-04 2.257173966226583078e-04 2.261103768259070277e-04 2.265250096108594076e-04 2.269354813527881085e-04 2.273029522797659742e-04 2.276112416955201922e-04 2.278617358137558109e-04 2.280644817007938536e-04 2.282302671395357275e-04 2.283686460353235778e-04 2.284864713622392464e-04 2.285890500318337273e-04 2.286794582675545163e-04 2.287595180073187984e-04 2.288311067670370568e-04 2.288953288096529635e-04 2.289527076029661159e-04 2.290040057319655663e-04 2.290501096366496776e-04 2.290916498243837347e-04 2.291290281752117106e-04 2.291626169016982488e-04 2.291928317145377873e-04 2.292200844998662826e-04 2.292447264840543947e-04 2.292670336331609389e-04 2.292872241717329093e-04 2.293054831761887709e-04 2.293219797662815289e-04 2.293368745218543885e-04 2.293443830795618922e-04 2.293592948979637932e-04 2.293740625774842268e-04 2.293886871922870899e-04 2.294031751399690277e-04 2.294175359411960611e-04 2.294317793491583890e-04 2.294459123966792013e-04 2.294599370263425582e-04 2.294738488232676724e-04 2.294876371281248694e-04 2.295012865030363666e-04 2.295147792229903572e-04 2.295280982373773006e-04 2.295412299413132672e-04 2.295541661380870978e-04 2.295669047530487703e-04 2.295794491355276977e-04 2.295918060973153809e-04 2.296039831145671754e-04 2.296100059114884945e-04 2.296217485643700250e-04 2.296344500757269765e-04 2.296481487283557970e-04 2.296628564067233400e-04 2.296785454181427845e-04 2.296951408600287215e-04 2.297125265102647204e-04 2.297305638271715945e-04 2.297490973236741157e-04 2.297678854780263761e-04 2.297864101596366676e-04 2.298036610485115793e-04 2.298182050933411961e-04 2.298287029756439052e-04 2.298341046716506555e-04 2.298322539175113568e-04 2.298184818682754934e-04 2.297889781855112995e-04 2.297447412643055130e-04 2.296846673408537386e-04 2.296090419527202725e-04 2.295452226544887847e-04 2.295220697342674216e-04 2.296044866235707907e-04 2.298747822561431639e-04 2.304731333580044359e-04 2.313603167464390892e-04 2.323023213152130022e-04 2.331139583940390863e-04 2.338614528852730687e-04 2.417219088092543587e-04 3.045311506788644885e-04 3.999535043260145817e-04 4.107924135986370487e-04 3.525710436992712349e-04 3.656606818236930647e-04 4.200716171948134289e-04 3.920517757908643063e-04 3.700067467505934165e-04 3.529248444886446605e-04 3.215517609527449873e-04 2.780458497867923512e-04 2.620974775575327250e-04 2.591331478010945382e-04 2.463862678063976860e-04 2.394683681346403440e-04 2.291083339085017083e-04 2.229339823637799505e-04 2.247123589357309496e-04
2.292699595054363570e-04 2.253854956982467839e-04 2.237362528922249704e-04 2.305857534083706863e-04 2.391597432863439780e-04 2.378664215153102751e-04 2.359598158214434090e-04 2.233466575114891289e-04 2.218384866576306701e-04 2.217940035196905996e-04 2.219783354989427089e-04 2.223561782535517001e-04 2.227576230613752479e-04 2.232801738023795692e-04 2.239810763907405984e-04 2.246131705450334440e-04 2.254302474301167480e-04 2.262621416400890310e-04 2.270031568592089527e-04 2.278367483729756826e-04 2.286581972062297450e-04 2.293255438287941216e-04 2.298338809574951107e-04 2.302485371295876155e-04 2.306589897571450706e-04 2.310879636193740108e-04 2.315182971320486492e-04 2.319292960701993306e-04 2.323066956027072653e-04 2.326435157419039516e-04 2.329392961201268055e-04 2.331953517691702765e-04 2.334152260891720699e-04 2.336037096976554400e-04 2.337649024399716209e-04 2.339027818861605238e-04 2.340208994063794909e-04 2.341220237046396702e-04 2.342085105879409504e-04 2.342825673132122944e-04 2.343461858482460221e-04 2.344010391273246925e-04 2.344484814803968415e-04 2.344896126860250942e-04 2.345253452245205420e-04 2.345564513297864460e-04 2.345835910848775906e-04 2.346073293084892895e-04 2.346281474968983389e-04 2.346464541458317835e-04 2.346555118893585738e-04 2.346731681045956675e-04 2.346902213739990382e-04 2.347066811606744947e-04 2.347225537118446384e-04 2.347378412813251472e-04 2.347525420820282909e-04 2.347666511010536826e-04 2.347801617435775414e-04 2.347930680818614509e-04 2.348053673142282268e-04 2.348170619309469548e-04 2.348281610765629718e-04 2.348386807089615730e-04 2.348486423751715410e-04 2.348580707149622944e-04 2.348669901052697143e-04 2.348754211005521638e-04 2.348833774415699360e-04 2.348908643560261480e-04 2.348944310670574335e-04 2.349011103809288501e-04 2.349079011193563990e-04 2.349146841581936879e-04 2.349213076562865375e-04 2.349276017750454124e-04 2.349334101857232732e-04 2.349386285426549278e-04 2.349432160287737441e-04 2.349471335848836320e-04 2.349502195250162124e-04 2.349521799467628631e-04 2.349529881096690882e-04 2.349536221188464676e-04 2.349563011499810423e-04 2.349639576558452286e-04 2.349810837347491069e-04 2.350163357517516245e-04 2.350835989047337748e-04 2.352046968229667121e-04 2.354007474690461338e-04 2.356901509328946428e-04 2.361142132444674091e-04 2.366447889181416090e-04 2.373149854536338950e-04 2.378904075909454656e-04 2.382377151716063191e-04 2.381324965267663202e-04 2.380484330086798917e-04 2.408459579731486993e-04 2.600217803725136077e-04 3.567092935225026117e-04 4.584992768872205786e-04 4.637610343307621715e-04 4.221831773322268309e-04 4.466639741770676028e-04 5.106431253940377874e-04 4.703342760998063072e-04 4.500281052286760281e-04 4.082644926769671279e-04 3.579985375085416874e-04 3.005424287270856221e-04 2.803607586900285593e-04 2.720427801195086600e-04 2.549498636297267890e-04 2.466001329632654289e-04 2.334209491914783442e-04 2.248712900853730358e-04 2.271448291624218339e-04 2.276949199593176197e-04
2.220538348678606857e-04 2.327876516054749596e-04 2.279009167451843325e-04 2.261359341030719943e-04 2.356199473952879069e-04 2.444782667698362148e-04 2.454714251794912054e-04 2.418209587528728408e-04 2.254926809496380280e-04 2.229917958108293375e-04 2.228516762352247566e-04 2.231379077891903508e-04 2.237121923223492782e-04 2.244761557623923610e-04 2.251912273782313617e-04 2.263864736912319883e-04 2.275107718224040254e-04 2.286283902812301383e-04 2.300119958453960179e-04 2.312232550791908613e-04 2.322947362837063899e-04 2.335027891484871591e-04 2.348292356522575384e-04 2.360985446032959334e-04 2.371642208867524057e-04 2.379989479379713440e-04 2.386445100500982541e-04 2.391574302681512005e-04 2.395811745227441520e-04 2.399462717170001871e-04 2.402707565046568528e-04 2.405626147837101241e-04 2.408253693262810233e-04 2.410618513287225663e-04 2.412751248685304154e-04 2.414681018729565489e-04 2.416430824987657300e-04 2.418018449461138740e-04 2.419460132003174301e-04 2.420771018097694568e-04 2.421963778521219021e-04 2.423048656395040772e-04 2.424034725792407715e-04 2.424930797138426610e-04 2.425745469676645867e-04 2.426486768039289390e-04 2.427161848415140821e-04 2.427776940327893655e-04 2.428337461660171005e-04 2.428848191586710308e-04 2.429107483908298480e-04 2.429626260912314266e-04 2.430145118633438939e-04 2.430663833929195237e-04 2.431182207506022179e-04 2.431700100674808569e-04 2.432217459346791046e-04 2.432734320354860134e-04 2.433250799015134033e-04 2.433767060922855069e-04 2.434283284380517538e-04 2.434799621811671296e-04 2.435316168582592525e-04 2.435832945835787917e-04 2.436349900671304445e-04 2.436866923063356967e-04 2.437383875187844665e-04 2.437900626207679684e-04 2.438417084595135057e-04 2.438933220940978303e-04 2.439191178603530353e-04 2.439699407269100206e-04 2.440257604361004639e-04 2.440870909970903248e-04 2.441545089892027350e-04 2.442286553712235786e-04 2.443102327086569474e-04 2.444000047497066818e-04 2.444988157275120705e-04 2.446076471951421890e-04 2.447276949561928835e-04 2.448603719476396905e-04 2.450071139835446020e-04 2.451690554184267888e-04 2.453468565735901800e-04 2.455399901198825345e-04 2.457427940423109270e-04 2.459404933229852115e-04 2.461204778424176611e-04 2.462681567950358386e-04 2.463185305738745307e-04 2.462623454606651958e-04 2.460499197399265551e-04 2.456574685518865628e-04 2.452803557264962293e-04 2.452716853369298696e-04 2.466964071800064251e-04 2.514208359538821548e-04 2.617729851761061810e-04 2.916184797934361539e-04 3.839091758796097449e-04 4.959707158912096854e-04 6.213034641960002392e-04 5.469277597383343133e-04 5.215608509474339502e-04 6.536548135311200059e-04 6.035633258230691488e-04 5.476268911790433801e-04 4.732078882943413067e-04 4.031741955153133163e-04 3.341006296086089446e-04 3.034569923636583864e-04 2.904089300848185446e-04 2.697540809234695103e-04 2.541548226797396863e-04 2.398488867806025605e-04 2.279995469259743415e-04 2.304395579309649448e-04 2.306502646303950667e-04 2.219576677683360994e-04
2.287147022097200109e-04 2.234570277011547774e-04 2.375946669272630788e-04 2.318868365004783368e-04 2.299170386998688857e-04 2.435682816875345410e-04 2.537559001585262624e-04 2.560641055787153870e-04 2.527758557465063219e-04 2.294180827108525489e-04 2.248699275223273262e-04 2.245776396455945764e-04 2.250470765286352376e-04 2.259105644608428505e-04 2.271148492672258473e-04 2.285439972247923503e-04 2.299237085046041209e-04 2.320894984466745532e-04 2.337954770618736952e-04 2.357376821949305876e-04 2.380438658272027782e-04 2.401015194959707337e-04 2.417273610506662099e-04 2.430832814558610624e-04 2.444489490090823928e-04 2.459075886052749962e-04 2.473819581073031528e-04 2.488154763628003838e-04 2.501615867476092588e-04 2.513710312980831736e-04 2.524193660064999391e-04 2.533111821741752009e-04 2.540643630118916228e-04 2.546997922344072492e-04 2.552371652566113019e-04 2.556933892887231440e-04 2.560828979001072720e-04 2.564177972804106316e-04 2.567076321735147697e-04 2.569596885309898904e-04 2.571796694406487606e-04 2.573722156668903404e-04 2.575411699825428725e-04 2.576897251146815886e-04 2.578205491559268630e-04 2.579358998235227029e-04 2.580377150440544263e-04 2.581276762022918910e-04 2.582072502043299546e-04 2.582777187702021103e-04 2.583127443376603718e-04 2.583812952275213763e-04 2.584478126112784249e-04 2.585122568187408283e-04 2.585745874851305519e-04 2.586347627012863955e-04 2.586927385692803149e-04 2.587484694162703910e-04 2.588019088145097771e-04 2.588530114214834116e-04 2.589017355089909722e-04 2.589480459116538747e-04 2.589919170114558930e-04 2.590333353027847625e-04 2.590723010683417004e-04 2.591088287536342681e-04 2.591429457633764345e-04 2.591746896124550131e-04 2.592041036270566635e-04 2.592312316706468171e-04 2.592439509378212555e-04 2.592673891206721359e-04 2.592906651631884376e-04 2.593132624394705482e-04 2.593344824205301804e-04 2.593533890048629713e-04 2.593687561998841247e-04 2.593790387371146559e-04 2.593823732902008380e-04 2.593765613420776568e-04 2.593589077919633513e-04 2.593258884572551687e-04 2.592732197592470642e-04 2.591975934617993076e-04 2.590996547551347069e-04 2.589828925959417071e-04 2.588477712247070186e-04 2.587048611940254974e-04 2.586110661036546219e-04 2.586509232725745758e-04 2.589261947965864480e-04 2.596971949431143623e-04 2.612114755100150608e-04 2.636515827886905705e-04 2.670536650015962218e-04 2.711901854820756999e-04 2.753040928996268260e-04 2.806887396625249885e-04 3.055329470429350822e-04 4.408073457124892175e-04 7.631539466861777220e-04 8.944866561230934657e-04 6.017906461720914707e-04 6.548737746719669175e-04 9.507835283525060271e-04 7.221531167367574227e-04 7.072479722936953579e-04 5.672050252697448348e-04 4.837453332390451340e-04 3.942012927241523744e-04 3.465414911978141003e-04 3.250885146677236562e-04 2.904399253048543057e-04 2.674021861355034124e-04 2.500552879322400120e-04 2.329173701295070330e-04 2.355790858324382456e-04 2.347071516827810419e-04 2.232888636097251354e-04 2.294693649487583012e-04
2.219671632045715996e-04 2.317386330227602100e-04 2.258421747790932948e-04 2.444498383438098357e-04 2.371901991913983720e-04 2.372922061654650209e-04 2.536338941576266460e-04 2.688073928135257151e-04 2.696633341277523315e-04 2.636857438841713232e-04 2.348732260011924503e-04 2.275198737908704170e-04 2.276631472164477102e-04 2.277835103465862369e-04 2.299868650668247360e-04 2.308177183764152619e-04 2.339464589071959210e-04 2.359543765588693160e-04 2.387913452445455421e-04 2.423497098440133149e-04 2.452870816007037989e-04 2.481403274255944967e-04 2.515131741788230869e-04 2.553267538422818389e-04 2.588834466363404961e-04 2.619497751436773627e-04 2.644777025876730945e-04 2.664824649319937435e-04 2.681107335890834742e-04 2.694941902961115019e-04 2.706958213198241048e-04 2.717417863150018657e-04 2.726550351213751660e-04 2.734596948758504756e-04 2.741748599329289771e-04 2.748146801042441502e-04 2.753894444351636002e-04 2.759063407685211728e-04 2.763707193858209988e-04 2.767871719473918900e-04 2.771600548197272447e-04 2.774936266916407687e-04 2.777920087658826182e-04 2.780590931372894817e-04 2.782984644768172078e-04 2.785133565372816130e-04 2.787066403738228007e-04 2.788808345132964242e-04 2.790381289924227077e-04 2.791804177055482307e-04 2.792523395711205328e-04 2.793957321701456831e-04 2.795386685589814702e-04 2.796813204275511318e-04 2.798238481016886571e-04 2.799663915993865805e-04 2.801090630612179883e-04 2.802519416174509737e-04 2.803950714876149962e-04 2.805384636734444643e-04 2.806821010740902125e-04 2.808259463197140056e-04 2.809699511884454991e-04 2.811140662284552887e-04 2.812582492026103123e-04 2.814024712118450835e-04 2.815467197905047376e-04 2.816909988185553387e-04 2.818353256559805089e-04 2.819797263682928979e-04 2.820519635878267315e-04 2.821944195232565090e-04 2.823510727689465972e-04 2.825233814841005128e-04 2.827129538644046849e-04 2.829215655426095934e-04 2.831511968299547737e-04 2.834041069929825745e-04 2.836829465406342284e-04 2.839908460222579701e-04 2.843313112904944382e-04 2.847077346433504220e-04 2.851227726884622712e-04 2.855789217249068849e-04 2.860814493391907886e-04 2.866389028575414173e-04 2.872504963516959260e-04 2.878933031778862822e-04 2.885402903528401313e-04 2.891279388186877462e-04 2.894924252607756219e-04 2.894762393079206931e-04 2.887944123758125203e-04 2.878014507375712002e-04 2.879072215947457605e-04 2.923703635102915506e-04 3.130371728046097649e-04 4.002858151490639241e-04 6.852858379824285605e-04 9.837096772933812475e-04 8.809996173551829651e-04 7.608150619852653085e-04 1.109365687504362211e-03 1.112611030708571865e-03 9.342659915970819929e-04 9.860846592122667238e-04 6.696603682425140459e-04 6.193427573097984697e-04 4.652744721282816784e-04 3.978561987509939956e-04 3.593879959007506130e-04 3.170853694607354877e-04 2.890509482819097619e-04 2.630665423124951005e-04 2.424945000763032018e-04 2.422940743170311207e-04 2.405336689533254548e-04 2.255492080249446737e-04 2.327308161704577183e-04 2.219305220070372437e-04
2.283989273822683544e-04 2.233366134877185567e-04 2.359604317186721884e-04 2.296989642728159689e-04 2.533092064658211753e-04 2.460870111347617634e-04 2.476016865032492839e-04 2.679784724134347479e-04 2.839723638402691765e-04 2.859852618101136213e-04 2.800341945168450370e-04 2.430112503617154441e-04 2.321252368268670002e-04 2.321305255747060589e-04 2.324696712513900972e-04 2.356290850815451112e-04 2.381510007516300989e-04 2.410142571693986576e-04 2.463279004200571607e-04 2.503714860441982079e-04 2.551231460642468013e-04 2.613678892102607961e-04 2.674220678715556136e-04 2.723837452818347925e-04 2.766533961816635074e-04 2.803938615606792282e-04 2.841004039054200901e-04 2.879194113340422185e-04 2.915583667393051867e-04 2.948211181004606329e-04 2.976942098795121931e-04 3.002200613428097605e-04 3.024389629140294706e-04 3.043851733365805562e-04 3.060866400202923621e-04 3.075678069946698916e-04 3.088523495228346965e-04 3.099639606423197744e-04 3.109262075466784087e-04 3.117615694667852768e-04 3.124900763755433255e-04 3.131284379671450549e-04 3.136900229647729735e-04 3.141854168522205761e-04 3.146231374343176558e-04 3.150102461900540279e-04 3.153527757521930319e-04 3.156559943565909621e-04 3.159245584093783952e-04 3.161626001814637587e-04 3.162809709426932714e-04 3.165127233106004552e-04 3.167376930435161168e-04 3.169557615472079481e-04 3.171668561422578015e-04 3.173709486108225756e-04 3.175680491091635734e-04 3.177581961364474316e-04 3.179414438818297002e-04 3.181178487663565454e-04 3.182874572377288503e-04 3.184502967827534448e-04 3.186063716710094314e-04 3.187556641823559170e-04 3.188981411189209872e-04 3.190337644294743437e-04 3.191625039706967766e-04 3.192843499661681067e-04 3.193993227122400103e-04 3.195074775466628198e-04 3.195590250288641481e-04 3.196557459617134760e-04 3.197546736746286161e-04 3.198547101505302905e-04 3.199544264883007910e-04 3.200519504982697345e-04 3.201448094808939529e-04 3.202297734259956113e-04 3.203028517105906831e-04 3.203597528295480364e-04 3.203972182222249469e-04 3.204154521180806051e-04 3.204211375529421682e-04 3.204294839133113365e-04 3.204642258735647116e-04 3.205604524672735081e-04 3.207846216261041176e-04 3.212700578348498840e-04 3.222070217857591506e-04 3.237805439956129537e-04 3.263032017423978079e-04 3.305140191916045370e-04 3.374021555451283110e-04 3.478550327001363228e-04 3.627316559505384952e-04 3.891116623784034645e-04 4.707535287237094241e-04 7.034538828354124562e-04 1.109425989133631376e-03 1.456309142976460998e-03 1.337645247436548617e-03 1.254399219467217412e-03 1.277740981744793615e-03 1.662503544378803825e-03 1.083623860239079761e-03 9.739205358843090136e-04 7.499883412741567643e-04 5.816820514258324833e-04 4.631285960317764938e-04 4.106738612596143160e-04 3.492240177902718895e-04 3.112649683153259324e-04 2.816754290148782043e-04 2.559077302966253527e-04 2.534121898313510565e-04 2.481695318242376587e-04 2.292085065981840889e-04 2.372821656541709455e-04 2.232921325105136187e-04 2.279995864917838460e-04
2.218598052939298247e-04 2.315195982272412532e-04 2.255218473650824368e-04 2.413640684046621041e-04 2.362028541048715987e-04 2.645846722838400339e-04 2.587393957430515192e-04 2.605657381764558164e-04 2.892053654725428068e-04 3.129088901312260858e-04 3.154161397709787031e-04 3.075439118663519239e-04 2.548683524578515872e-04 2.413866852632816210e-04 2.370201565445014056e-04 2.424812254481150493e-04 2.427898405740057549e-04 2.498144841645235812e-04 2.548454940784640314e-04 2.606811294879642082e-04 2.699671800223557724e-04 2.786831390742041401e-04 2.859691175497171517e-04 2.934893979087726309e-04 3.017278732080932958e-04 3.099974941315204843e-04 3.181913932643798317e-04 3.257344770970264317e-04 3.321913727635088806e-04 3.375228111910279628e-04 3.419943570296123418e-04 3.458617928730923097e-04 3.492629838350308361e-04 3.522651792348746526e-04 3.549168961465734400e-04 3.572679613996581054e-04 3.593620346025166046e-04 3.612294305946714846e-04 3.628904191513428017e-04 3.643618128466311534e-04 3.656608390778820646e-04 3.668058220136540806e-04 3.678152820702516651e-04 3.687067747235916516e-04 3.694960781533219497e-04 3.701968550957261510e-04 3.708206859164226224e-04 3.713773091853830172e-04 3.718749319761998923e-04 3.723205257934393184e-04 3.725439469072930007e-04 3.729854000282164378e-04 3.734196580418641057e-04 3.738466947973960474e-04 3.742664891229247775e-04 3.746790491014666486e-04 3.750844326695357538e-04 3.754827606260405129e-04 3.758742191384933755e-04 3.762590504621850934e-04 3.766375326268321037e-04 3.770099509721501832e-04 3.773765662516274152e-04 3.777375852044926718e-04 3.780931397307900083e-04 3.784432799469107135e-04 3.787879844868741880e-04 3.791271886827454166e-04 3.794608281133778679e-04 3.797888919759051822e-04 3.799508580648866063e-04 3.802661598830744255e-04 3.806069173032295447e-04 3.809752962237323692e-04 3.813742846945919820e-04 3.818081509327324319e-04 3.822828487503611276e-04 3.828060343501532223e-04 3.833862237518960718e-04 3.840308460544808087e-04 3.847439510714064162e-04 3.855259540089070892e-04 3.863779038382000614e-04 3.873069399441032585e-04 3.883174705649254611e-04 3.893727914125305329e-04 3.903593676694538635e-04 3.911492639168147583e-04 3.917410290959218817e-04 3.922182425560923492e-04 3.928162697277250062e-04 3.947229660709301413e-04 4.001731056651694094e-04 4.159231022624412539e-04 4.690923948248984163e-04 6.695699868645922821e-04 1.224239116880526538e-03 1.872930463737360008e-03 1.788707423539801812e-03 1.347145600427528123e-03 1.749635963775294850e-03 2.478835814267857113e-03 1.868048022907209090e-03 1.417042268518630375e-03 1.507725466841227258e-03 8.349502830886975507e-04 7.989833516509447630e-04 5.493511009337704622e-04 4.963469271661978153e-04 4.071581480367626651e-04 3.536432707687111113e-04 3.093540983597342230e-04 2.728266280873229213e-04 2.689781219346501061e-04 2.580587140021267656e-04 2.353901710308215931e-04 2.430992793324666197e-04 2.254649170781971906e-04 2.309549837331408028e-04 2.213647062569925488e-04
2.271159300393332900e-04 2.231946045494518044e-04 2.353367872520080743e-04 2.289818392943425299e-04 2.500593271055272476e-04 2.447696697537012707e-04 2.818493839508768206e-04 2.741545655574956154e-04 2.860295117117276601e-04 3.273128092752295251e-04 3.538018242699378368e-04 3.653274679395550860e-04 3.326831238501488453e-04 2.857091528991222758e-04 2.511611593306468373e-04 2.500817796017499976e-04 2.522954387207411962e-04 2.608224058584087475e-04 2.647188254772895460e-04 2.764015319554963745e-04 2.887339501921068019e-04 2.986795578667661194e-04 3.107810489930313029e-04 3.251447581567749661e-04 3.402488473791983573e-04 3.532450644398586921e-04 3.650007355253184760e-04 3.761521563325391851e-04 3.863014871781576516e-04 3.958346471428943582e-04 4.048897274400714693e-04 4.132147709941860476e-04 4.206819434211755515e-04 4.273492747260182380e-04 4.332687134651410244e-04 4.384595114045007624e-04 4.429668112958333979e-04 4.468712143109612820e-04 4.502622920863753701e-04 4.532178549430488724e-04 4.557990675859787018e-04 4.580541143344203517e-04 4.600231397269654004e-04 4.617414912078833924e-04 4.632411070509101069e-04 4.645508214266825218e-04 4.656963055513555199e-04 4.667000404740510996e-04 4.675814461427456933e-04 4.683571475008191506e-04 4.687410764464952423e-04 4.694895088278915139e-04 4.702121436180789265e-04 4.709090634678055965e-04 4.715802982721534848e-04 4.722258361519568633e-04 4.728456532492085820e-04 4.734397590648089247e-04 4.740082510499801132e-04 4.745513698807342536e-04 4.750695457938242539e-04 4.755634268811677031e-04 4.760338824213732230e-04 4.764819779682019250e-04 4.769089235157528660e-04 4.773160008795089039e-04 4.777044806071607504e-04 4.780755414272835468e-04 4.784302058142047209e-04 4.787693033880709419e-04 4.789332200725309081e-04 4.792455877597806210e-04 4.795727892596451025e-04 4.799135408825489250e-04 4.802661809798719570e-04 4.806290658188686884e-04 4.810013894618798448e-04 4.813843174375573167e-04 4.817817325252750577e-04 4.821991028703889607e-04 4.826390742241140359e-04 4.830956426762543455e-04 4.835564212410282817e-04 4.840278530386557098e-04 4.845826485302771186e-04 4.853884194289524072e-04 4.866851105486311689e-04 4.888479582974479499e-04 4.928078583464805349e-04 5.004626115903763450e-04 5.135915387073663498e-04 5.329551349589690176e-04 5.654522615851758629e-04 6.428775681963344157e-04 8.738479697188822034e-04 1.413283305670772318e-03 2.178433044165334603e-03 2.663601857396513846e-03 2.603587418677842484e-03 2.696374165127054471e-03 2.445454965886191458e-03 2.630709277716743438e-03 2.629756685378104985e-03 1.493754091401022733e-03 1.448404565564690924e-03 8.902337460106319982e-04 7.946549031988228056e-04 5.721286853898606244e-04 5.055788369391285867e-04 4.138677935883309546e-04 3.590031016318570014e-04 3.060099682399272441e-04 2.875685915751333708e-04 2.734226573412941886e-04 2.435500079009503857e-04 2.524433001550393683e-04 2.288955691282772576e-04 2.345733186892304332e-04 2.223180654019710515e-04 2.226567834416825445e-04
2.243894933575289795e-04 2.300450970982087701e-04 2.252402503515101712e-04 2.404479793502929707e-04 2.352760438470746004e-04 2.588657991524182813e-04 2.587481211547955026e-04 3.055139940404451044e-04 3.049460912648107084e-04 3.244123253692344816e-04 3.729898679479968972e-04 4.208831891663534141e-04 4.135463264169383338e-04 3.891624985532957321e-04 3.313742903753276263e-04 2.650119371306523764e-04 2.710581884896756015e-04 2.725431711267350520e-04 2.802399437232901049e-04 2.981001532122327046e-04 3.100934458521398219e-04 3.249771591502567778e-04 3.467967165690999734e-04 3.679762442357141202e-04 3.887973089383021030e-04 4.100593010109780234e-04 4.328354941449989116e-04 4.546799521958066201e-04 4.743569323875701429e-04 4.921545252136169191e-04 5.076075187206840079e-04 5.208177150637355703e-04 5.321663771637751873e-04 5.420116202007889579e-04 5.506926892653060505e-04 5.584439991676198910e-04 5.653720999101539014e-04 5.715294756436734101e-04 5.769759781558232367e-04 5.817879452245779213e-04 5.860432596675834013e-04 5.898100321653797001e-04 5.931449280233660375e-04 5.960962920994045122e-04 5.987073112674099308e-04 6.010175675306253821e-04 6.030633147606620156e-04 6.048772671298910993e-04 6.064884280193352231e-04 6.079221436816923015e-04 6.086377590238990515e-04 6.100453992095181219e-04 6.114221011642295830e-04 6.127684820859849273e-04 6.140851151376922404e-04 6.153725096951387320e-04 6.166311229375067175e-04 6.178613991956733017e-04 6.190638280253594247e-04 6.202390080142378961e-04 6.213877015633824125e-04 6.225108666353054579e-04 6.236096546477855372e-04 6.246853688372735894e-04 6.257393837388765517e-04 6.267730329859182072e-04 6.277874784592676330e-04 6.287835780771223581e-04 6.297617716008452327e-04 6.307220034217792546e-04 6.311952236276829713e-04 6.321138258731964473e-04 6.331002318122639846e-04 6.341541325684031411e-04 6.352728776650098811e-04 6.364513890154349998e-04 6.376833231637511843e-04 6.389645784676882502e-04 6.402999879894433937e-04 6.417121206935088012e-04 6.432463467264499472e-04 6.449599232678714057e-04 6.468839806453328478e-04 6.489759775262952468e-04 6.511458051941131000e-04 6.534725119789073968e-04 6.565486469230839665e-04 6.614556507684857863e-04 6.689057786040752225e-04 6.790646045420942840e-04 6.967444220942030234e-04 7.448603571043979936e-04 8.944104902921487825e-04 1.338039099939749253e-03 2.295668854530192541e-03 3.357730513206742904e-03 3.451696951390688210e-03 2.981535901438606053e-03 3.547899527627788874e-03 4.646864441407401632e-03 4.052737037504439491e-03 2.569764297155864140e-03 2.651470144772647385e-03 1.950697945206346070e-03 1.112154868837831505e-03 1.103805685261378695e-03 7.453132561545518318e-04 6.009023887506045707e-04 5.135659798842059009e-04 4.191013169116425559e-04 3.557923355564190340e-04 3.244660926687363794e-04 2.949872743148595372e-04 2.568496001638314132e-04 2.618118665216086758e-04 2.351225194332519884e-04 2.394011504120810451e-04 2.237787780441034531e-04 2.238056008426696881e-04 2.217437277644918395e-04
2.219733795696961058e-04 2.266860909251459163e-04 2.337088397749724944e-04 2.286113079306028206e-04 2.489153563511834226e-04 2.434616837201103326e-04 2.723549134629939814e-04 2.824623539287267468e-04 3.437469675514637788e-04 3.439266486988021266e-04 3.708120516909441545e-04 4.468315306655030409e-04 5.102030626899412176e-04 4.502223423423503366e-04 5.473059018713740146e-04 3.447813083228727172e-04 3.150047721297904654e-04 2.890731696385614872e-04 3.077353509522229107e-04 3.230872299868669585e-04 3.359167803309465747e-04 3.634496837390852162e-04 3.928534186111203507e-04 4.220764741066646963e-04 4.560850607699969530e-04 4.916416697362109524e-04 5.268826708603145670e-04 5.574526892289659481e-04 5.852789949465324456e-04 6.121252087607984005e-04 6.353450218696609720e-04 6.543504093723590855e-04 6.709978308602239372e-04 6.866606203883203214e-04 7.015267017419084565e-04 7.153537853117393095e-04 7.279714263073312330e-04 7.393136553986391288e-04 7.493711430190623914e-04 7.581954068856433700e-04 7.658987899144258527e-04 7.726254830132219583e-04 7.785171883803858892e-04 7.836940283941128344e-04 7.882518689865857181e-04 7.922678466758402600e-04 7.958068901849959511e-04 7.989261161645848288e-04 8.016769007757813034e-04 8.041055166564904308e-04 8.053100593380534047e-04 8.076632750794477409e-04 8.099430553494690746e-04 8.121515098617641338e-04 8.142913549081938441e-04 8.163653888252021731e-04 8.183758939053468627e-04 8.203240555335458489e-04 8.222094946067548191e-04 8.240300001426581391e-04 8.257815258992193957e-04 8.274584805006413284e-04 8.290542995687191904e-04 8.305622465270664145e-04 8.319763523214026343e-04 8.332923789701258055e-04 8.345086818488090495e-04 8.356268529711366596e-04 8.366520517574235543e-04 8.375929678512507087e-04 8.380354060796639222e-04 8.388609963253831729e-04 8.397115790871444857e-04 8.406011114246926715e-04 8.415536535256208650e-04 8.426037630537471781e-04 8.437936261327488559e-04 8.451665400007024164e-04 8.467603603625370153e-04 8.486126631391434231e-04 8.508001076496503421e-04 8.535395434117184566e-04 8.573609008620961197e-04 8.633036423597531149e-04 8.729885087281589887e-04 8.883127948875336587e-04 9.105632705250148000e-04 9.394907805300950574e-04 9.750986219312060598e-04 1.026218808507074623e-03 1.126368171558174988e-03 1.365525377916222867e-03 1.940576465618779924e-03 3.050898405114777032e-03 4.432089230343759859e-03 5.136274897511667985e-03 5.037559071679685238e-03 5.250540717225814918e-03 5.252983501335005759e-03 5.292987038868024116e-03 5.084691010549859287e-03 3.322745849466149978e-03 2.246537667479130834e-03 2.076604296624334593e-03 1.100661704100451728e-03 1.241325210614980254e-03 6.715412206431911092e-04 6.487137310139235282e-04 5.168212366410088621e-04 4.155651966150160533e-04 3.702692218570787170e-04 3.301206533844763423e-04 2.794383367623025230e-04 2.760138212000009866e-04 2.432611713902164323e-04 2.473312360153238692e-04 2.261912253125554137e-04 2.252913587906564682e-04 2.226840842139755667e-04 2.214218450245034617e-04
2.268339268084375467e-04 2.233206809686557280e-04 2.298925279819798737e-04 2.388911389831510515e-04 2.345431132838484551e-04 2.586830851478115478e-04 2.556579926798947279e-04 2.975434906173292002e-04 3.152188230556413583e-04 3.869374601006140332e-04 3.924211648172040495e-04 4.427534233262101263e-04 5.816708979846207505e-04 5.338082860655023231e-04 6.818168256065644701e-04 5.796713219583512827e-04 4.845078313312941838e-04 3.395886208525381511e-04 3.523402866806960325e-04 3.545404088917064947e-04 3.758221873460841156e-04 4.129439574750205810e-04 4.495577012270299527e-04 4.936814996257299403e-04 5.442730047715576723e-04 5.923884857457193710e-04 6.405206996129446167e-04 6.838749849743001527e-04 7.220279988504901434e-04 7.635228152179363275e-04 8.093493534146288396e-04 8.563213049692221333e-04 9.010943527676577120e-04 9.420540450132271985e-04 9.792205982966848115e-04 1.012755346528026058e-03 1.042528332996797051e-03 1.068552943159097436e-03 1.091118256391327519e-03 1.110601428290488050e-03 1.127343460587740308e-03 1.141659172998571144e-03 1.153873246807142787e-03 1.164319955701133063e-03 1.173315881131600270e-03 1.181133261914232499e-03 1.187988288495468465e-03 1.194043849659821334e-03 1.199420126199619418e-03 1.204206848326683840e-03 1.206596143408305080e-03 1.211290512656064368e-03 1.215862309840566678e-03 1.220295184438835879e-03 1.224570074004136932e-03 1.228667667348331671e-03 1.232570987560171766e-03 1.236267757777401253e-03 1.239752226520046859e-03 1.243026186595780867e-03 1.246099016057330023e-03 1.248986690220791219e-03 1.251709845306105432e-03 1.254291099858883358e-03 1.256751943061898934e-03 1.259109565204532709e-03 1.261374025366611158e-03 1.263546121205385295e-03 1.265616248671085249e-03 1.267564424946387427e-03 1.268483976270131514e-03 1.270168800943888591e-03 1.271787534765522146e-03 1.273226976685833036e-03 1.274327376223617593e-03 1.274882799840124223e-03 1.274657769861541924e-03 1.273429293582601556e-03 1.271058664113431389e-03 1.267584076529279860e-03 1.263305313107761663e-03 1.258818395758825974e-03 1.254970344872953980e-03 1.252746061634686181e-03 1.253167267268254313e-03 1.257521794905949383e-03 1.269122825685784417e-03 1.299313423491518403e-03 1.380251473000232605e-03 1.585995844027059598e-03 2.076377648173644008e-03 3.148514221438694031e-03 4.982357452920448300e-03 6.788678568444812302e-03 7.133176326130571954e-03 6.681854613223066168e-03 7.458647259205596763e-03 8.646547742392384633e-03 7.740025707242350825e-03 5.680393791665769125e-03 5.120394561813387813e-03 4.023451185203487032e-03 2.052285209970976850e-03 2.072205660128592121e-03 1.326460965602341150e-03 1.133631725474641477e-03 6.875927145868416298e-04 6.975419024256383207e-04 5.073186244035489227e-04 4.261464948175815713e-04 3.710566831285995112e-04 3.106280182978597769e-04 3.023410443718757730e-04 2.554602150345185087e-04 2.563583005433518573e-04 2.304143059755145852e-04 2.274640567794054802e-04 2.240626177370525613e-04 2.223623256326960292e-04 2.257494465762124750e-04
2.262021768380900700e-04 2.294740190935856997e-04 2.254676960494304968e-04 2.346555841035421000e-04 2.467200002277506756e-04 2.433546268733220925e-04 2.720086862701977487e-04 2.783616269191954576e-04 3.249401189243427746e-04 3.579769617276228619e-04 4.442071548114248127e-04 4.607819057624511043e-04 6.072065044706884216e-04 6.347720251001923511e-04 7.466963943505553923e-04 8.625629426091704997e-04 7.867107655034330299e-04 5.591128007044322921e-04 4.644662399847366945e-04 4.066795267923085195e-04 4.368284421657402192e-04 4.786544821143655891e-04 5.228103778413102859e-04 5.854079005397755907e-04 6.520104813375687206e-04 7.173974883083376018e-04 7.765419148416813095e-04 8.495246360491448242e-04 9.355934833335612967e-04 1.026841224640974784e-03 1.119561561031295893e-03 1.211356101325556690e-03 1.297808558001210897e-03 1.374152365394828122e-03 1.438121397364035010e-03 1.491099738834893509e-03 1.535777659946698957e-03 1.573836210663504334e-03 1.605999559914091535e-03 1.632958902646841929e-03 1.655682338954443189e-03 1.675169771989615253e-03 1.692189908939007370e-03 1.707222646291745591e-03 1.720542751438379220e-03 1.732327524887057948e-03 1.742727843250196787e-03 1.751896429503593680e-03 1.759989470669141029e-03 1.767158176678856668e-03 1.770730735445104212e-03 1.777767080429796262e-03 1.784696940527688395e-03 1.791574335595896112e-03 1.798457902183908143e-03 1.805405428733298156e-03 1.812468182564351896e-03 1.819685681731616610e-03 1.827081509478693973e-03 1.834660647206112381e-03 1.842408630394786742e-03 1.850292631797317931e-03 1.858264370004523427e-03 1.866264551006598495e-03 1.874228394609652815e-03 1.882091691257463395e-03 1.889796787328416232e-03 1.897297911780246185e-03 1.904565331447772864e-03 1.911587947856362157e-03 1.915009320148407853e-03 1.921590302148155818e-03 1.928607906107937097e-03 1.936134290920931821e-03 1.944297001548886015e-03 1.953295779152795959e-03 1.963406093716899264e-03 1.974952405982959795e-03 1.988230944789079122e-03 2.003365637624248980e-03 2.020092938300103655e-03 2.037490125928377842e-03 2.053715779789297164e-03 2.066070240410962117e-03 2.072383374572338115e-03 2.075682909494592620e-03 2.093391004530967617e-03 2.168824355907425679e-03 2.387544368953946946e-03 2.928517268898524380e-03 4.151336318982476979e-03 6.435963845904365925e-03 9.303472612608974096e-03 1.098769061440296561e-02 1.106723513631767582e-02 1.119513737310089477e-02 1.122135465728236678e-02 1.084564338165534825e-02 9.517005960567526818e-03 6.719887869465071897e-03 4.751691781857255749e-03 4.024321896421763183e-03 2.367176116846786069e-03 1.969697739444917477e-03 1.499364368525388149e-03 1.010128331350504437e-03 7.728002837516363644e-04 7.178739026959983028e-04 5.039432939555794650e-04 4.267447522218042197e-04 3.516575580279016761e-04 3.305582158845850587e-04 2.781473177113718241e-04 2.685234843344911368e-04 2.366880303628033440e-04 2.308567490457276385e-04 2.261829880178860221e-04 2.238503964611798238e-04 2.279555870564812354e-04 2.252247399876879032e-04
2.220951244111066139e-04 2.287104704200187998e-04 2.330668297429247125e-04 2.290129554060343789e-04 2.416898286203478837e-04 2.575745942404589206e-04 2.561025485465424673e-04 2.966582419308988624e-04 3.033387043028130123e-04 3.623107728749512318e-04 4.226593646534609981e-04 5.116680517260535155e-04 6.448781428238910480e-04 7.256761889502256601e-04 7.694792403577639618e-04 1.140142758308174955e-03 9.907438167689425028e-04 1.076400459456524619e-03 8.216002608439220041e-04 5.560152438967197507e-04 5.481012180654485678e-04 5.659635339488691165e-04 6.249920904304110932e-04 7.082287522275595212e-04 7.855153161127163830e-04 8.629132643792360429e-04 9.755444523882404306e-04 1.119193542496557106e-03 1.282776196016057347e-03 1.441752540156735016e-03 1.571591728936281998e-03 1.683940423524116258e-03 1.792411509494381628e-03 1.894754189167998986e-03 1.985781514120273962e-03 2.063125852809727205e-03 2.127470078460215117e-03 2.182132366723355931e-03 2.230871990105644329e-03 2.275744756139270672e-03 2.316923395855282394e-03 2.353821730016271256e-03 2.386099809411745560e-03 2.413982672109815566e-03 2.438095317971270774e-03 2.459176438889279503e-03 2.477876462966361812e-03 2.494678905049698987e-03 2.509906312451609407e-03 2.523762172238454542e-03 2.530794212735980146e-03 2.544846413257165815e-03 2.558834927430441320e-03 2.572673808485739875e-03 2.586253350772249084e-03 2.599452363927847853e-03 2.612151592713870662e-03 2.624246621435803641e-03 2.635658787244136991e-03 2.646342993125944208e-03 2.656291791245432316e-03 2.665535622891395708e-03 2.674139578106883401e-03 2.682197415503741102e-03 2.689823821488912092e-03 2.697145973212430967e-03 2.704295409285184092e-03 2.711401033668678091e-03 2.718583820021554243e-03 2.725953489667126434e-03 2.729739244633469421e-03 2.737450472508596699e-03 2.746378601808875143e-03 2.756839205372095709e-03 2.769237110128915883e-03 2.784093681218408143e-03 2.802080993213215427e-03 2.824053688314173000e-03 2.851052200282837377e-03 2.884235162398773433e-03 2.924734922567147691e-03 2.973652821564725345e-03 3.033012600157562397e-03 3.109357838745887507e-03 3.221492114613284420e-03 3.410268619754727292e-03 3.744668278072046334e-03 4.332682960941419345e-03 5.367292191945345972e-03 7.123730822989588797e-03 9.589377688929919680e-03 1.194287131638519135e-02 1.327159797441444626e-02 1.431333740933268990e-02 1.658356911217388763e-02 1.818264735244130501e-02 1.599574752042059664e-02 1.233111159154934994e-02 1.018090270328652833e-02 7.550560363275598402e-03 4.556937436701907762e-03 3.954487935350249964e-03 2.850666404401236854e-03 1.751528101233250758e-03 1.623967342417388963e-03 9.518911551003024583e-04 8.694686251759522165e-04 7.150720289279957143e-04 4.937039118685336569e-04 4.142329609184601459e-04 3.688536028949721598e-04 3.031228189314664925e-04 2.908488989333769727e-04 2.457263035730859247e-04 2.358891101188942863e-04 2.294102747110516097e-04 2.262964114936776906e-04 2.309471258445167021e-04 2.273223190378289139e-04 2.216383848413624666e-04
2.224744548723400284e-04 2.234604257681345127e-04 2.322611978451928562e-04 2.381707257729975054e-04 2.345098063430368159e-04 2.522630316817159194e-04 2.719925493390237944e-04 2.781567551457823830e-04 3.197519660778469063e-04 3.422874721009476744e-04 4.230253075229111577e-04 4.916390464717318312e-04 7.124373783038046330e-04 8.448504511944052598e-04 7.846730572462130328e-04 1.341744657058029696e-03 1.157412735967614783e-03 1.643203812983658890e-03 1.415584337138029629e-03 1.043149715775632718e-03 8.310789077578588585e-04 7.285130339136579834e-04 7.801140535821776949e-04 8.729832771076445836e-04 9.493548451882352808e-04 1.074521339832417354e-03 1.275843083872010928e-03 1.525920450731297826e-03 1.740050653663925868e-03 1.930095641607210448e-03 2.120362870263916254e-03 2.285197982931766892e-03 2.449367676336046667e-03 2.641871563711288215e-03 2.850564946967599263e-03 3.050229125189022131e-03 3.226922962183943321e-03 3.377058872889203249e-03 3.501289721535220337e-03 3.602506372447499168e-03 3.685396775172242005e-03 3.755254056219698572e-03 3.816527943867861587e-03 3.872074145600133601e-03 3.923243153817248738e-03 3.970404696255499730e-03 4.013496070445816792e-03 4.052394979233859759e-03 4.087096506232719070e-03 4.117753135930199426e-03 4.132875100616480689e-03 4.162086119966483533e-03 4.189754795848585345e-03 4.215748685288045125e-03 4.240013137263737644e-03 4.262565289714576391e-03 4.283479692325908167e-03 4.302868066543781393e-03 4.320856352791169197e-03 4.337562357883400534e-03 4.353077008009811899e-03 4.367451507259198680e-03 4.380691723854418171e-03 4.392760031608042466e-03 4.403583783668704559e-03 4.413068732565810989e-03 4.421115141537521054e-03 4.427634115580033995e-03 4.432561822919007036e-03 4.435869736499741672e-03 4.436918375099747902e-03 4.437829285036070173e-03 4.437134237809681366e-03 4.434473943241887782e-03 4.429500367544713692e-03 4.421891325342083845e-03 4.411350937236923134e-03 4.397617936604211221e-03 4.380599524754282340e-03 4.360966190195962253e-03 4.341911286500183334e-03 4.333175172280899490e-03 4.358383141082521062e-03 4.465509059945629508e-03 4.738567552147443171e-03 5.313295263205410589e-03 6.420376154685688078e-03 8.473130107848989012e-03 1.199837920622339425e-02 1.684489032983346041e-02 2.101362574717026768e-02 2.200846294289611135e-02 2.073919155246931045e-02 2.059758626312885657e-02 2.240675719990660800e-02 2.330728306178605352e-02 2.006028529544743103e-02 1.421869197907513205e-02 1.013205467713722968e-02 7.673253458258603478e-03 4.942345342896647606e-03 3.875840311271395999e-03 3.086892983857470255e-03 1.654795908427951490e-03 1.730499582850144810e-03 9.386906431310540000e-04 9.440301244814327565e-04 6.895572130554796560e-04 4.814823935901887432e-04 4.308610896370778645e-04 3.417667268010547450e-04 3.114033677009397103e-04 2.612214498836426123e-04 2.430763758840261634e-04 2.344265810988170227e-04 2.300562303974965669e-04 2.351534264136258072e-04 2.302759274473767099e-04 2.226954648212389482e-04 2.215743079314315910e-04
2.265682446521593337e-04 2.240087668890029988e-04 2.257392540875813802e-04 2.373320220969907517e-04 2.447982416057410118e-04 2.437904685623237290e-04 2.666869365919812994e-04 2.952560147197351762e-04 3.019829583624490882e-04 3.580557247165266173e-04 4.079162938224164051e-04 4.806252235528058652e-04 6.774806339585588786e-04 1.003067036084013229e-03 8.563974564760123238e-04 1.453479812661985157e-03 1.321441763212396299e-03 2.127192503230414342e-03 1.936133511097085699e-03 1.966963098099489861e-03 1.587311390867027433e-03 1.149969370225530389e-03 1.095588492826561882e-03 1.101653466789796016e-03 1.172558674567900647e-03 1.389252198794849831e-03 1.715425038047126236e-03 2.006743094529236070e-03 2.285922132722008424e-03 2.534571303496705418e-03 2.842190222512027114e-03 3.284814245300866908e-03 3.734660541014103198e-03 4.110944091407213452e-03 4.448110913294062684e-03 4.784460884979146317e-03 5.119271910553432024e-03 5.435662428705661207e-03 5.722230717369346242e-03 5.976867413929976523e-03 6.202310891638460923e-03 6.401997444039158290e-03 6.578526108747788023e-03 6.733810946120810832e-03 6.869623717147218395e-03 6.987897541436693082e-03 7.090730407837553609e-03 7.180239334068631851e-03 7.258404705936047016e-03 7.326970472473613542e-03 7.360880211390971768e-03 7.427060304597512229e-03 7.491241620869282247e-03 7.553621923487194648e-03 7.614339728368389390e-03 7.673448453554354912e-03 7.730900181881940683e-03 7.786540994827191760e-03 7.840118210015780895e-03 7.891298185856730762e-03 7.939691883885137413e-03 7.984884315141481739e-03 8.026463498195869281e-03 8.064044703883608764e-03 8.097286548489315144e-03 8.125896827516231394e-03 8.149627681918613156e-03 8.168261523984461300e-03 8.181590855767879172e-03 8.189396426641544838e-03 8.191151399192605001e-03 8.190249292152198407e-03 8.182287831967366420e-03 8.164632018464018301e-03 8.133831879323101532e-03 8.085556284638773308e-03 8.014825649565137516e-03 7.916902658623199349e-03 7.789320279181698344e-03 7.635429222889488117e-03 7.469318293370314117e-03 7.321190995966515846e-03 7.242770564158713606e-03 7.317399620633559774e-03 7.691823792659067266e-03 8.657982878380935526e-03 1.078079340327360754e-02 1.489079790183625920e-02 2.144485100694793270e-02 2.912729034554636248e-02 3.478641036139228787e-02 3.678266841432371870e-02 3.613842102404143247e-02 3.288784838227140628e-02 2.831689682243940936e-02 2.534051382733974039e-02 2.211220726741301365e-02 1.581211575960417282e-02 1.006145182685516323e-02 7.796138427232163909e-03 5.518983682228625030e-03 3.679392204631566545e-03 3.190846534385507853e-03 1.706001141356293166e-03 1.787402815901593034e-03 9.507284895550785183e-04 9.837397701139124952e-04 6.612846229767292781e-04 4.885302677733817421e-04 4.063909550643884862e-04 3.453757011059539793e-04 2.781191260556883601e-04 2.550744569198022779e-04 2.416268608601430923e-04 2.363634658572787649e-04 2.405217905901673304e-04 2.344709954991410167e-04 2.244492102864454751e-04 2.225648619510317821e-04 2.238598136908826028e-04
2.286301128253849242e-04 2.291074688643693542e-04 2.265520150227848370e-04 2.294442593663098768e-04 2.437400812506762115e-04 2.557162665290477633e-04 2.574374831115591755e-04 2.885764449722127457e-04 3.182166758846657981e-04 3.435569473255875106e-04 4.234964357643617003e-04 4.698122211780968952e-04 6.309107459585622159e-04 1.027578743185012357e-03 9.808336012438450408e-04 1.586597151161534165e-03 1.492276456898245429e-03 2.469912206760779393e-03 2.379310645937302276e-03 2.969052186228880209e-03 2.774899167324585986e-03 2.231072800040075164e-03 1.864583183889939903e-03 1.553626662024004852e-03 1.546754356006357000e-03 1.854705033312162602e-03 2.238969545570448135e-03 2.598877795703074915e-03 2.914012156827152939e-03 3.445139664087721720e-03 4.129273371374061856e-03 4.780940087102564760e-03 5.549311054079222351e-03 6.440836710256025131e-03 7.286875437100165907e-03 8.005158816906792277e-03 8.623965603748463479e-03 9.187043246834544763e-03 9.710936293267568090e-03 1.019319449379087715e-02 1.062789613893525345e-02 1.101260432186697107e-02 1.134897407569722058e-02 1.164129869300985741e-02 1.189501752452948487e-02 1.211568818822396365e-02 1.230840856883932966e-02 1.247756739172535025e-02 1.262680261966111703e-02 1.275907098775446065e-02 1.282497711787528027e-02 1.295452061052988074e-02 1.308122335737568059e-02 1.320524313789390829e-02 1.332665782797132041e-02 1.344546386775110659e-02 1.356158097432663863e-02 1.367486078680875752e-02 1.378509636245308333e-02 1.389202922884011544e-02 1.399535116214239462e-02 1.409469902352504002e-02 1.418964273731947862e-02 1.427966859968574434e-02 1.436416221857751523e-02 1.444239708967385086e-02 1.451353568722619884e-02 1.457664964345369019e-02 1.463076390687756585e-02 1.467492673068994391e-02 1.469300794184018322e-02 1.472042251646062984e-02 1.473757847850568070e-02 1.474076201429645565e-02 1.472644694120456982e-02 1.469248404234874301e-02 1.464001738015070775e-02 1.457591296674589157e-02 1.451477130263431267e-02 1.447884306634737717e-02 1.449483444322502770e-02 1.459146306857139405e-02 1.481180564931927797e-02 1.526039475971718851e-02 1.618049788735975714e-02 1.798972412708762375e-02 2.116488470975269598e-02 2.597242552199343843e-02 3.220302417095785574e-02 3.921264883082616753e-02 4.660266105747927490e-02 5.377215126878736456e-02 5.629503021820533165e-02 4.878727678792649930e-02 3.571616967435973372e-02 2.652687630514607986e-02 2.199388416786765207e-02 1.656685527508493586e-02 1.068218624188808745e-02 7.925822402416793366e-03 5.822052953557306336e-03 3.601760156919846332e-03 3.282410812998774133e-03 1.829623607759177026e-03 1.780392744838077065e-03 9.762831261150460224e-04 1.005988619238955446e-03 6.379706751193297632e-04 4.663705644231996069e-04 4.031315653156540297e-04 3.078937876947766480e-04 2.683607430720909314e-04 2.529961531882154915e-04 2.455630699520176146e-04 2.492483708434455611e-04 2.397266203994291513e-04 2.272815951093928573e-04 2.242262460900214661e-04 2.253703483139323492e-04 2.250177452357106974e-04
2.249627623236903574e-04 2.314035813592645280e-04 2.328762784792247039e-04 2.305804369528043475e-04 2.346921761064165270e-04 2.545870693832312775e-04 2.707788179567110457e-04 2.776695903266105932e-04 3.121679576537064109e-04 3.596943468111888460e-04 4.149737573843247573e-04 4.803865567442997149e-04 6.004189151592357427e-04 9.939311066924098794e-04 1.027925644237238922e-03 1.725286806301941150e-03 1.742469612193630387e-03 2.693567482239399898e-03 2.769117910875212255e-03 3.852585596323471889e-03 3.956452653142292046e-03 4.027657586029538724e-03 3.551315287030005000e-03 2.567468569611867490e-03 2.320289255852793064e-03 2.620959157857914203e-03 2.960178389143839923e-03 3.249006187212581404e-03 3.835673472861393651e-03 4.665711257606289068e-03 5.719404918942543568e-03 7.209409573054277598e-03 8.718195572466792484e-03 1.007942794475031809e-02 1.150902067274008587e-02 1.302088862585127835e-02 1.439012109841648901e-02 1.543042409208529760e-02 1.611408243917280755e-02 1.651899711595343143e-02 1.674560867500185860e-02 1.687290855037066814e-02 1.695046379401245890e-02 1.700555836471044288e-02 1.705207423136193695e-02 1.709672004393783529e-02 1.714254329509007704e-02 1.719071950505609778e-02 1.724144444189333950e-02 1.729439890464288740e-02 1.732404054662231921e-02 1.738949316563991043e-02 1.746391037407342070e-02 1.754814681095090770e-02 1.764301944071439837e-02 1.774930520459400141e-02 1.786773536913946123e-02 1.799898377893199841e-02 1.814364673065186132e-02 1.830221377256760484e-02 1.847503119057004525e-02 1.866226282983424536e-02 1.886385560143336373e-02 1.907951883502906690e-02 1.930872691133792007e-02 1.955075288872923020e-02 1.980473700996819575e-02 2.006978835211115086e-02 2.034511123520605508e-02 2.063014149282052165e-02 2.077621551876824429e-02 2.107112122182467837e-02 2.140635899089409974e-02 2.178972513174059003e-02 2.223197033311418228e-02 2.274785999099715114e-02 2.335692579642141553e-02 2.408337635264988161e-02 2.495541987096000155e-02 2.600743587083030606e-02 2.729491248605032949e-02 2.893674435565960976e-02 3.118171932902244481e-02 3.442312902448392553e-02 3.897782360707700150e-02 4.451261065957279328e-02 4.956155287051765279e-02 5.225781815888012188e-02 5.253544698858345074e-02 5.343028789588406824e-02 5.875140031561121301e-02 6.763227610172903304e-02 7.146838691124063336e-02 6.224857166816947368e-02 4.384728351009452296e-02 2.814885663164878524e-02 2.104353097184449850e-02 1.711840916566577733e-02 1.161065496020461524e-02 7.857959752861654393e-03 5.990435597278449473e-03 3.703227966568954557e-03 3.338182054127675300e-03 1.959299688290925406e-03 1.733908869160905725e-03 1.013738862550309962e-03 1.000933676824218273e-03 5.909465382860408121e-04 4.524560285858412198e-04 3.595390588327076141e-04 2.924346459857292088e-04 2.665514682707139423e-04 2.589838096252040207e-04 2.610444975918814795e-04 2.485346829406082157e-04 2.312652990816345963e-04 2.268737846924501179e-04 2.276284276356952568e-04 2.266597388997434060e-04 2.229233915376355993e-04
2.223085740338583702e-04 2.271964561784957327e-04 2.354666749865872517e-04 2.381846075290196133e-04 2.360518215209548947e-04 2.440884229488759528e-04 2.697761304173059696e-04 2.912307293102310373e-04 3.018161181472526675e-04 3.550308522273589893e-04 4.308614215618822925e-04 4.806919976758594571e-04 5.878797660845073818e-04 9.729838347263565761e-04 1.032819210199193696e-03 1.701853658040224874e-03 2.023275856263074060e-03 2.949011851658963485e-03 3.136288719988171176e-03 4.543011125138081766e-03 4.996734620562868524e-03 6.056789944673722850e-03 5.967983387995666467e-03 4.561324048230699230e-03 4.081252099070466731e-03 4.138749856586771726e-03 4.096330618474137812e-03 4.244402509198825016e-03 4.942884452211710605e-03 6.268615607999943745e-03 8.397553215856732103e-03 1.061457189211855411e-02 1.309440630806596971e-02 1.594811605280152186e-02 1.828537898471583809e-02 1.945685186412583409e-02 1.969979043394672058e-02 1.962799413180799785e-02 1.968071115723903086e-02 1.999434861318827999e-02 2.051754774899408607e-02 2.114435874403291019e-02 2.178551831439647785e-02 2.238720671476614882e-02 2.292536328506667234e-02 2.339439986360412546e-02 2.379799711369280299e-02 2.414344045327759813e-02 2.443871480316612416e-02 2.469125830812103975e-02 2.481342886540624168e-02 2.504564843489785753e-02 2.526161884053044343e-02 2.546120495991846880e-02 2.564423470819388040e-02 2.581052410955229567e-02 2.595992518936779403e-02 2.609238997280402192e-02 2.620804593753066694e-02 2.630728103875571225e-02 2.639083910038878683e-02 2.645992808982481834e-02 2.651634381737702842e-02 2.656260946542599380e-02 2.660212705048159432e-02 2.663933100587866087e-02 2.667982766097531586e-02 2.673049904480334638e-02 2.679954690663427508e-02 2.689645469780577863e-02 2.695863894546268041e-02 2.711487290338194384e-02 2.734948000862325035e-02 2.770124547432569959e-02 2.822500549360850569e-02 2.899636517000389602e-02 3.011734617386652504e-02 3.172462942042690581e-02 3.400538164024508730e-02 3.723014521563970669e-02 4.181039965432611222e-02 4.835816749456373770e-02 5.763484826558774171e-02 7.014523027033742197e-02 8.517009508292211484e-02 9.965354805461047738e-02 1.084955607539742767e-01 1.076480071945989797e-01 9.803581615371587121e-02 8.566671032082309734e-02 7.755256309694601169e-02 7.657502251673722893e-02 7.722107661728641603e-02 6.927591207153670216e-02 5.014112172391210070e-02 3.050559813627566272e-02 2.079699559428608430e-02 1.739410786368678768e-02 1.226608917073068739e-02 7.864162728085634380e-03 6.180576008751516130e-03 3.886221640852120969e-03 3.329170074734406383e-03 2.070542042814452807e-03 1.675797414709563268e-03 1.035779856231489483e-03 9.487429796142069502e-04 5.439426683875255063e-04 4.087131467070860428e-04 3.351140032875863663e-04 2.914327977626996477e-04 2.749918535110052907e-04 2.766794262565514841e-04 2.606694881046205180e-04 2.383755741946779773e-04 2.305002630010284182e-04 2.308566219311035817e-04 2.290739437174472537e-04 2.242541965803334573e-04 2.214135999787231461e-04
2.217357479007695312e-04 2.237268751190614913e-04 2.306664821434170458e-04 2.410151763271068282e-04 2.444022437041781575e-04 2.458198182223457658e-04 2.582739106905484160e-04 2.896388225143704093e-04 3.148249019897611544e-04 3.456688814845326491e-04 4.283010548013308633e-04 4.938325734539591614e-04 5.784237681277245137e-04 9.616995645554797262e-04 1.050595977738958678e-03 1.603701259527809311e-03 2.164091161199701522e-03 3.169793500495911819e-03 3.579736871627636416e-03 5.095902380998855105e-03 5.890140506004490351e-03 7.936825070786218683e-03 8.390824978464189732e-03 7.452103836133709865e-03 7.576524311786756415e-03 7.254086882848466943e-03 6.173149335034393628e-03 5.785136158997937830e-03 6.612506730465881125e-03 8.917013873933630000e-03 1.182948752915069339e-02 1.552029687527769694e-02 1.949264238918098358e-02 2.171751047283669578e-02 2.205957870568872256e-02 2.225646657577899992e-02 2.354194299030774179e-02 2.586571982150131718e-02 2.856914519357578452e-02 3.107920165847422034e-02 3.313051950056044442e-02 3.469554548629458224e-02 3.585619209782509031e-02 3.671636918187287657e-02 3.736370269414776568e-02 3.786102635166895686e-02 3.825012711311292363e-02 3.855819580839114219e-02 3.880328917950050943e-02 3.899802548049356721e-02 3.908651905022089701e-02 3.924241035075858725e-02 3.936959742677600960e-02 3.946732322518386321e-02 3.953497278308840818e-02 3.957227766162946248e-02 3.957947252996624199e-02 3.955740187851304601e-02 3.950758177307069768e-02 3.943222750994229697e-02 3.933426217667360114e-02 3.921732271020837018e-02 3.908577860316898162e-02 3.894477397370688793e-02 3.880029697820953916e-02 3.865927287764827497e-02 3.852967034292670984e-02 3.842060682899575697e-02 3.834243974690406537e-02 3.830683652973489173e-02 3.830901387654263301e-02 3.836083429813565149e-02 3.850519947209042615e-02 3.879410085201722563e-02 3.930571556465335681e-02 4.015875236660512021e-02 4.153666986871148992e-02 4.372926602782838124e-02 4.720158745847822385e-02 5.269446089305088871e-02 6.132847469324123613e-02 7.459591155609257562e-02 9.398397610374957523e-02 1.199145024465223391e-01 1.500720199930251353e-01 1.782771457386510827e-01 1.958984080354704005e-01 1.960641367054964113e-01 1.773059857373992798e-01 1.444956348775623678e-01 1.093029345746754921e-01 8.578149579674600178e-02 7.680602128580558963e-02 6.982712191798318146e-02 5.372804880184552795e-02 3.365183423070056135e-02 2.128539308860730173e-02 1.718242526636206552e-02 1.275399284022397939e-02 8.082873245845483695e-03 6.346469878411701432e-03 4.058743938636186210e-03 3.271444566975742485e-03 2.151686089380694129e-03 1.589422972971807997e-03 1.020889593118814997e-03 8.669969761043109634e-04 4.806592548437866241e-04 3.779878969459040360e-04 3.350838050889320616e-04 3.040528302767818111e-04 2.942659236536966476e-04 2.761777991796703666e-04 2.490804957964389997e-04 2.370078633701442467e-04 2.347238067585021481e-04 2.323871526801922157e-04 2.263292822502910046e-04 2.222751511438645093e-04 2.210891545259656150e-04
2.222015482097715463e-04 2.228635769220146208e-04 2.261520652351580948e-04 2.356541160893931887e-04 2.471376198408414436e-04 2.555382790627134539e-04 2.604929479350488416e-04 2.772662995616525811e-04 3.137694055640762297e-04 3.577866321966286173e-04 4.208103278217656417e-04 4.957828653779658510e-04 5.759618250291373984e-04 9.550754849064471350e-04 1.076472110855616763e-03 1.531484283816530231e-03 2.196841781876572759e-03 3.193947882217783567e-03 3.996603548531272969e-03 5.643898964500224970e-03 6.723663596609506105e-03 9.514621542632783341e-03 1.040178011564491488e-02 1.076129724494509499e-02 1.281601840775017931e-02 1.256309325823915142e-02 9.891982557256972022e-03 8.432161641909680441e-03 9.735321350068331867e-03 1.292449757117513330e-02 1.723644477902150016e-02 2.184746596828639892e-02 2.400914852072162653e-02 2.443575064694026786e-02 2.641988281209285694e-02 3.086719105844915739e-02 3.617739528970256163e-02 4.073897869373081793e-02 4.407020886977532775e-02 4.647646738989569953e-02 4.842862630544651770e-02 5.024310798853116877e-02 5.204171086856350381e-02 5.382247371703548222e-02 5.553448990492294846e-02 5.712352209486705468e-02 5.855107361960051188e-02 5.979795441695117536e-02 6.086115507243966549e-02 6.174895194342640975e-02 6.216471669439833925e-02 6.291624131679597609e-02 6.354924290215351046e-02 6.405149095228762635e-02 6.441326295890388576e-02 6.462755055921841352e-02 6.469020530755315024e-02 6.460002176502123439e-02 6.435875793927926802e-02 6.397109828964406275e-02 6.344457071068294873e-02 6.278943390925788293e-02 6.201855352107801117e-02 6.114728326400734743e-02 6.019336182575180105e-02 5.917682879075574637e-02 5.811995638903566519e-02 5.704719101138956000e-02 5.598510132815126550e-02 5.496233891834702984e-02 5.447522562587229361e-02 5.358216073977331573e-02 5.273633803493349426e-02 5.202410876004439494e-02 5.158126730613233485e-02 5.161968705685443526e-02 5.247030200490743895e-02 5.465201182541175318e-02 5.897558495923085203e-02 6.667621057373139537e-02 7.951582666639282759e-02 9.968594736874239470e-02 1.292094364846994026e-01 1.685751423317403963e-01 2.148588273430338813e-01 2.605230554858502523e-01 2.942766084698992257e-01 3.038006999584154655e-01 2.797004089589044118e-01 2.230323542244913027e-01 1.533728206261246452e-01 9.987602599573201789e-02 7.536403376148416433e-02 6.699434773963192091e-02 5.551141653361578443e-02 3.688217328665022859e-02 2.206746219107705645e-02 1.688781813748373509e-02 1.324844059806585747e-02 8.395680342968182483e-03 6.423461111395798936e-03 4.179616451228961027e-03 3.177476919798655035e-03 2.173341570583041393e-03 1.465691634984458546e-03 9.670786710652105747e-04 7.590248976556604856e-04 4.342399654433054881e-04 3.795462564116957238e-04 3.539316580778974425e-04 3.259505287570161800e-04 2.946608723530544046e-04 2.633037151102740527e-04 2.469229941698025308e-04 2.416815114958252336e-04 2.360943277428501996e-04 2.293228371598007756e-04 2.237491823324799540e-04 2.217832943227520163e-04 2.213514658164719316e-04
2.237973472216919356e-04 2.235273016371990267e-04 2.248253840625930109e-04 2.299816860846000540e-04 2.415237256348263942e-04 2.584556048381799658e-04 2.715136939437734031e-04 2.794351438848713268e-04 3.024106349650290963e-04 3.573058028608844727e-04 4.309843282487686939e-04 4.935771990768402255e-04 5.697450951011019888e-04 9.491118604246765898e-04 1.104931300092819486e-03 1.486763720503551890e-03 2.219953176292196323e-03 3.095538343225223525e-03 4.216316843816538679e-03 6.075173278900134442e-03 7.573925627251469964e-03 1.086819070390016365e-02 1.200106838085353116e-02 1.406290681606781230e-02 1.884168015125453274e-02 1.938700888765487046e-02 1.541137146754025140e-02 1.331973905788138082e-02 1.554405148631760915e-02 2.005755971407682109e-02 2.522285701300812366e-02 2.775020429179094264e-02 2.806456012952591658e-02 3.090034341023132139e-02 3.711904566943172168e-02 4.373897925865481012e-02 4.890283736444341056e-02 5.316251489049002299e-02 5.781048847235801397e-02 6.352897518418688938e-02 7.021903878435353796e-02 7.738907296953298487e-02 8.452062699441041660e-02 9.123772090214243846e-02 9.732921378575902505e-02 1.027100747660857072e-01 1.073745335031182219e-01 1.113605008330361412e-01 1.147271385903904095e-01 1.175419527453490653e-01 1.188700983379736287e-01 1.213073793002019951e-01 1.234313863037656556e-01 1.252186931610614617e-01 1.266489186167875092e-01 1.277054868848145897e-01 1.283763087648585044e-01 1.286542913456565351e-01 1.285376255711414839e-01 1.280298484847358365e-01 1.271397199861095395e-01 1.258809832650343019e-01 1.242720881584269410e-01 1.223359467351158858e-01 1.200997645464090408e-01 1.175949571187222958e-01 1.148571292152789913e-01 1.119260734074170177e-01 1.088457408990327197e-01 1.056641530045324406e-01 1.040514720386904596e-01 1.008636525584741955e-01 9.740274054971932716e-02 9.374036615661977823e-02 9.001329635566381049e-02 8.645963267157634469e-02 8.347576815730169131e-02 8.170643487364037671e-02 8.218125689957073154e-02 8.649642922215185215e-02 9.698458148507739518e-02 1.166958006267868470e-01 1.488602012713460265e-01 1.954844684053515802e-01 2.550964937103555874e-01 3.203243837492344426e-01 3.764130381895756661e-01 4.022941142448815399e-01 3.781068689924803605e-01 3.018731186224871132e-01 2.015722791523562873e-01 1.189669935207241652e-01 7.636054718631350713e-02 6.382568870027187369e-02 5.599771890608323810e-02 3.945601912009886331e-02 2.309666706479573603e-02 1.679263716136605508e-02 1.365430810840481506e-02 8.663945970122786944e-03 6.401346532027289010e-03 4.230293146929151558e-03 3.033771438774625785e-03 2.114034675635764228e-03 1.310812786448125331e-03 8.842418583079740850e-04 6.763166907870238765e-04 4.290571241470892512e-04 4.033160041791120521e-04 3.793176853549592542e-04 3.276214226259835795e-04 2.820524479398285969e-04 2.599159393893519447e-04 2.518214132904252663e-04 2.429960292792774507e-04 2.328753297989568706e-04 2.260848543833544693e-04 2.229918145493674296e-04 2.221619058130983189e-04 2.222565575923259572e-04
2.258491734119937207e-04 2.255442561932547016e-04 2.257916367177500918e-04 2.280526032734298458e-04 2.349826711032050250e-04 2.520291802961583424e-04 2.746992766348472386e-04 2.905679102994252871e-04 3.048273285525695099e-04 3.473224868194017996e-04 4.311113898328656677e-04 5.005866160176949920e-04 5.626225926923228817e-04 9.376252042281421921e-04 1.130289221522562046e-03 1.457426694100859418e-03 2.253738399308418718e-03 3.002376760313877138e-03 4.272504146759500271e-03 6.244406481615269455e-03 8.293967196237411049e-03 1.204834857584880306e-02 1.337180493746640587e-02 1.720355075980280202e-02 2.461702885663867926e-02 2.623041221013681229e-02 2.207397813386905924e-02 2.132671764659203884e-02 2.628565560846107471e-02 3.278275904931478302e-02 3.641414069872241782e-02 3.584690463472541000e-02 3.667224565372075723e-02 4.162653692703351810e-02 4.764733420924384399e-02 5.314293513714406919e-02 6.002211792658661976e-02 7.036801850550185311e-02 8.432274802933183155e-02 1.005473172078437949e-01 1.174349380645743485e-01 1.338187919131765824e-01 1.490750956009955219e-01 1.629539132895549136e-01 1.753953044429449604e-01 1.864188474500814985e-01 1.960780410823326214e-01 2.044476187316030258e-01 2.116205263736715692e-01 2.177045320011625762e-01 2.206073863293311899e-01 2.260005378953157396e-01 2.307945537603166286e-01 2.349398009835194090e-01 2.383996846846170581e-01 2.411523307716067210e-01 2.431909626144970193e-01 2.445230137915958557e-01 2.451682023730909488e-01 2.451559272039819937e-01 2.445224115491866357e-01 2.433080059613191293e-01 2.415549769709189609e-01 2.393059713966440571e-01 2.366031874829243320e-01 2.334881370529924283e-01 2.300017777016813980e-01 2.261847518572526750e-01 2.220774979547028571e-01 2.177200905335030801e-01 2.154598986043824160e-01 2.108696539940978498e-01 2.056545803388459825e-01 1.997686038558929567e-01 1.931777538089701207e-01 1.858736816339000564e-01 1.779078931879906067e-01 1.694750629561752042e-01 1.610935978947087843e-01 1.539392290689053366e-01 1.503391338398175903e-01 1.542647743075076794e-01 1.713468868945109969e-01 2.076194299495464635e-01 2.662556017225471972e-01 3.424060447078785541e-01 4.181706074214435187e-01 4.629461439042751869e-01 4.465200553995172239e-01 3.634008612216197420e-01 2.452944475239196565e-01 1.407478541102572811e-01 8.074537175618634599e-02 6.156013472285633281e-02 5.543299399908985237e-02 4.133411182543873796e-02 2.435173263517040679e-02 1.681072283388606106e-02 1.385537109322388348e-02 8.827552557048125303e-03 6.285608354859775065e-03 4.182545754258530819e-03 2.823355908261016792e-03 1.976608299379404004e-03 1.152647665359531276e-03 8.218517068177333190e-04 6.611772553156435072e-04 4.494746568416521952e-04 4.289370113236389698e-04 3.828329405973761876e-04 3.151497327814965343e-04 2.777161285939249054e-04 2.641757399836053267e-04 2.530446260914385797e-04 2.392468255630933167e-04 2.291538501493509616e-04 2.249861937066834419e-04 2.235475700786214274e-04 2.233095192983510511e-04 2.234228514797099042e-04
2.269171189503292781e-04 2.279118042865693858e-04 2.283447112819599609e-04 2.293374704082638317e-04 2.324606134729974522e-04 2.441242143857879536e-04 2.674001871236983126e-04 2.934388672211585237e-04 3.157321194098901165e-04 3.498196325112057576e-04 4.235133248960627262e-04 5.029413240039122632e-04 5.598167096885458670e-04 9.232522260356817653e-04 1.147256684814227604e-03 1.435085203853380580e-03 2.287599328831777749e-03 2.946446780362023832e-03 4.286216074254719371e-03 6.216992280948594428e-03 8.728121282123151373e-03 1.290843931939381940e-02 1.456769371814435263e-02 2.017364305301119071e-02 2.969738288558875644e-02 3.207970570841071206e-02 2.899678699861564513e-02 3.250479009481245518e-02 4.361493969986091068e-02 5.316966179023253219e-02 5.399036431500971872e-02 5.019664540669951242e-02 4.946673219698877882e-02 5.171073190055671537e-02 5.581320224383738704e-02 6.481588338776994584e-02 8.157375497533081443e-02 1.053935101457013773e-01 1.333187506120203369e-01 1.625538518450379277e-01 1.914940747811631205e-01 2.194778880654544573e-01 2.462120900006254109e-01 2.714235371671377406e-01 2.947930975104738893e-01 3.160267888880466947e-01 3.349352352735140426e-01 3.514680544297450471e-01 3.657036548122475916e-01 3.778145840459622429e-01 3.836081439097575596e-01 3.944198484174001873e-01 4.041371477268037582e-01 4.127220496390962556e-01 4.201751580543590103e-01 4.265314304858195960e-01 4.318532237856606559e-01 4.362217107211897593e-01 4.397278956338177558e-01 4.424644008376776849e-01 4.445189502012805161e-01 4.459700887537104141e-01 4.468852183883763596e-01 4.473205836286993642e-01 4.473224895622969211e-01 4.469288411413941953e-01 4.461700950882175332e-01 4.450689131707833424e-01 4.436381632484754367e-01 4.418773669374889135e-01 4.408682903247689855e-01 4.386074816741173388e-01 4.356531092215132350e-01 4.317186326699208876e-01 4.263478514735257741e-01 4.188331213611352632e-01 4.081429350615744522e-01 3.929324548490192859e-01 3.717804689982144306e-01 3.438562758341230374e-01 3.101731663736748690e-01 2.752703139388622544e-01 2.484699657025208619e-01 2.429972224547044535e-01 2.710397627364555806e-01 3.344973722746839573e-01 4.154617459567914728e-01 4.758570353180499035e-01 4.753632882043507535e-01 4.009121471074656995e-01 2.801362927684987736e-01 1.627116327430373488e-01 8.773757118944248978e-02 6.038104355476811569e-02 5.433514432943227501e-02 4.272648194914518277e-02 2.561747965221511728e-02 1.679858599388539542e-02 1.383276265372811349e-02 8.851984942749370130e-03 6.054589170454012861e-03 4.011917268713683510e-03 2.561588522092828231e-03 1.812442481727768399e-03 1.043963765473080070e-03 8.185974097598220029e-04 6.893364253271769358e-04 4.687526229594689633e-04 4.352932459347085329e-04 3.706489085916247952e-04 3.092114750375651562e-04 2.809365686589751824e-04 2.649054921315878268e-04 2.486825640636612460e-04 2.347513021663960467e-04 2.277171620316797420e-04 2.257210121712519783e-04 2.250066307316757981e-04 2.246598024754871479e-04 2.240355103222212000e-04
2.264387771224047328e-04 2.290855175923108282e-04 2.310758348456876088e-04 2.324287332430843237e-04 2.339105148722550891e-04 2.407687018250804286e-04 2.581558402859807002e-04 2.854533940845986866e-04 3.185580442740172137e-04 3.599168864007576451e-04 4.259750123035107357e-04 5.012176734850540575e-04 5.575211171031305276e-04 9.108470377990495912e-04 1.156765938140321857e-03 1.413742407495609471e-03 2.313904298777990504e-03 2.911087990964611721e-03 4.310389600170770261e-03 6.137372010827658528e-03 8.915473670055644798e-03 1.334576664517061161e-02 1.547782742535327820e-02 2.284966353239391984e-02 3.399830907990603057e-02 3.674535403209908818e-02 3.568258683691141742e-02 4.612410990923414972e-02 6.696779249772859266e-02 8.162215476957915272e-02 8.031259938485788008e-02 7.139877435419041130e-02 6.394850365889062638e-02 6.103156287451476369e-02 6.730713035162036451e-02 8.707088380432757846e-02 1.194094343843141726e-01 1.597501167828007107e-01 2.038985160287503373e-01 2.496886208344543945e-01 2.962391136190395957e-01 3.427859561042181924e-01 3.882081841660190991e-01 4.312017842672291601e-01 4.706479253777441363e-01 5.058575883050220323e-01 5.366164072169851140e-01 5.630915824174319573e-01 5.856891470172466141e-01 6.049224924854654795e-01 6.141901287100912654e-01 6.317649629784229948e-01 6.481478782716659781e-01 6.634882286339836011e-01 6.779673274552043827e-01 6.917780110725878506e-01 7.051051871806868210e-01 7.181098212552933235e-01 7.309181847506911467e-01 7.436172701842366228e-01 7.562562154509983037e-01 7.688525457149747444e-01 7.814012087938340123e-01 7.938838929976068659e-01 8.062760652198777134e-01 8.185495721481303999e-01 8.306694543532128217e-01 8.425847099162120379e-01 8.542139406282089897e-01 8.654279273738284539e-01 8.708213658902587140e-01 8.808808557126034389e-01 8.907435919430942706e-01 8.995386268120045825e-01 9.057597121694128672e-01 9.069687872816407648e-01 8.995111478387746162e-01 8.784291050070880402e-01 8.379189672324010019e-01 7.727964629947340347e-01 6.813125773243935424e-01 5.689922760472583274e-01 4.518034527323006588e-01 3.554313501435317213e-01 3.073422856938070047e-01 3.217108957415731885e-01 3.843954424827096816e-01 4.515318047035408178e-01 4.711787879592551631e-01 4.169753800533321786e-01 3.053474839119070250e-01 1.829320474492959203e-01 9.607381917010002215e-02 6.022093407437575929e-02 5.315225179925964910e-02 4.366102408782280425e-02 2.665013356253310636e-02 1.667355805385618492e-02 1.357565325080101193e-02 8.689554070480795187e-03 5.698583205482280617e-03 3.749829796054193146e-03 2.312410128178469561e-03 1.697512345907262014e-03 1.008098736168692869e-03 8.567096508633778281e-04 7.154631398924811208e-04 4.725625380983640910e-04 4.269967213377771236e-04 3.624572417789324354e-04 3.103826259405805064e-04 2.811699503533308117e-04 2.599354773287301822e-04 2.433914704930884737e-04 2.328508561464676259e-04 2.285432871557222933e-04 2.274862404130134955e-04 2.265653881918287219e-04 2.253364946764889519e-04 2.237760601533192223e-04
2.250450852692381469e-04 2.285625417972092814e-04 2.323777950920406289e-04 2.354559997586846672e-04 2.372622287944024702e-04 2.423179795674750990e-04 2.539311561414011784e-04 2.753682952953003752e-04 3.106132498639639942e-04 3.622407811694325266e-04 4.342131881312712204e-04 5.041636051783451172e-04 5.553794602260708453e-04 9.012989763608812797e-04 1.163083969420509447e-03 1.392822357393508608e-03 2.329701563676660463e-03 2.881395887146935043e-03 4.338801343054972219e-03 6.077031862071299861e-03 8.989331704122853484e-03 1.345035808369810827e-02 1.603255948051810278e-02 2.501769888985271029e-02 3.741806908867007647e-02 4.036178562019714089e-02 4.198820145151164335e-02 6.107156116012755348e-02 9.397553101916887586e-02 1.159603475919358667e-01 1.136627156164406460e-01 9.688786422982667568e-02 7.943363252021469478e-02 7.325336960089567917e-02 8.757879448028227376e-02 1.235600636144129766e-01 1.755367459952443532e-01 2.373045422106211666e-01 3.053026752118409570e-01 3.775583305090331465e-01 4.517891222864398038e-01 5.248991956983196649e-01 5.937057574998958476e-01 6.558492920339946686e-01 7.102254364015018195e-01 7.568836209560230177e-01 7.966395001407122756e-01 8.306535212251051625e-01 8.601141559151012084e-01 8.860580657255547887e-01 8.990355964334723060e-01 9.249001582112369446e-01 9.510368426469324454e-01 9.778957332581580397e-01 1.005869843907231553e+00 1.035267030165690771e+00 1.066293846075370366e+00 1.099052743553073253e+00 1.133551973045650030e+00 1.169725547575346081e+00 1.207458989362155233e+00 1.246615558428387338e+00 1.287057449789869024e+00 1.328657105945656891e+00 1.371295258144715978e+00 1.414844391144855162e+00 1.459138729978854299e+00 1.503934224329016134e+00 1.548864001771566912e+00 1.593396068592642267e+00 1.615293170212861229e+00 1.657188977100517935e+00 1.700250768370213272e+00 1.742126283334561876e+00 1.778788207597532756e+00 1.803885984231635486e+00 1.808213252917133307e+00 1.779713526210677355e+00 1.704706247964577370e+00 1.571124684019279405e+00 1.374146009280075909e+00 1.123236292599277375e+00 8.473396815573613905e-01 5.929325572401428213e-01 4.105808351918310284e-01 3.318226783341411412e-01 3.480491109042596620e-01 4.086674827344232153e-01 4.467989914224718695e-01 4.177042799729080991e-01 3.219574563580031024e-01 2.002987812790320288e-01 1.047154099061815835e-01 6.087547104260764008e-02 5.199001989806892321e-02 4.401991722271460933e-02 2.726895149770605653e-02 1.636752915166476627e-02 1.306850343958415941e-02 8.338607614262045359e-03 5.275911903836741877e-03 3.484713915491486833e-03 2.141110567741868163e-03 1.664596501798310110e-03 1.018699189410144767e-03 8.952438698654976599e-04 7.190381065981527996e-04 4.647971471670127091e-04 4.182939918422191698e-04 3.604450713800611320e-04 3.093998211942497771e-04 2.759283257775735831e-04 2.540380877579281990e-04 2.409834234428894558e-04 2.337244123642997302e-04 2.304514200365495754e-04 2.292191276609814924e-04 2.273152998295037148e-04 2.250522278624197145e-04 2.229982732134633771e-04
2.236016559906616147e-04 2.269961492605634967e-04 2.318008435771819274e-04 2.368330278594127348e-04 2.402737940593268587e-04 2.461017320876437964e-04 2.553851857249321870e-04 2.703730884784347243e-04 3.002549983193256600e-04 3.541242442009588653e-04 4.352825640468644969e-04 5.091387281799991714e-04 5.547193143271711294e-04 8.937778915237394942e-04 1.168767171003568753e-03 1.374421849310982456e-03 2.336576020193404605e-03 2.852635972890715972e-03 4.357828964171849354e-03 6.037026753857880658e-03 9.036307800154564501e-03 1.339071698569530879e-02 1.629515200738484298e-02 2.656775617263452613e-02 3.984696497235579865e-02 4.302248791817511048e-02 4.781271278380461176e-02 7.618925170738756469e-02 1.217918125509332011e-01 1.522729077927856833e-01 1.493786077568279302e-01 1.231508765758324991e-01 9.621326516819728170e-02 9.143809080344626750e-02 1.200618710668797662e-01 1.787717404257794240e-01 2.587203928739548187e-01 3.532522986952254529e-01 4.580450472258214001e-01 5.682560495648967258e-01 6.776392331559665250e-01 7.800352925185746189e-01 8.712311667000444126e-01 9.497355790639978590e-01 1.016368142758211635e+00 1.073274508911306047e+00 1.122968238806503871e+00 1.167695102100167803e+00 1.209148413328085425e+00 1.248435631918358935e+00 1.269201426923008968e+00 1.312889140497250473e+00 1.360000804402598851e+00 1.411056224796044978e+00 1.466399134471483068e+00 1.526198776429311010e+00 1.590472555465171967e+00 1.659125272731216683e+00 1.731997709024768684e+00 1.808915515925538342e+00 1.889728833635277550e+00 1.974333932538871572e+00 2.062670421490420569e+00 2.154690925294071580e+00 2.250304178734471527e+00 2.349296670266869391e+00 2.451241710307273891e+00 2.555407555776887385e+00 2.660677575295807173e+00 2.765495153275802753e+00 2.817121843306536810e+00 2.915918153007464042e+00 3.017350056063433872e+00 3.115838977456360404e+00 3.202281395229456873e+00 3.263013965456206034e+00 3.279229166462513057e+00 3.227637220349719893e+00 3.083473223107298988e+00 2.826860334215299364e+00 2.452520307815734490e+00 1.980459768292647471e+00 1.462056158733921363e+00 9.741803901111846242e-01 5.971533244411242336e-01 3.820273689538550288e-01 3.242291208168629479e-01 3.632391905588335801e-01 4.136051531692777616e-01 4.089196115101885187e-01 3.315723585267584816e-01 2.143810677891586358e-01 1.128883062037722568e-01 6.195719318203869036e-02 5.071361912774481617e-02 4.369255494981557492e-02 2.737229598122823543e-02 1.584871480397710697e-02 1.236493993653849620e-02 7.884806286024682517e-03 4.886788273622018688e-03 3.295576603609656329e-03 2.062699440145877514e-03 1.687508037126781791e-03 1.036019805995051953e-03 9.119698832300605906e-04 7.048860524087693273e-04 4.544265205388332450e-04 4.129819601256920405e-04 3.573034321290114519e-04 3.036463486676736984e-04 2.696921486105287010e-04 2.511720077359370809e-04 2.418048724852147767e-04 2.358707769804998806e-04 2.321726915068158647e-04 2.300212360946584842e-04 2.270066848710774945e-04 2.241791299426884956e-04 2.221920343015820992e-04
2.225484409975718046e-04 2.252819659947819138e-04 2.300238905709381376e-04 2.361971820861075871e-04 2.415380411128148844e-04 2.493543480141229159e-04 2.594414687739627474e-04 2.712531068986513889e-04 2.946030909278854991e-04 3.432650842074492148e-04 4.268254285094159732e-04 5.088938713125669725e-04 5.536234952349620292e-04 8.864141997344496563e-04 1.173097490201038080e-03 1.359078828093161643e-03 2.337903688267351215e-03 2.824916296063999504e-03 4.364174466127921162e-03 6.001110611444241197e-03 9.076026366506052129e-03 1.328402660966482123e-02 1.638819436958822984e-02 2.756195586908466444e-02 4.131821666466604231e-02 4.478662117115536634e-02 5.298065856575500526e-02 9.044929018410755028e-02 1.480101293193407663e-01 1.866486388818990316e-01 1.827198401916522441e-01 1.472502305209501539e-01 1.142031702885911437e-01 1.171138795238870212e-01 1.684502579202224737e-01 2.615178011926993507e-01 3.846974483264277156e-01 5.284249474012666647e-01 6.836198001437454597e-01 8.399274686353027652e-01 9.873960088589556205e-01 1.119379636436376613e+00 1.233884352766117631e+00 1.332790642597021735e+00 1.419993248110660300e+00 1.499638281413225194e+00 1.575045310918392394e+00 1.648337504652792163e+00 1.720538385665095982e+00 1.791871871184715470e+00 1.830358746719489949e+00 1.912316437110646472e+00 2.001218595405282130e+00 2.097227133001241306e+00 2.200320983537717989e+00 2.310364284363692011e+00 2.427187403182645919e+00 2.550667186832975109e+00 2.680791699956268648e+00 2.817695659944287723e+00 2.961655778014437690e+00 3.113040007160944977e+00 3.272210729290869757e+00 3.439388435884727979e+00 3.614488613779372805e+00 3.796949496765888998e+00 3.985571371447690137e+00 4.178388751489277020e+00 4.372594780554886817e+00 4.564532845475574696e+00 4.658291351207681785e+00 4.835762304494929609e+00 5.014384211063826591e+00 5.182653840653655308e+00 5.322964202554497426e+00 5.410413220110949162e+00 5.412726139073254394e+00 5.292523622925372706e+00 5.013362284070874253e+00 4.550421107522995001e+00 3.904784501926466422e+00 3.116834165104710674e+00 2.270634989773205437e+00 1.480746396679682331e+00 8.593414509417205416e-01 4.744066873920124161e-01 3.209155156653739627e-01 3.245869717569562773e-01 3.789948320650379232e-01 3.948633284274763455e-01 3.357053477955048160e-01 2.250420522718795391e-01 1.199362673133641533e-01 6.299624880562700036e-02 4.916886579915015487e-02 4.268674360069454887e-02 2.697894189994580472e-02 1.516901294302922323e-02 1.159513051442154739e-02 7.449650972922819067e-03 4.602485114107429144e-03 3.202586570901471818e-03 2.045682583715135311e-03 1.721044625015713146e-03 1.038525500481006676e-03 9.078903684746293451e-04 6.844211895463204239e-04 4.454610504755017312e-04 4.078800877407808998e-04 3.505560126485652694e-04 2.969650892779684818e-04 2.664400920774455525e-04 2.517307978850391570e-04 2.441474159463898584e-04 2.377530507597246556e-04 2.329276344090745233e-04 2.296962112097241260e-04 2.260306396825247533e-04 2.232306053715632239e-04 2.216118778320836378e-04
2.219177003342053109e-04 2.239371805556735829e-04 2.279790936269246882e-04 2.342287153589976050e-04 2.408493526299802941e-04 2.505949343624000935e-04 2.628886488686914919e-04 2.749116593251182896e-04 2.946784767566761163e-04 3.364775667656259243e-04 4.153626827359233097e-04 5.020226820243486442e-04 5.495140454224800922e-04 8.768344794685230996e-04 1.173740433255757382e-03 1.345008279060679480e-03 2.335157419185389990e-03 2.798384670348500348e-03 4.360110530084872205e-03 5.960716288877635806e-03 9.100550523658908555e-03 1.317329101638572281e-02 1.640742702601346442e-02 2.815412778298675978e-02 4.202251527028235539e-02 4.577321070116421170e-02 5.732751196462243515e-02 1.030782284841530588e-01 1.710073946425653690e-01 2.163574733273198603e-01 2.106137276947430970e-01 1.674194969586804971e-01 1.329177408753902112e-01 1.510117514233520197e-01 2.368843548369578556e-01 3.819099947581250376e-01 5.695456547612282039e-01 7.822439218536324512e-01 1.002116229710436013e+00 1.213066962783880154e+00 1.404624040722669553e+00 1.573881832619976162e+00 1.724137105878746912e+00 1.861655595294169796e+00 1.992633877982512569e+00 2.121461566604585514e+00 2.250304718151684202e+00 2.379504903559586104e+00 2.508263881823698860e+00 2.635276800143288689e+00 2.703365460053063440e+00 2.846881813066852285e+00 3.000018383633149543e+00 3.162492048320339144e+00 3.334036383687645433e+00 3.514526965273585546e+00 3.704086028748478032e+00 3.903146183766921684e+00 4.112456229923611595e+00 4.333018122113613479e+00 4.565952174304936939e+00 4.812296761826495128e+00 5.072757959494961888e+00 5.347432549322629569e+00 5.635533556398839572e+00 5.935150081721341842e+00 6.243072221812624001e+00 6.554707263503663839e+00 6.864105538888562563e+00 7.164104145843666949e+00 7.308069856710500467e+00 7.574798462880296235e+00 7.833296105528555486e+00 8.062791036068825079e+00 8.233580379574837238e+00 8.306247797835798252e+00 8.232979311711835280e+00 7.962560429074991397e+00 7.450508396966140978e+00 6.674522928167717417e+00 5.652503980821802720e+00 4.456187503136947115e+00 3.210311629791112509e+00 2.069252834772339789e+00 1.173120170936636120e+00 5.998455797876474094e-01 3.378972417268290562e-01 2.961911957511597637e-01 3.467998258078783258e-01 3.781983461024792659e-01 3.354922383264904440e-01 2.322235310877262260e-01 1.253431866150568896e-01 6.362502192441855942e-02 4.732488138524653526e-02 4.116062193330105590e-02 2.623152680599755149e-02 1.444210366459372508e-02 1.089372395904238469e-02 7.115173908763435841e-03 4.432750573703047800e-03 3.176510041582785403e-03 2.048067503625710783e-03 1.736560939789002968e-03 1.024732805443422448e-03 8.927493307118742000e-04 6.645605501144091244e-04 4.377733781457305738e-04 4.013847346013079158e-04 3.431688571517002356e-04 2.930533419856176549e-04 2.666788850423701309e-04 2.539633009536260144e-04 2.462251666436143620e-04 2.385550429283117796e-04 2.326161531800402364e-04 2.286412975791996937e-04 2.249203921028321718e-04 2.225045121431800472e-04 2.212814623535490398e-04
2.215824853623951662e-04 2.230662073681859993e-04 2.262594974873273783e-04 2.318607994525724938e-04 2.388333553547851841e-04 2.497044707174031052e-04 2.640775447029053251e-04 2.780496383712307618e-04 2.976273307116117026e-04 3.350255677767339114e-04 4.069566761595057574e-04 4.923387253081715296e-04 5.421813115860218274e-04 8.637913546968864834e-04 1.168980457720407169e-03 1.329777435870005972e-03 2.327306011482904377e-03 2.771587817652532322e-03 4.347344831566127971e-03 5.914298336237005377e-03 9.102191182275412573e-03 1.306092448948430879e-02 1.639717167568192566e-02 2.849130791723860495e-02 4.220803815733914499e-02 4.616795856055214836e-02 6.079373434810161209e-02 1.136452059103397610e-01 1.899715160827460392e-01 2.401298152669578967e-01 2.318916548533406785e-01 1.830459113927023485e-01 1.518637075078373422e-01 1.932456501882863498e-01 3.278745969247347514e-01 5.461662380940797146e-01 8.232662520098606995e-01 1.128649982204382951e+00 1.433222428958274675e+00 1.716578160304619072e+00 1.971048273511319948e+00 2.200075519451819783e+00 2.412824270444162700e+00 2.618700721865367065e+00 2.824101531759902528e+00 3.031635200040871947e+00 3.240900527081604476e+00 3.449781452897132450e+00 3.655593245540428082e+00 3.855829482138099173e+00 3.962030407065453286e+00 4.183487784662617059e+00 4.416753652300213773e+00 4.661707612119899480e+00 4.918593385607033852e+00 5.188126874734302341e+00 5.471532707972295739e+00 5.770490973477322427e+00 6.086985257076333866e+00 6.423054628205282057e+00 6.780464542836922348e+00 7.160323255812051535e+00 7.562679752714162262e+00 7.986145121167697702e+00 8.427580762633709810e+00 8.881893494011432466e+00 9.341969583045198533e+00 9.798767856256205278e+00 1.024157745407057440e+01 1.065843016207382732e+01 1.085317006991545519e+01 1.120247226747020974e+01 1.152147917645443798e+01 1.177695496917358042e+01 1.192438071721709569e+01 1.190837727289114056e+01 1.166640030974693687e+01 1.113740446690290931e+01 1.027651294337066190e+01 9.074610405672725477e+00 7.577989107001450897e+00 5.898871340238139638e+00 4.206024219045275458e+00 2.689923755488587087e+00 1.509912609519933335e+00 7.447019355998731882e-01 3.704962516682751561e-01 2.778706767675597766e-01 3.184876682188394481e-01 3.604459451589380192e-01 3.317619244729335670e-01 2.360093272206123804e-01 1.288648325274892315e-01 6.369007241045977763e-02 4.528545300612830254e-02 3.936422424361078060e-02 2.532794088592551021e-02 1.377765233600946986e-02 1.033670685048737256e-02 6.897606935318476885e-03 4.344371042484005546e-03 3.175183952037001142e-03 2.042888375341167517e-03 1.728247014003921533e-03 1.001725147489299604e-03 8.745292259426224422e-04 6.472674299264804653e-04 4.307029995851785562e-04 3.947686774619821141e-04 3.382585712934369003e-04 2.925226593804153698e-04 2.687083699571732841e-04 2.560047822660052250e-04 2.471105272930398358e-04 2.382117313600530582e-04 2.315943108597093172e-04 2.273899395269888830e-04 2.240128875640109984e-04 2.220606304433262314e-04 2.211298851416371538e-04
2.214206999631722263e-04 2.225707184430354832e-04 2.250510217386582205e-04 2.297436951198527635e-04 2.363240159724619557e-04 2.473610330750646382e-04 2.629048068723774541e-04 2.789463255863820421e-04 3.002455663401984616e-04 3.364764814047947121e-04 4.030863609618061090e-04 4.837365511529709370e-04 5.332820544140804949e-04 8.478062822316373599e-04 1.158692910257819002e-03 1.311854115150295434e-03 2.312605073981981695e-03 2.742201576079366602e-03 4.325532420606588609e-03 5.861690598254723668e-03 9.079153773585209308e-03 1.293907814681321058e-02 1.636636554290702567e-02 2.866982721721165681e-02 4.208614450224597986e-02 4.616758499853315656e-02 6.343373931283047273e-02 1.220566519024354063e-01 2.047664974883506295e-01 2.578721028380561719e-01 2.467583461974844350e-01 1.943422035736976916e-01 1.706730846509301458e-01 2.429652895617980535e-01 4.404242312091840583e-01 7.533280691386639027e-01 1.146075035734956948e+00 1.572396798676777063e+00 1.991396247626894711e+00 2.379431925077562404e+00 2.732303310542262942e+00 3.058776539366724112e+00 3.371448698350147932e+00 3.680149273995459769e+00 3.989491652681738998e+00 4.299494179979695296e+00 4.607458003362277843e+00 4.909782477104509546e+00 5.203158669792097513e+00 5.485112063914683311e+00 5.633586376025587761e+00 5.941592524307781176e+00 6.264860602901542563e+00 6.604541800190993683e+00 6.962456905497928616e+00 7.341072825558702775e+00 7.743358900445105775e+00 8.172518358024522200e+00 8.631605065843624303e+00 9.123050877932975311e+00 9.648142477100853043e+00 1.020649689923894421e+01 1.079559042481330522e+01 1.141039528162608718e+01 1.204317233136124976e+01 1.268345604095273416e+01 1.331825168555573846e+01 1.393244557063152023e+01 1.450940913419363198e+01 1.503175924622414605e+01 1.526702711974748006e+01 1.567004513724462456e+01 1.600547848580193033e+01 1.622556513269673317e+01 1.627008612670426402e+01 1.606879536053707014e+01 1.554827206117870908e+01 1.464468051644935365e+01 1.332260439205917457e+01 1.159720387482425608e+01 9.552696881328218481e+00 7.346532591844997739e+00 5.189371326254649475e+00 3.299482307450655849e+00 1.844662191483447566e+00 8.957502013508329419e-01 4.126798888985055425e-01 2.677276412994506471e-01 2.942395224346310290e-01 3.424744688900740464e-01 3.252483292781196966e-01 2.367422089368201032e-01 1.305814668356252428e-01 6.323720782392780460e-02 4.321788887567461906e-02 3.754327682482647144e-02 2.443818276555745350e-02 1.323661109722464556e-02 9.932541396321830848e-03 6.768659592484376451e-03 4.294965403866051259e-03 3.169156651058031068e-03 2.022064311060932287e-03 1.703100699841202494e-03 9.764587743018946636e-04 8.571679403599181219e-04 6.324704556824098768e-04 4.243291889233880921e-04 3.896898659314772684e-04 3.364773956133108391e-04 2.938849642849220467e-04 2.706513001755667027e-04 2.568666527199464688e-04 2.467324578617720375e-04 2.370965908856671994e-04 2.303261014322593645e-04 2.263076910958745382e-04 2.234115536036631483e-04 2.218412862482256089e-04 2.210859513647795327e-04
2.213614285199076519e-04 2.223224904215140036e-04 2.243064505966749255e-04 2.281498734431658848e-04 2.339581302067658458e-04 2.444294420273715744e-04 2.601180047914228386e-04 2.774664425780733949e-04 3.007815763165878420e-04 3.379020863349492857e-04 4.019769142990759175e-04 4.776138692721297509e-04 5.245263409163058044e-04 8.303937463675636899e-04 1.144018628923562002e-03 1.291017496369652618e-03 2.290267174926054888e-03 2.708376380662995235e-03 4.293539167006646222e-03 5.801955097747830796e-03 9.032716624555613485e-03 1.280207638834983570e-02 1.631031448949298371e-02 2.873833395831418627e-02 4.179516629510934139e-02 4.593003689259352734e-02 6.536691129533954425e-02 1.284625820920811123e-01 2.157142222420642685e-01 2.702085630923615756e-01 2.561414813242379185e-01 2.019554367495166314e-01 1.890245526157212363e-01 2.982111556127944318e-01 5.698042152205132771e-01 9.951761191853673028e-01 1.527864052641672021e+00 2.106012386754900767e+00 2.677466892037689394e+00 3.214755323625385408e+00 3.714357838905729015e+00 4.185994592672470205e+00 4.641374077172780943e+00 5.087887920001604947e+00 5.527491326288834550e+00 5.958433362199638594e+00 6.377544663298991168e+00 6.781874527121900975e+00 7.169432247897804977e+00 7.539268373464826922e+00 7.733561243461246626e+00 8.136794219617019763e+00 8.561829557782074218e+00 9.012124021315912614e+00 9.491854921919767207e+00 1.000565863192819194e+01 1.055822306139605615e+01 1.115375300360800637e+01 1.179534475586916997e+01 1.248432153449376436e+01 1.321959190313067545e+01 1.399709811637721302e+01 1.480941898469685647e+01 1.564558242744493377e+01 1.649112698286043255e+01 1.732843066287847833e+01 1.813730178084950850e+01 1.889580222809360777e+01 1.958125170113517655e+01 2.017134393039890128e+01 2.042404590571850775e+01 2.082793180138893874e+01 2.111230570056124378e+01 2.121465299039229890e+01 2.106046686644086918e+01 2.056826960862845510e+01 1.965996524120751232e+01 1.827747085519247605e+01 1.640459513560223570e+01 1.408962744397478595e+01 1.145991207816130952e+01 8.717413755712957624e+00 6.107747216785516464e+00 3.866254701928707238e+00 2.158938519626094177e+00 1.042478179104894931e+00 4.588703664225657897e-01 2.634154992937805528e-01 2.736832556070766254e-01 3.248520826671492667e-01 3.167226083877066611e-01 2.350184529644370746e-01 1.308196311657906230e-01 6.242305928368490492e-02 4.127562589700362744e-02 3.587170814919575512e-02 2.366206886868343906e-02 1.282817088607543336e-02 9.649366158174707206e-03 6.688432781040888446e-03 4.254209166540800363e-03 3.147343613442659012e-03 1.989011380160376000e-03 1.670680102745322358e-03 9.530233570553698621e-04 8.420005160697604683e-04 6.199253863543649620e-04 4.190627135294224437e-04 3.866802428945570924e-04 3.366757503105752107e-04 2.954018643253782908e-04 2.714888585183880673e-04 2.564556276686288743e-04 2.455013450119667697e-04 2.356899619770546272e-04 2.291654249211649104e-04 2.255450029979752774e-04 2.230886246379652695e-04 2.217727139471414410e-04 2.211079986685868823e-04
2.213747087562896183e-04 2.222326508921952540e-04 2.239112629486843969e-04 2.271014318435936059e-04 2.320709995836452318e-04 2.415972176687197434e-04 2.566582949330881462e-04 2.743538811165717071e-04 2.990228823409510329e-04 3.376056183819788059e-04 4.012280877333171403e-04 4.733552661583805563e-04 5.167396005429943486e-04 8.130225373105539558e-04 1.126575973678752961e-03 1.267973406099027816e-03 2.260933371020598919e-03 2.669498473886432015e-03 4.250906669554404584e-03 5.733994884687312193e-03 8.964920694358127773e-03 1.264827744560756591e-02 1.622367182671830693e-02 2.871742218117763826e-02 4.140891500852834917e-02 4.555798339450253115e-02 6.672515697354895747e-02 1.331368682600961306e-01 2.233710851622700833e-01 2.780773092710652761e-01 2.612036266870715884e-01 2.066611283011472733e-01 2.065679828552019204e-01 3.562399773040716422e-01 7.088210483207996182e-01 1.258619425661790192e+00 1.950614197961318519e+00 2.709944345085314676e+00 3.474232503837815234e+00 4.209974335291397196e+00 4.909224214434035005e+00 5.576719762131137514e+00 6.218717169998042138e+00 6.838094792872443151e+00 7.434438717666897567e+00 8.006040538957915231e+00 8.551633657684158507e+00 9.071132002802787753e+00 9.565539546106293756e+00 1.003647236706023804e+01 1.028421585356869450e+01 1.080035888471311800e+01 1.134864118039649128e+01 1.193523547417719932e+01 1.256669618085089368e+01 1.324940178757009690e+01 1.398886113703207990e+01 1.478893099108240428e+01 1.565100862958088435e+01 1.657327420065280776e+01 1.755006136090525359e+01 1.857143044742982241e+01 1.962300594400780795e+01 2.068612024518769843e+01 2.173828047909387351e+01 2.275394691777056266e+01 2.370558319045670359e+01 2.456491309796379596e+01 2.530429899740962085e+01 2.589814457290200522e+01 2.613337868551882792e+01 2.646507276426471122e+01 2.661397182046550469e+01 2.650454460375620158e+01 2.605149200924533304e+01 2.516760154165105945e+01 2.377744234154403458e+01 2.183706207124188836e+01 1.935731592556282266e+01 1.642468703364778193e+01 1.320983746454409946e+01 9.953670403376298381e+00 6.926744816401447125e+00 4.370503014189071500e+00 2.441075414230548635e+00 1.177649175699085893e+00 5.047359327450650079e-01 2.628123060121153043e-01 2.563030629220751089e-01 3.080195815353639066e-01 3.069882637942872861e-01 2.315684457034676291e-01 1.300137295433385076e-01 6.142612108073536997e-02 3.955728948856197108e-02 3.443586001918610279e-02 2.303262597037752935e-02 1.253040737058630678e-02 9.445725445806539555e-03 6.626236247545581014e-03 4.208381236688807196e-03 3.111349524637840348e-03 1.950709236634217553e-03 1.638166100480164481e-03 9.330895128450083327e-04 8.293406255524896076e-04 6.096284515242086184e-04 4.151458620106825712e-04 3.853035876848498204e-04 3.374067255470680651e-04 2.960858110203552253e-04 2.711059635612468512e-04 2.551884972628988232e-04 2.439470243291686716e-04 2.343798821855590329e-04 2.283027427573543439e-04 2.251142253059747775e-04 2.229810046138951747e-04 2.218058909112655998e-04 2.211798341133523944e-04
2.214505136738260114e-04 2.222546930727360194e-04 2.237648459821075760e-04 2.265140521263410921e-04 2.307605253126438275e-04 2.392654280469812223e-04 2.532860150581412850e-04 2.705594519318285174e-04 2.956471976876568907e-04 3.352866000528817469e-04 3.993363560925335251e-04 4.697405549208124925e-04 5.099561843305718510e-04 7.966029620822801492e-04 1.107852902665301979e-03 1.243788245602701816e-03 2.226266359961757198e-03 2.626171013313182648e-03 4.198462716069412994e-03 5.657588800914851654e-03 8.878154417528188319e-03 1.247891123431552410e-02 1.610494240936798799e-02 2.861680803755435945e-02 4.096093196053805785e-02 4.510772244832202127e-02 6.762384175317924517e-02 1.363843409604378609e-01 2.283578183903273162e-01 2.824606797162644289e-01 2.630607525648507306e-01 2.091849367254722536e-01 2.229331436411265965e-01 4.141176069754927136e-01 8.496518517000141157e-01 1.529026154797386905e+00 2.392599535509689179e+00 3.356489027262902880e+00 4.349288571869269759e+00 5.328594638937948602e+00 6.276491893732410787e+00 7.187171787366637865e+00 8.057866057989285125e+00 8.885899606071355095e+00 9.669373426930119919e+00 1.040840903227467429e+01 1.110546220425588437e+01 1.176466502844832895e+01 1.239075327328924203e+01 1.298810082836171809e+01 1.330326186498396090e+01 1.396261997247087372e+01 1.466751670145810316e+01 1.542638539050375890e+01 1.624729426676437782e+01 1.713709936959008928e+01 1.810050918639867845e+01 1.913913584702249437e+01 2.025061916100802151e+01 2.142791311942406551e+01 2.265881867457107290e+01 2.392583163237155475e+01 2.520635139268448555e+01 2.647326709522497978e+01 2.769590529745453367e+01 2.884129091380118126e+01 2.987564415192548140e+01 3.076601364331150634e+01 3.148193225558307162e+01 3.199697861034022139e+01 3.217236405922833598e+01 3.234782316862104778e+01 3.227065285299329389e+01 3.185558925228072269e+01 3.101139343354192590e+01 2.965142961450199977e+01 2.771012836166454107e+01 2.516457516289614915e+01 2.205756808958275883e+01 1.851479940836482641e+01 1.474616865407399580e+01 1.102273718335144892e+01 7.628974711658067953e+00 4.802813336282903300e+00 2.685193545928761694e+00 1.297073891763502296e+00 5.473772059855641636e-01 2.642888312339608525e-01 2.416196178618851276e-01 2.923350706683359168e-01 2.968011689753877191e-01 2.271128825898745263e-01 1.285867679914721173e-01 6.039371500149590816e-02 3.810313948330350947e-02 3.325399195477356934e-02 2.254128140354140844e-02 1.231242049723443518e-02 9.288497776005122733e-03 6.566209956947890655e-03 4.155786891626421856e-03 3.067957878497971479e-03 1.913226601034078919e-03 1.609519595823563241e-03 9.170041672711752275e-04 8.192328283070424546e-04 6.016442002733580390e-04 4.125454551288404870e-04 3.848567817672911371e-04 3.377909890403668885e-04 2.957799291350108207e-04 2.699082348470836930e-04 2.536109039209220330e-04 2.425046716549890261e-04 2.333979190898926410e-04 2.277989924646692341e-04 2.249707297686613357e-04 2.230350770618143763e-04 2.219172519867068335e-04 2.212980178892367308e-04
2.215838259974906163e-04 2.223662257477327004e-04 2.237981030714334286e-04 2.262825754448141268e-04 2.299886004993459214e-04 2.375865061536440882e-04 2.504621375057724630e-04 2.668572076508055231e-04 2.915700995873667838e-04 3.314940487777995022e-04 3.959316037311235532e-04 4.658779203995055919e-04 5.038728788431351370e-04 7.814923378793281993e-04 1.088949104399630731e-03 1.219482872813406000e-03 2.188305504073523571e-03 2.579763886117328927e-03 4.138150187204826455e-03 5.573770801480778907e-03 8.775416161010594907e-03 1.229688996425881177e-02 1.595659130632803499e-02 2.844488335862491515e-02 4.046610714104856288e-02 4.460685432731393424e-02 6.815502080195846857e-02 1.384900293823767559e-01 2.312594464545288386e-01 2.842435061940702945e-01 2.626584935735168380e-01 2.101292639905142368e-01 2.377905957246768676e-01 4.692713123772673800e-01 9.854031833101505322e-01 1.793122925469671003e+00 2.832699854878834689e+00 4.015606601979499146e+00 5.262687027480063229e+00 6.520150764983107194e+00 7.755689354973304361e+00 8.949019521340265015e+00 1.008627706292433146e+01 1.115899890949930828e+01 1.216460710245374344e+01 1.310603639836238976e+01 1.399008017827176253e+01 1.482516249788022478e+01 1.561936451357978228e+01 1.637916071143460783e+01 1.678097248888893134e+01 1.762355558364159691e+01 1.852637228572531569e+01 1.949888979979776948e+01 2.054913707701712511e+01 2.168263260624586408e+01 2.290130289733954427e+01 2.420248801719569087e+01 2.557813411498761624e+01 2.701426642120366850e+01 2.849081964551782775e+01 2.998187712237161051e+01 3.145633764856803438e+01 3.287899279104599515e+01 3.421196112400492950e+01 3.541639311920054922e+01 3.645433468807699740e+01 3.729062137149741574e+01 3.789467057134418582e+01 3.824204647325001361e+01 3.831383757972466952e+01 3.824977788620466868e+01 3.786177599254081372e+01 3.705896252763922405e+01 3.574945428916762324e+01 3.385327248564269098e+01 3.132074788419524225e+01 2.815471289018188372e+01 2.443173529344450401e+01 2.031435146419212856e+01 1.604483045973119459e+01 1.191435529079368472e+01 8.211001232001850170e+00 5.161846777199873060e+00 2.889935374907781629e+00 1.399073230826548553e+00 5.851914087751980409e-01 2.667383493139428574e-01 2.292394073341411098e-01 2.780644292860496303e-01 2.867897770760554632e-01 2.222604032363996729e-01 1.268833516687681850e-01 5.942496944929036296e-02 3.691109240082942472e-02 3.230580953455481491e-02 2.216291315303636766e-02 1.214765411346276254e-02 9.157771197731463461e-03 6.504208596799745945e-03 4.100443759268884367e-03 3.024112406997452908e-03 1.880334071442178777e-03 1.586304865928927924e-03 9.045586369119827577e-04 8.116345744629104974e-04 5.959250927535806111e-04 4.110647319877345249e-04 3.848271022043101399e-04 3.376201076911323888e-04 2.948182899933680457e-04 2.684344510957675225e-04 2.521701240837243810e-04 2.414397465453905871e-04 2.328342466038357003e-04 2.276373514486191652e-04 2.250579487210577656e-04 2.232141010364627057e-04 2.220962620895299249e-04 2.214615808375569790e-04
2.217677083519296497e-04 2.225528260570241816e-04 2.239650839713973958e-04 2.263139859742751116e-04 2.296593179770989204e-04 2.365493893624637809e-04 2.483772539078326767e-04 2.637210161390041597e-04 2.875578140851964152e-04 3.270382129713819393e-04 3.913810808750987718e-04 4.614469616183578720e-04 4.981929902661264269e-04 7.677119325925560456e-04 1.070566871275744269e-03 1.195846279404129148e-03 2.148969777738963648e-03 2.531907831334341552e-03 4.072506295532849104e-03 5.484574192216565454e-03 8.660371573071199910e-03 1.210602942700218614e-02 1.578373835108727585e-02 2.821213609514746160e-02 3.993388037307225857e-02 4.406963012716427763e-02 6.839178918268055962e-02 1.397006716329389220e-01 2.325817354112388602e-01 2.841602960380786302e-01 2.607427070947793135e-01 2.099628970757232704e-01 2.509106718260920577e-01 5.198208484106617844e-01 1.110995764342348036e+00 2.040750580454374852e+00 3.253516802093924465e+00 4.660169460447240120e+00 6.175174828837854513e+00 7.731915616661162893e+00 9.281165382729250624e+00 1.078628083659697445e+01 1.222165137023618442e+01 1.357320631543233702e+01 1.483797587400673379e+01 1.602158459994371498e+01 1.713448017544314794e+01 1.818826523864383304e+01 1.919306954876013904e+01 2.015622415934188538e+01 2.066596838070914188e+01 2.173465071929786063e+01 2.287745152309535968e+01 2.410317458169767590e+01 2.541792196534176895e+01 2.682389806691687895e+01 2.831830297218635195e+01 2.989242416537635094e+01 3.153102959137774164e+01 3.321214814545920291e+01 3.490729675304538659e+01 3.658217854200371733e+01 3.819783739577903958e+01 3.971221425507579283e+01 4.108201397154869738e+01 4.226476211594289367e+01 4.322091200804139532e+01 4.391585539932651017e+01 4.432169642777560625e+01 4.441866702087732932e+01 4.434761834620957899e+01 4.397214206551421256e+01 4.320434383230215758e+01 4.195199879974534696e+01 4.012751244432404718e+01 3.766263292516801897e+01 3.452789296087549076e+01 3.075421455114526381e+01 2.645112296709949007e+01 2.181334313652522283e+01 1.710743543904681729e+01 1.263504405747892889e+01 8.679406553863312723e+00 5.451935555423287560e+00 3.057162770028100329e+00 1.483828858209931489e+00 6.175871796847532957e-01 2.694906034840124365e-01 2.188466608140861858e-01 2.653675774408113530e-01 2.774131484059038644e-01 2.174634073740870366e-01 1.251497029254486359e-01 5.857509221057047299e-02 3.595603387805644535e-02 3.155634658149380350e-02 2.187152105564696414e-02 1.201827201607429639e-02 9.044497987140208417e-03 6.442404451971550997e-03 4.047523308215559765e-03 2.984778294330281499e-03 1.853710806225430767e-03 1.568711481239650754e-03 8.953588758203505577e-04 8.064102710395058609e-04 5.922669098557139210e-04 4.104663881186386377e-04 3.849890182280913146e-04 3.370955681553527723e-04 2.936680357168210153e-04 2.671246239894250031e-04 2.511358117914728972e-04 2.408579493308750071e-04 2.326809984818953650e-04 2.277633607347504961e-04 2.253229974582591046e-04 2.234915654545155731e-04 2.223347215225121229e-04 2.216667544377472210e-04
2.219918010008893106e-04 2.227999150706383826e-04 2.242315900233395141e-04 2.265333069977266728e-04 2.296641996864713534e-04 2.360582444240988626e-04 2.470347426703754269e-04 2.613511011054833050e-04 2.840925126394889134e-04 3.226245147383429118e-04 3.863154841038550155e-04 4.565515636045291222e-04 4.927572600136159156e-04 7.551503433208230564e-04 1.053105132762896957e-03 1.173402537426440195e-03 2.109804222876464092e-03 2.484128874010839774e-03 4.004141757575584853e-03 5.392511534247381583e-03 8.537071676861376218e-03 1.191050069274748532e-02 1.559278392154904783e-02 2.793122494626361710e-02 3.937400899815671901e-02 4.350627010571428421e-02 6.839463952171841166e-02 1.402230410450976961e-01 2.327415386026461808e-01 2.827917069501091896e-01 2.578755184948465229e-01 2.090386653931657346e-01 2.621911554068369066e-01 5.646659049190105861e-01 1.223382314714459795e+00 2.265425115175776494e+00 3.642832450207861505e+00 5.269202244050539719e+00 7.054080086682585460e+00 8.917818667484572970e+00 1.079370139737624079e+01 1.262866285345415918e+01 1.438573482556190086e+01 1.604550182893236254e+01 1.760424032050635290e+01 1.906914459268617534e+01 2.045263167730206888e+01 2.176757399733194021e+01 2.302434260093194496e+01 2.422964170353460034e+01 2.486700376233785903e+01 2.620022343928667041e+01 2.761878576086083115e+01 2.912901146809912234e+01 3.073321091848854536e+01 3.242847936957654298e+01 3.420568753719218336e+01 3.604877933163677284e+01 3.793447265863083118e+01 3.983243225659594344e+01 4.170594780907451593e+01 4.351310921632593676e+01 4.520842791363411806e+01 4.674481281006999467e+01 4.807577596262193964e+01 4.915772002803456076e+01 4.995214932114865292e+01 5.042765007636177188e+01 5.056150290144481119e+01 5.034081964537271858e+01 5.009634500028466420e+01 4.935600702271528917e+01 4.816116179375790551e+01 4.642204819498960688e+01 4.405939406376081990e+01 4.102032218095462213e+01 3.729798076820242159e+01 3.295159985993053908e+01 2.812091713604508314e+01 2.302700762779280552e+01 1.795270249216011038e+01 1.320187293211161261e+01 9.046818270660583750e+00 5.680811892243259109e+00 3.190732662771882389e+00 1.552732047968230944e+00 6.446621481948714427e-01 2.721897177946523971e-01 2.101801947448256325e-01 2.542996768310837874e-01 2.689591664633586565e-01 2.130188336785419634e-01 1.235418052246018972e-01 5.786721811054237191e-02 3.520439954029250945e-02 3.096986441175692689e-02 2.164667707072905067e-02 1.191429742205911586e-02 8.946124108959532112e-03 6.384955110270822305e-03 4.001086457285646034e-03 2.952636734983889524e-03 1.833627808154134542e-03 1.556279218228431242e-03 8.889661083812361005e-04 8.033236320507497301e-04 5.903544786959128441e-04 4.105363420306065020e-04 3.853112149724192579e-04 3.365399579568846187e-04 2.927118383145458432e-04 2.662396807610175817e-04 2.506112364835987386e-04 2.407503725815996300e-04 2.328755719903223575e-04 2.281095487950543976e-04 2.257189785589598522e-04 2.238443381868510617e-04 2.226218059724198212e-04 2.219057982325754676e-04
2.222434573772268920e-04 2.230909112596979153e-04 2.245684507028772499e-04 2.268808185420511932e-04 2.299034897271156556e-04 2.359874388979666651e-04 2.463343889960348905e-04 2.597563532620874270e-04 2.813886354384640374e-04 3.187140685893606975e-04 3.813150968884854793e-04 4.514833095415659095e-04 4.875352038560152798e-04 7.436798614207807551e-04 1.036763930987819613e-03 1.152450782296899961e-03 2.071917171216443310e-03 2.437659332508925782e-03 3.935380525144228057e-03 5.300087890638477232e-03 8.409529735035455034e-03 1.171439554190141161e-02 1.539036442352520635e-02 2.761578234383118072e-02 3.879779456393412512e-02 4.292693554885576579e-02 6.821581207553693849e-02 1.402281393134894028e-01 2.320728722496024354e-01 2.805824975065721039e-01 2.544673279766937468e-01 2.076181392111666746e-01 2.716517542565714538e-01 6.033993487434421432e-01 1.321311849434891883e+00 2.464035448776612736e+00 3.993649428284399061e+00 5.828937525367581252e+00 7.876012398576382800e+00 1.004306646530537961e+01 1.224688338420714651e+01 1.441921499337452417e+01 1.651272201853397803e+01 1.850279724945971083e+01 2.038405546723000583e+01 2.216347913473785169e+01 2.385322276095897820e+01 2.546519058407380598e+01 2.700807954820249179e+01 2.848654575704993519e+01 2.926679565235021130e+01 3.089317559503729882e+01 3.261219770685037389e+01 3.442604298882211111e+01 3.633165131871089670e+01 3.831961735559966797e+01 4.037338441742890183e+01 4.246884206665481543e+01 4.457440761711516330e+01 4.665163629477845575e+01 4.865636239115193007e+01 5.054032842462192576e+01 5.225321556506126797e+01 5.374495087466462451e+01 5.496813924519446459e+01 5.588045324906054390e+01 5.644681410262308674e+01 5.664121165764993293e+01 5.644803933465775714e+01 5.586285836201673760e+01 5.542498142318780197e+01 5.428761502006886275e+01 5.264175251364439845e+01 5.040316139229797443e+01 4.750378454051986665e+01 4.390826633727262873e+01 3.963306393211212963e+01 3.476427753305624435e+01 2.946792784536043186e+01 2.398531923915453845e+01 1.860840877903336832e+01 1.363695753330977745e+01 9.328539626855238964e+00 5.857709515923385624e+00 3.295458259053701600e+00 1.607815287759577494e+00 6.669137930852410134e-01 2.746802918680293359e-01 2.030135911659043668e-01 2.448270796401890159e-01 2.615691473814037438e-01 2.090932513758428091e-01 1.221448822415205221e-01 5.730411125265451322e-02 3.462255215279275850e-02 3.051563972214809545e-02 2.147431308345587597e-02 1.183095070384419280e-02 8.862887774200656557e-03 6.335551746040960809e-03 3.963444839103087355e-03 2.928569566729393239e-03 1.819581937273934700e-03 1.548305317761868504e-03 8.849440463468891387e-04 8.020643956391158803e-04 5.898307168363852359e-04 4.111000022124586956e-04 3.858351491198820865e-04 3.362184714325259366e-04 2.921714649605268183e-04 2.658737370079339779e-04 2.505814188883867511e-04 2.410427134331662093e-04 2.333333774960446878e-04 2.286089635647100811e-04 2.262042252066617549e-04 2.242496832764588372e-04 2.229436267096601297e-04 2.221681252181606741e-04
2.225096127962207970e-04 2.234084324523688363e-04 2.249493780176669774e-04 2.273086553165294611e-04 2.302940147731231285e-04 2.362134825582187629e-04 2.461351324914091477e-04 2.588382184061942845e-04 2.794688036091504710e-04 3.155259995320851231e-04 3.767772550243411777e-04 4.465444119774173489e-04 4.825682044680935576e-04 7.331986404455003532e-04 1.021623621711725436e-03 1.133125127118662836e-03 2.036023333830799028e-03 2.393384285849594565e-03 3.868081204220749029e-03 5.209477098299037864e-03 8.281353068168422274e-03 1.152139637029521262e-02 1.518266749516687317e-02 2.727907396020531200e-02 3.821728173853469052e-02 4.234243188504590444e-02 6.790118504939557376e-02 1.398561218976836218e-01 2.308382011932219313e-01 2.778654743716323927e-01 2.508100892841432228e-01 2.058939722969032327e-01 2.794073783897960128e-01 6.361362596808122216e-01 1.404883617870524626e+00 2.636099954938483148e+00 4.303358025690906530e+00 6.332270783627084398e+00 8.626957793987575229e+00 1.108505967860930852e+01 1.360886167608100017e+01 1.611690782705355218e+01 1.855270684624396438e+01 2.088644173041057428e+01 2.310982583347327335e+01 2.522757050194011441e+01 2.724922297433943186e+01 2.918354529684379628e+01 3.103583910241844279e+01 3.280755045833564765e+01 3.374005063439344099e+01 3.567578936959652225e+01 3.770694635400263905e+01 3.983024637420236758e+01 4.203610699976024279e+01 4.430772661737975682e+01 4.662056231755653357e+01 4.894228975849158303e+01 5.123330330123616250e+01 5.344777253563113817e+01 5.553522463740935677e+01 5.744257535304286932e+01 5.911648953829227793e+01 6.050591946887183781e+01 6.156464912210353901e+01 6.225366753526992625e+01 6.254320486084067454e+01 6.241428990098988550e+01 6.185972522604147628e+01 6.088442174263526852e+01 6.024377389629772495e+01 5.869773088368783220e+01 5.659827855109228523e+01 5.386890979773291122e+01 5.045452945078281459e+01 4.633810398044585810e+01 4.155872044996091574e+01 3.622679013321784680e+01 3.053015351537889899e+01 2.472456100790982703e+01 1.910522715491257983e+01 1.396339644228034338e+01 9.540106347512859131e+00 5.991977013947786368e+00 3.376330541853199918e+00 1.651318333984856057e+00 6.850180011832992522e-01 2.769199811112723619e-01 1.971433581496061238e-01 2.368509432980540896e-01 2.552734442650251290e-01 2.057558441612631905e-01 1.209941280946946751e-01 5.687698194750095276e-02 3.418044425275193476e-02 3.016905460323394614e-02 2.134517066621964901e-02 1.176612004552008740e-02 8.795537792603428176e-03 6.296479985039450840e-03 3.935348609668251618e-03 2.912305917981582691e-03 1.810733099753595275e-03 1.544042223434502047e-03 8.828776395332032069e-04 8.022913244525667082e-04 5.903518988689960808e-04 4.120182112027082066e-04 3.865962862036175646e-04 3.362751855784338337e-04 2.921183459857253236e-04 2.660036251211191560e-04 2.509649462471672150e-04 2.416343745748692341e-04 2.339687783886128226e-04 2.292020867802941242e-04 2.267420926858493301e-04 2.246853888380185812e-04 2.232849320860308341e-04 2.224421771342464753e-04
2.226566555241111525e-04 2.235869950025767881e-04 2.251674211938227606e-04 2.275620335275341569e-04 2.305469061087344967e-04 2.364232018305948628e-04 2.461859977042984114e-04 2.585720578728099416e-04 2.787226927997150223e-04 3.141100705896212111e-04 3.745749944290707950e-04 4.439881339487016096e-04 4.799869845204078611e-04 7.278683803614253035e-04 1.013872862669628954e-03 1.123275358768673808e-03 2.017429040268049582e-03 2.370358917635230316e-03 3.832471900999297361e-03 5.161415242070223168e-03 8.212224623205146082e-03 1.141849817605131330e-02 1.506904058928123721e-02 2.709066762247552482e-02 3.790281559306243886e-02 4.202512245860698381e-02 6.768671235681587850e-02 1.395356195392373488e-01 2.300002679146345153e-01 2.762587003077096592e-01 2.487843765913688721e-01 2.048770986174273390e-01 2.829824616085694355e-01 6.516268062958157081e-01 1.444763987142410722e+00 2.719226254036915424e+00 4.455167134270144658e+00 6.582364970298693052e+00 9.004416924665562760e+00 1.161403290347989881e+01 1.430662242555416341e+01 1.699446474676117091e+01 1.961659026640227665e+01 2.214027570468030603e+01 2.455508210674540237e+01 2.686361858749539877e+01 2.907308600331240811e+01 3.118972378522383693e+01 3.321638250313693419e+01 3.515239004892799102e+01 3.616971326460144098e+01 3.827658541483879873e+01 4.047845627356578291e+01 4.276866461575403378e+01 4.513374846493988457e+01 4.755266826815145009e+01 4.999646379577328048e+01 5.242842703592065590e+01 5.480483563255523904e+01 5.707624644008019743e+01 5.918930072524342023e+01 6.108894618564969647e+01 6.272094104087359057e+01 6.403447622348441826e+01 6.498473635555549777e+01 6.553522052355236838e+01 6.565966000428466032e+01 6.534340052942434340e+01 6.458415840462618007e+01 6.339210868854369352e+01 6.264023973491448061e+01 6.087264112312267628e+01 5.853097987050987427e+01 5.554358980819525016e+01 5.186282028090878526e+01 4.748157925493782017e+01 4.245065604161604966e+01 3.689240906853489577e+01 3.100467477342290579e+01 2.504888880508284643e+01 1.932006047968152629e+01 1.410355022189674656e+01 9.631165794623909093e+00 6.050397426797444744e+00 3.412098778522381526e+00 1.670957975913516025e+00 6.934038290573114605e-01 2.780398053776730327e-01 1.944192367304866664e-01 2.330800703858611767e-01 2.522851023950097860e-01 2.041855004845341826e-01 1.204717962197721925e-01 5.669613857046502947e-02 3.398878613023574580e-02 3.001818357629741293e-02 2.129057355337171664e-02 1.173812375522752596e-02 8.765588319802073217e-03 6.279859697719897098e-03 3.923947454070573354e-03 2.906418235318821743e-03 1.807764839653992284e-03 1.543025113696748366e-03 8.824363415681033430e-04 8.029215867138288394e-04 5.909679119221257796e-04 4.126280807488872391e-04 3.871132128638573645e-04 3.364802211996628656e-04 2.922857733109021682e-04 2.662535941694284345e-04 2.513104635459954025e-04 2.420468414721509305e-04 2.343629243880902466e-04 2.295473191989026100e-04 2.270464681804525034e-04 2.249286084732724173e-04 2.234741348477879740e-04 2.225927440637314445e-04
2.229703722134199044e-04 2.239736710933195381e-04 2.256462085066558167e-04 2.281308032565418473e-04 2.311438575063929116e-04 2.370057428370497777e-04 2.465632906751459986e-04 2.584269599927506260e-04 2.777135164022539278e-04 3.117740596294159478e-04 3.705324354811874834e-04 4.389172391649215224e-04 4.747536433263280405e-04 7.172022268794245444e-04 9.982868994213175105e-04 1.103575945629013981e-03 1.979721276870254412e-03 2.323509825370533716e-03 3.758875169037637250e-03 5.061755769959137494e-03 8.066562209089739657e-03 1.120359176237238456e-02 1.482619899607453412e-02 2.668046538571314241e-02 3.723624016008551807e-02 4.135046711622363674e-02 6.715038687365527947e-02 1.386434096266848659e-01 2.279355946265569643e-01 2.726465156950803048e-01 2.444554487336723092e-01 2.025888315320852062e-01 2.893280906599701718e-01 6.800227522069344221e-01 1.518638782258857178e+00 2.875382840271936136e+00 4.744803944363484405e+00 7.066244648837781028e+00 9.743379627080541283e+00 1.266035645117140263e+01 1.570032550244529901e+01 1.876425958129103932e+01 2.178261149708533750e+01 2.471611066814791258e+01 2.754831834329165119e+01 3.027541076296314060e+01 3.289761103136169851e+01 3.541413852686608976e+01 3.782147595028305886e+01 4.011380570151735014e+01 4.131396617060645582e+01 4.378692995426521151e+01 4.634960370413737252e+01 4.898737793210056424e+01 5.167800653908129505e+01 5.439117393710446891e+01 5.708857374897191050e+01 5.972455596517763610e+01 6.224735498694548141e+01 6.460086194472638965e+01 6.672685580713168463e+01 6.856756405930086373e+01 7.006838975358886046e+01 7.118062124299801496e+01 7.186393627523601424e+01 7.208852408716919058e+01 7.183667668939756368e+01 7.110374103093516851e+01 6.989837321926798097e+01 6.824208960706019411e+01 6.725483492451519396e+01 6.502350347790800811e+01 6.218221777791492144e+01 5.867063843653806998e+01 5.445738487151960783e+01 4.955602119066781341e+01 4.404053639696341804e+01 3.805572347050777182e+01 3.181668115971966770e+01 2.559261759838945949e+01 1.967449721311187005e+01 1.433325004416971282e+01 9.781214114833643336e+00 6.148157804197037279e+00 3.473261885039371499e+00 1.705428550520310393e+00 7.085835396142932119e-01 2.802480903692484704e-01 1.895155241474508201e-01 2.261689413301304907e-01 2.468125490686760570e-01 2.013594553819084698e-01 1.195824375148326069e-01 5.641531954360021195e-02 3.367313528929249261e-02 2.976891324608374467e-02 2.120601296783428125e-02 1.169432763077407796e-02 8.716725960746256677e-03 6.255090646072833729e-03 3.907919495693522836e-03 2.899868087448196578e-03 1.805014603744381930e-03 1.543393733388921966e-03 8.828193351152077923e-04 8.052303755642489574e-04 5.928728039043119728e-04 4.141278686512308888e-04 3.884529354988714702e-04 3.373126566838158713e-04 2.930475042018294862e-04 2.671273960283137997e-04 2.522891016812751040e-04 2.430734067966822858e-04 2.352736669661296867e-04 2.303111136506741830e-04 2.277084423485230410e-04 2.254526830470455828e-04 2.238795217617536913e-04 2.229128650456245378e-04
2.233020104350508109e-04 2.243890745101669395e-04 2.261682169824084205e-04 2.287629938148155739e-04 2.318323552405380345e-04 2.377590129960682362e-04 2.472478671750533087e-04 2.587446006164271324e-04 2.773286204443198072e-04 3.101538570024121476e-04 3.671274854639850621e-04 4.340803325011976816e-04 4.695111164851281139e-04 7.065735364024817305e-04 9.826627040474226072e-04 1.083988464263153451e-03 1.941647922521301441e-03 2.276057048739293150e-03 3.682951601219075239e-03 4.958438972339872589e-03 7.912485367588390633e-03 1.097822470570230212e-02 1.456465330356916839e-02 2.623003972347843354e-02 3.652521536521435158e-02 4.062737974145342462e-02 6.647906351830823457e-02 1.374422594744701132e-01 2.254118393603356252e-01 2.685932524883666295e-01 2.398490795579885093e-01 2.000095357861653156e-01 2.945261332970545709e-01 7.046522490749517198e-01 1.583887505461867073e+00 3.016350970211186144e+00 5.012195035510226937e+00 7.521679722523091804e+00 1.045019520810637914e+01 1.367558051775295347e+01 1.707128831690830850e+01 2.052892659959122312e+01 2.397083039338344079e+01 2.734990575632695453e+01 3.064108960488019306e+01 3.383087240102543092e+01 3.690932637146720197e+01 3.986604827579640897e+01 4.268934639092930894e+01 4.536725773285255769e+01 4.676354878974325402e+01 4.962505498888635458e+01 5.256419353736824718e+01 5.555703793086106401e+01 5.857146213563746073e+01 6.156714063054989339e+01 6.449611909920456299e+01 6.730398052574146561e+01 6.993158214753114521e+01 7.231728804545704747e+01 7.439957519374374328e+01 7.611985247428108892e+01 7.742530667625996443e+01 7.827157979966973755e+01 7.862508940116580902e+01 7.846482781672747819e+01 7.778351466972522132e+01 7.658802642125328930e+01 7.489908205407363084e+01 7.275021997741164625e+01 7.151691173207592556e+01 6.880760695348894274e+01 6.546100230270465659e+01 6.142987106222269489e+01 5.670032740473973831e+01 5.130681428931598731e+01 4.534532488941184170e+01 3.898025202148883039e+01 3.243966835920837610e+01 2.599555336463369315e+01 1.993032990941111393e+01 1.449776300274175611e+01 9.890357678810151043e+00 6.221660764411384825e+00 3.521240849939045958e+00 1.733786211031761892e+00 7.217358766070119946e-01 2.824323495221485181e-01 1.853745596950052421e-01 2.201841185256178113e-01 2.421160697727640365e-01 1.990307254655364899e-01 1.189364886901005253e-01 5.625242449828167512e-02 3.345037653914870873e-02 2.959336829383261286e-02 2.115879450328731967e-02 1.167039075093659166e-02 8.685996786769616118e-03 6.244049783795474484e-03 3.901998612469917069e-03 2.900699781949095824e-03 1.806603833378937415e-03 1.547060376258713480e-03 8.849241313306245842e-04 8.089224149319670454e-04 5.956135215187744998e-04 4.159801972755841452e-04 3.902290538875955242e-04 3.387450494209699172e-04 2.943748481879326201e-04 2.684649975638197399e-04 2.536035474465491162e-04 2.443203306055962494e-04 2.363096000993338084e-04 2.311461365053948231e-04 2.284229099082255780e-04 2.260135534177939922e-04 2.243106931042944700e-04 2.232504387063461045e-04
2.236394156413205739e-04 2.248170886627879261e-04 2.267124774983278045e-04 2.294304962746992365e-04 2.325722343853398131e-04 2.386197120652914963e-04 2.481506775117589222e-04 2.594279697867299872e-04 2.774882288324335760e-04 3.092345776392969913e-04 3.644566283579661180e-04 4.296478879064486844e-04 4.643661257501848069e-04 6.960573885767871007e-04 9.670941947742868082e-04 1.064639775968888140e-03 1.903584066502844946e-03 2.228556739209179138e-03 3.605770415341052245e-03 4.852868007516861031e-03 7.752076390759042417e-03 1.074495199390165801e-02 1.428772815811579604e-02 2.574638037521631562e-02 3.577941680201214558e-02 3.986495339831040707e-02 6.568735889240726045e-02 1.359712366046002541e-01 2.225102660613337557e-01 2.642162107151468375e-01 2.350817191177586030e-01 1.972045698045717665e-01 2.985272678225108223e-01 7.252838803296514092e-01 1.639946836870869173e+00 3.140732653491492776e+00 5.254036337763698050e+00 7.941998386213791505e+00 1.111346114711619748e+01 1.464268418209994671e+01 1.839644959775655408e+01 2.225909966288352138e+01 2.614513026546849161e+01 2.999799866445739838e+01 3.378108540269872861e+01 3.746781297896871621e+01 4.103501266994879870e+01 4.446031044247335728e+01 4.772238569487750937e+01 5.080250711869823022e+01 5.240138532232253965e+01 5.565947535581417327e+01 5.897558851718360984e+01 6.231547428289471924e+01 6.563646841690625422e+01 6.888799667689696093e+01 7.201268350867191259e+01 7.494805315522667399e+01 7.762875882814286399e+01 7.998922602898649359e+01 8.196655391572841154e+01 8.350348837633120525e+01 8.455126568343227689e+01 8.507212820497666428e+01 8.504133378375330210e+01 8.444851638214603895e+01 8.329830406180734315e+01 8.161015668813269031e+01 7.941744451102223934e+01 7.676584441845599827e+01 7.528507746325746552e+01 7.210181593986433768e+01 6.826377660495145960e+01 6.373802164482389543e+01 5.852853794238759377e+01 5.268983220998131856e+01 4.633759629489335197e+01 3.965200301226511925e+01 3.286919560730163425e+01 2.625889336535611207e+01 2.009110236872706068e+01 1.460078672154202017e+01 9.961439583746141579e+00 6.272744359008291859e+00 3.557082736562535707e+00 1.756533937536243872e+00 7.330306612389981824e-01 2.846243476873737688e-01 1.820316936640660466e-01 2.152099785182441383e-01 2.382995977239933949e-01 1.972769099367601142e-01 1.185702592079203588e-01 5.621798517230227471e-02 3.332416321196941117e-02 2.949708655561722459e-02 2.115516127601166363e-02 1.167086322152848313e-02 8.677264971665503770e-03 6.249201313970931954e-03 3.907117446411788493e-03 2.909207393700832377e-03 1.812582542482486531e-03 1.554104692050901557e-03 8.887673229275512869e-04 8.139552462140089203e-04 5.991107380163117205e-04 4.181511760230197431e-04 3.924329317661233094e-04 3.407507228909538183e-04 2.962030334766646198e-04 2.701823477318071576e-04 2.551704803658773769e-04 2.457146785198766905e-04 2.374172574279583654e-04 2.320153488900631280e-04 2.291623424584257520e-04 2.265907483800693790e-04 2.247521502692327589e-04 2.235936936751628957e-04
2.239684232910216807e-04 2.252386081179582255e-04 2.272537164916117150e-04 2.301002096353062752e-04 2.333198019583360627e-04 2.395195606876990096e-04 2.491699431717334079e-04 2.603517717576801435e-04 2.780588268722884943e-04 3.089153267860214125e-04 3.625066628224802396e-04 4.257183187613352042e-04 4.594143953681917476e-04 6.857456051827319184e-04 9.516813266497371098e-04 1.045650724089161642e-03 1.865884981363524243e-03 2.181555513875828561e-03 3.528427114055066819e-03 4.746544850965899419e-03 7.587731922581691067e-03 1.050690609223280635e-02 1.399968599269914640e-02 2.523846582856458312e-02 3.501150371088681407e-02 3.907575448790689271e-02 6.479538509429907944e-02 1.342784476021620099e-01 2.193235327455490546e-01 2.596425460683743358e-01 2.302760552302574870e-01 1.942488571749313442e-01 3.013323025462136817e-01 7.418656539805591477e-01 1.686685219238702071e+00 3.247936387040352368e+00 5.468317662610415297e+00 8.322398698725034905e+00 1.172420476794007627e+01 1.554739003062219993e+01 1.965525136114694149e+01 2.392685292339995229e+01 2.826882162323376946e+01 3.261324125886752512e+01 3.690889279326202654e+01 4.111289528808138982e+01 4.518611983923247521e+01 4.909237831049788525e+01 5.279980681418621202e+01 5.628277981620882287e+01 5.808223329735123741e+01 6.172750415339606178e+01 6.540332965893176720e+01 6.906461362721344699e+01 7.265803865281152696e+01 7.612311870903842248e+01 7.939386175214050922e+01 8.240098929126472171e+01 8.507460834110344194e+01 8.734718560271912224e+01 8.915663903591629946e+01 9.044934216450209874e+01 9.118283402567860207e+01 9.132804339863956500e+01 9.087086869310736859e+01 8.981300172121402170e+01 8.817194011449555546e+01 8.598019399597647805e+01 8.328375191007971523e+01 8.013992344723239114e+01 7.842060542213093299e+01 7.478735150145361388e+01 7.049263415596469429e+01 6.551827027530488579e+01 5.988558295880049087e+01 5.366728068157603104e+01 4.699541045817261420e+01 4.006128112459129653e+01 3.310381870631761103e+01 2.638566655220098767e+01 2.016134346262480648e+01 1.464652799271207151e+01 9.997618442883105416e+00 6.303492260158545690e+00 3.582015311211097064e+00 1.774273712129804448e+00 7.426719528649113888e-01 2.868577492141978214e-01 1.795087015850708456e-01 2.113066708404426342e-01 2.354397095633051495e-01 1.961550772335654558e-01 1.185105878038992394e-01 5.632031311031626686e-02 3.329835902692137445e-02 2.948620658607625095e-02 2.120166291742254377e-02 1.170009629017049538e-02 8.693812163064145934e-03 6.272364656233139768e-03 3.923806323841307238e-03 2.925485719045612353e-03 1.822945042919657923e-03 1.564561860974754068e-03 8.943363508793448092e-04 8.202652353788737619e-04 6.032877930952766123e-04 4.205977900160989651e-04 3.950043218902184335e-04 3.432240914916254116e-04 2.984049245171397627e-04 2.721545305034966380e-04 2.568830652142695451e-04 2.471713585144965958e-04 2.385370255154134684e-04 2.328772732181268201e-04 2.298940705404437304e-04 2.271596354673556821e-04 2.251853999568164517e-04 2.239287400596939480e-04
2.242737345091392058e-04 2.256327912024297963e-04 2.277639251605208595e-04 2.307356671569473416e-04 2.340297229413808235e-04 2.403892141520945817e-04 2.501990472914746044e-04 2.613745135627368061e-04 2.788694563590965654e-04 3.090257453838878487e-04 3.611623826354316900e-04 4.223067912799904292e-04 4.547263654807706169e-04 6.757356892657914770e-04 9.365287392925596274e-04 1.027138795491009575e-03 1.828888686921513245e-03 2.135579226192047594e-03 3.452004394398385315e-03 4.641011030235748375e-03 7.422082098853066343e-03 1.026773026067309344e-02 1.370565463935306295e-02 2.471699632401752611e-02 3.423664158342533403e-02 3.827534385477937562e-02 6.382823748294294552e-02 1.324203258410470707e-01 2.159547167944841639e-01 2.550083655898044976e-01 2.255606217143218961e-01 1.912274457156382668e-01 3.029924750678675838e-01 7.545165773958857347e-01 1.724376002913635908e+00 3.338147189863167164e+00 5.654348570602026669e+00 8.660113851069432656e+00 1.227625352362272793e+01 1.637876167055204490e+01 2.083045436120315230e+01 2.550672874939889567e+01 3.030591298191817273e+01 3.514659149098239510e+01 3.996002648538399882e+01 4.468423865814717288e+01 4.926207335302298418e+01 5.364241766548460078e+01 5.778264531102979618e+01 6.165069228687784175e+01 6.363911787290293631e+01 6.764277453991769562e+01 7.164181869185760831e+01 7.558036521802365826e+01 7.939494070674864190e+01 8.301609901857601415e+01 8.637061982766246615e+01 8.938419592488658338e+01 9.198446664870189693e+01 9.410421602610598768e+01 9.568452946167013806e+01 9.667769519561666414e+01 9.704964764356630269e+01 9.678177860022628920e+01 9.587198671581990084e+01 9.433489157345833576e+01 9.220120084587280473e+01 8.951628151739686245e+01 8.633804319085498946e+01 8.273428791013962780e+01 8.079600076583388102e+01 7.675701086411326912e+01 7.206111277989377584e+01 6.670458467208004549e+01 6.072463669200793390e+01 5.420934336542440946e+01 4.730288164047173893e+01 4.020245893280125671e+01 3.314437768758953240e+01 2.637983654042024284e+01 2.014571725291484938e+01 1.463903048559570585e+01 1.000190413833533043e+01 6.315943799559213367e+00 3.597279654601686083e+00 1.787619586179137077e+00 7.508610175227218297e-01 2.891565111966472590e-01 1.778104013060330113e-01 2.085074159157016549e-01 2.335827286740856379e-01 1.956996257943980633e-01 1.187736535256068149e-01 5.656485661532276166e-02 3.337646467561970060e-02 2.956662625687564785e-02 2.130432796098021345e-02 1.176174405892162905e-02 8.738060031973117481e-03 6.314638155106197005e-03 3.952225311308898981e-03 2.949469182354657985e-03 1.837638926083820469e-03 1.578416110023689398e-03 9.015905301360872294e-04 8.277764111506090124e-04 6.080796076792982421e-04 4.232718227043461836e-04 3.978388942188343640e-04 3.459951897131578183e-04 3.008064053079215899e-04 2.742284676345114677e-04 2.586200702947679319e-04 2.485992813675453749e-04 2.396067756571516633e-04 2.336882816265172349e-04 2.305821743952860632e-04 2.276929731362221725e-04 2.255901542672740176e-04 2.242404447465856773e-04
2.245400006564807985e-04 2.259786091254798704e-04 2.282144497951796118e-04 2.312994482424338073e-04 2.346574494895279142e-04 2.411623468951765441e-04 2.511345145452097420e-04 2.623516477424149584e-04 2.797314740908918382e-04 3.093509442216455440e-04 3.602297542815905795e-04 4.193498031119470212e-04 4.503389924646853553e-04 6.661190089025533466e-04 9.217426642062583790e-04 1.009220511368204634e-03 1.792920394572633178e-03 2.091125112525394052e-03 3.377539221781779288e-03 4.537795657485540687e-03 7.257905299755952958e-03 1.003147645110054505e-02 1.341147870359091047e-02 2.419396415343078380e-02 3.347177180477179520e-02 3.748147454488712921e-02 6.281495006326190400e-02 1.304600661707492892e-01 2.125153218005815525e-01 2.504568831787477579e-01 2.210686850974680762e-01 1.882350629650221818e-01 3.036052807487947258e-01 7.635029137022065759e-01 1.753633517895187399e+00 3.412223198266616020e+00 5.812654221175577618e+00 8.954368338908945901e+00 1.276630593086623833e+01 1.712942925398434468e+01 2.190856437426995740e+01 2.697644689451201216e+01 3.222223591176234692e+01 3.754883002423137128e+01 4.286743068188666683e+01 4.809488841740933651e+01 5.315485881901778242e+01 5.798110551026388748e+01 6.252081936293547670e+01 6.673657225893980183e+01 6.889232606437072093e+01 7.320563030132517213e+01 7.747214026913569285e+01 8.162586793634163485e+01 8.559431531887003075e+01 8.930063265699163821e+01 9.266629990880251455e+01 9.561419812866439827e+01 9.807189482216584508e+01 9.997493788480846888e+01 1.012699398395799619e+02 1.019172397790776614e+02 1.018929547896756702e+02 1.011902738341860299e+02 9.981990145971371931e+01 9.780962124740185004e+01 9.520301375684495326e+01 9.205742477636283638e+01 8.844133138579778119e+01 8.443129116594208483e+01 8.230387307663013985e+01 7.792254429856424736e+01 7.290002635527353902e+01 6.724601615894829365e+01 6.101132429005556901e+01 5.429573627574277594e+01 4.725068516114622952e+01 4.007373247856635601e+01 3.299331539622698273e+01 2.624546556716027013e+01 2.004823819604048296e+01 1.458154876639176045e+01 9.976712070596239101e+00 6.311801559575680010e+00 3.603953682579811968e+00 1.797105020936596409e+00 7.577581990154084179e-01 2.915239963837603088e-01 1.769222947512579247e-01 2.068171360474766185e-01 2.327431995537328213e-01 1.959209603783201303e-01 1.193639352678085158e-01 5.695341362878764829e-02 3.356086357528128422e-02 2.974304373988371705e-02 2.146783539542409386e-02 1.185833679489973168e-02 8.811384076139036278e-03 6.376384699444789111e-03 3.992213737650874943e-03 2.980966761276926738e-03 1.856569727485802256e-03 1.595596618619917568e-03 9.104640452557917788e-04 8.364082269445165295e-04 6.134389367460014097e-04 4.261264237555755841e-04 4.008059196290356379e-04 3.488555002499111766e-04 3.032085315041287013e-04 2.762390374537827061e-04 2.602565318027820376e-04 2.499081212941377315e-04 2.405659359461387184e-04 2.344054393648467539e-04 2.311900876263124161e-04 2.281629539218943447e-04 2.259458393628083087e-04 2.245135264025949586e-04
2.247530154204129471e-04 2.262565351412241231e-04 2.285783644600637514e-04 2.317561095013769142e-04 2.351620267785873729e-04 2.417796950356162090e-04 2.518835082309671316e-04 2.631485736808544438e-04 2.804595417265090757e-04 3.096613248675748192e-04 3.594704279898932806e-04 4.167238983232887228e-04 4.462548095655872972e-04 6.569707149598524908e-04 9.074270774267833390e-04 9.920132429429311029e-04 1.758297019774355359e-03 2.048656589535387349e-03 3.305997946568115312e-03 4.438374534547088156e-03 7.098043698055079946e-03 9.802469883090535879e-03 1.312349199781568700e-02 2.368207558132499543e-02 3.273468236507064838e-02 3.671304854226083852e-02 6.178701978719596671e-02 1.284652985104403622e-01 2.091222868028618231e-01 2.461355636563535010e-01 2.169362927062324642e-01 1.853745447196872009e-01 3.033061427682643973e-01 7.692015406794048271e-01 1.775318809154268429e+00 3.471529830474438860e+00 5.944752525881712657e+00 9.206130804279075264e+00 1.319369913194896071e+01 1.779542776887695155e+01 2.287984192028968522e+01 2.831725132085301411e+01 3.398635510950250449e+01 3.977229205815014268e+01 4.556428509171900743e+01 5.125690800502565025e+01 5.675454959483288775e+01 6.197667234225423272e+01 6.686169945484070354e+01 7.136851322804672293e+01 7.366023828316339461e+01 7.821553398249398015e+01 8.267603836311158716e+01 8.696697674685199786e+01 9.100856234718864357e+01 9.471864165671210856e+01 9.801577266407515765e+01 1.008225678058331312e+02 1.030690996166519966e+02 1.046961488847641562e+02 1.056580753212255672e+02 1.059251100513645696e+02 1.054849063976526082e+02 1.043432373204764474e+02 1.025237898216520165e+02 1.000670728359361021e+02 9.702851945022074176e+01 9.347592076481950585e+01 8.948637231321686158e+01 8.514294108321276155e+01 8.286527294016735823e+01 7.822149229346611321e+01 7.296278919705278554e+01 6.711055802432255746e+01 6.072623081848673365e+01 5.391705569766356376e+01 4.683649332888916206e+01 3.967692942558873170e+01 3.265413852109362125e+01 2.598606278815306680e+01 1.987166304342932222e+01 1.447605578180083974e+01 9.923496328530795552e+00 6.292174561774807273e+00 3.602788494947492648e+00 1.803095671821731916e+00 7.634483023195807183e-01 2.939341575023789455e-01 1.768094823614076438e-01 2.062124692312874985e-01 2.329037860462080944e-01 1.968050726860119670e-01 1.202734429725008936e-01 5.748331805674204015e-02 3.385200234549386178e-02 3.001801580123858101e-02 2.169479054373470162e-02 1.199096927234995745e-02 8.914024808928559113e-03 6.457267307123215790e-03 4.043345801668087221e-03 3.019688798333183821e-03 1.879602405673138927e-03 1.615977126256089563e-03 9.208702874572538121e-04 8.460809752430224371e-04 6.193389862736222188e-04 4.291240415144800249e-04 4.037728232593732120e-04 3.515910936426891453e-04 3.054136561371322955e-04 2.780269499834028260e-04 2.616750470674024430e-04 2.510151763575618495e-04 2.413597067598862562e-04 2.349896466551768166e-04 2.316836324343485678e-04 2.285435219065880936e-04 2.262332626670893600e-04 2.247337647111942070e-04
2.249008904832529906e-04 2.264501938917628089e-04 2.288328435185768670e-04 2.320752664822538420e-04 2.355089990291895296e-04 2.421927902539190670e-04 2.523703281437151332e-04 2.636523528297841771e-04 2.808915608193182493e-04 3.097432696786000541e-04 3.586417915338603038e-04 4.142743207558302740e-04 4.424478165940289422e-04 6.483433517591198885e-04 8.936802319712757337e-04 9.756362746234908262e-04 1.725330091217217553e-03 2.008599868237111348e-03 3.238260322456465359e-03 4.344141765497022689e-03 6.945321932351125084e-03 9.585143730994994532e-03 1.284821778114861660e-02 2.319405874069665335e-02 3.204295976656397482e-02 3.598894630583991672e-02 6.077666046798719385e-02 1.265051977407233297e-01 2.058941490242233718e-01 2.421923081850982373e-01 2.132994637708327534e-01 1.827541513578619659e-01 3.022567433446250451e-01 7.720543990115306121e-01 1.790425516569493558e+00 3.517730409834326721e+00 6.052839125857101266e+00 9.417695502184233902e+00 1.355990824066915224e+01 1.837568304024355470e+01 2.373792240592723601e+01 2.951389909780736431e+01 3.557022392458706861e+01 4.177250515326826275e+01 4.798691029586701973e+01 5.408577058938234927e+01 5.995531900827715788e+01 6.550258409555793548e+01 7.065943487996210592e+01 7.538326302386192879e+01 7.777101995098443865e+01 8.248435639975126321e+01 8.705075033637992021e+01 9.138853530684255588e+01 9.541289367594842474e+01 9.903890116705031232e+01 1.021848869684247632e+02 1.047759135960391887e+02 1.067471574322995451e+02 1.080469654145210967e+02 1.086393770993407770e+02 1.085059336932233833e+02 1.076466440719964908e+02 1.060800380549944180e+02 1.038423037243398426e+02 1.009855721935005164e+02 9.757547375437769688e+01 9.368813828554873169e+01 8.940684598459151289e+01 8.481854940252654274e+01 8.243661211440984005e+01 7.762275877991146444e+01 7.222966861078916168e+01 6.628815886571337046e+01 5.986681575003547806e+01 5.307578809737772474e+01 4.606531251786136494e+01 3.901741444725563923e+01 3.213110683581410143e+01 2.560421578068324422e+01 1.961715123317805620e+01 1.432295798354362049e+01 9.842515988114314496e+00 6.257393510939682990e+00 3.594079741707163933e+00 1.805719091913052798e+00 7.679140322481694536e-01 2.963259731823250087e-01 1.774169767560118127e-01 2.066431152489281164e-01 2.340165703068504410e-01 1.983141001595360442e-01 1.214813734418227625e-01 5.814674700027987198e-02 3.424763629577469437e-02 3.039116449483540358e-02 2.198519320118964837e-02 1.215913137288716570e-02 9.045091633392558783e-03 6.556319587934986842e-03 4.104982751460564856e-03 3.065263822104453886e-03 1.906560987876569462e-03 1.639379630083665417e-03 9.327068203178284734e-04 8.567182375224805446e-04 6.257719465853769317e-04 4.322438184825977935e-04 4.066317450635842509e-04 3.540177929459644053e-04 3.072521356851970107e-04 2.794564826749532582e-04 2.627766953888007340e-04 2.518518118862112399e-04 2.419430678643930577e-04 2.354087413630637866e-04 2.320341173200764998e-04 2.288127009488207192e-04 2.264362611294542670e-04 2.248891959299272655e-04
2.249750838592615013e-04 2.265477889847690223e-04 2.289612460534603405e-04 2.322344140376417362e-04 2.356730737189278719e-04 2.423670892925228713e-04 2.525414794493192287e-04 2.637811428761456891e-04 2.809054587801128799e-04 3.094267024183335827e-04 3.575361039372227474e-04 4.118477312505606624e-04 4.388743742963107015e-04 6.402652354494995203e-04 8.805925546097047611e-04 9.602110189243795186e-04 1.694325809932264266e-03 1.971341669504667569e-03 3.175112198872153020e-03 4.256392762927106374e-03 6.802468324764723677e-03 9.383848950947024439e-03 1.259201392398943443e-02 2.274191137114245018e-02 3.141292191942753054e-02 3.532686042675859533e-02 5.981498251248331538e-02 1.246473018020822082e-01 2.029466194136118895e-01 2.387708528195018332e-01 2.102906098256490941e-01 1.804839292965497166e-01 3.006312546137527852e-01 7.725191125802264303e-01 1.799958858151657015e+00 3.552557701809021751e+00 6.139418634051130752e+00 9.592146551495687845e+00 1.386784738119534843e+01 1.887122611057371913e+01 2.447912447104141620e+01 3.055434282115612987e+01 3.694957955560813190e+01 4.350963645230216059e+01 5.007755389956336955e+01 5.650468492644821339e+01 6.266140897860777415e+01 6.844516517483270945e+01 7.378416852263315207e+01 7.863691458635474874e+01 8.107405662645443556e+01 8.584926079678976407e+01 9.042324508163433450e+01 9.470982299995000631e+01 9.862179718503543313e+01 1.020742875071509133e+02 1.049882368088382805e+02 1.072938796192574529e+02 1.089339481406212684e+02 1.098663976882329791e+02 1.100664606918466291e+02 1.095278824228920342e+02 1.082632490655052209e+02 1.063033844164442741e+02 1.036958593041925809e+02 1.005027214584161754e+02 9.679760720155439913e+01 9.266243523949081862e+01 8.818390386025029670e+01 8.345001476844090860e+01 8.101436226754212555e+01 7.613026260723974303e+01 7.071045493171828866e+01 6.479252141021926548e+01 5.844849211634334551e+01 5.178685094275304124e+01 4.494967590967348769e+01 3.810410525549735183e+01 3.142919727556007459e+01 2.510156417807024809e+01 1.928425125105147941e+01 1.412106750848441017e+01 9.732773996545647677e+00 6.206927381436821101e+00 3.577593195500678558e+00 1.804821497035181688e+00 7.710213234013515438e-01 2.986019771331050454e-01 1.786714027702303031e-01 2.080343685692768729e-01 2.360056501637478321e-01 2.003879005150832060e-01 1.229543418015791867e-01 5.893030059497386675e-02 3.474226516765405171e-02 3.085864133351191863e-02 2.233615784024765849e-02 1.236069001919995296e-02 9.202646446877668640e-03 6.672035888208889889e-03 4.176315198643315227e-03 3.117245586254265011e-03 1.937227592455077968e-03 1.665581649249275615e-03 9.458603233989706623e-04 8.682464814849702017e-04 6.327436482631710723e-04 4.354863861612661693e-04 4.093226158935615150e-04 3.560126043714053039e-04 3.086060546872696929e-04 2.804311393126276085e-04 2.634905881688356976e-04 2.523689937483257549e-04 2.422842134597141242e-04 2.356401959280489996e-04 2.322210957252067985e-04 2.289546575058497779e-04 2.265431474434344446e-04 2.249711608824584764e-04
2.249711608824584764e-04 2.265431474434344446e-04 2.289546575058497779e-04 2.322210957252067714e-04 2.356401959280489996e-04 2.422842134597141242e-04 2.523689937483257549e-04 2.634905881688356976e-04 2.804311393126276085e-04 3.086060546872696929e-04 3.560126043714053039e-04 4.093226158935615150e-04 4.354863861612661693e-04 6.327436482631710723e-04 8.682464814849702017e-04 9.458603233989706623e-04 1.665581649249275615e-03 1.937227592455077968e-03 3.117245586254265011e-03 4.176315198643315227e-03 6.672035888208889889e-03 9.202646446877668640e-03 1.236069001919995296e-02 2.233615784024765849e-02 3.085864133351191863e-02 3.474226516765404477e-02 5.893030059497386675e-02 1.229543418015791867e-01 2.003879005150832060e-01 2.360056501637478044e-01 2.080343685692768729e-01 1.786714027702303031e-01 2.986019771331050454e-01 7.710213234013515438e-01 1.804821497035181688e+00 3.577593195500678558e+00 6.206927381436821101e+00 9.732773996545647677e+00 1.412106750848441017e+01 1.928425125105147941e+01 2.510156417807024809e+01 3.142919727556008169e+01 3.810410525549735894e+01 4.494967590967348769e+01 5.178685094275304124e+01 5.844849211634334551e+01 6.479252141021926548e+01 7.071045493171828866e+01 7.613026260723974303e+01 8.101436226754212555e+01 8.345001476844090860e+01 8.818390386025029670e+01 9.266243523949081862e+01 9.679760720155439913e+01 1.005027214584161754e+02 1.036958593041925809e+02 1.063033844164442741e+02 1.082632490655052493e+02 1.095278824228920342e+02 1.100664606918466291e+02 1.098663976882329791e+02 1.089339481406212684e+02 1.072938796192574529e+02 1.049882368088382805e+02 1.020742875071509133e+02 9.862179718503543313e+01 9.470982299995000631e+01 9.042324508163433450e+01 8.584926079678976407e+01 8.107405662645443556e+01 7.863691458635474874e+01 7.378416852263313785e+01 6.844516517483270945e+01 6.266140897860777415e+01 5.650468492644821339e+01 5.007755389956336955e+01 4.350963645230215349e+01 3.694957955560813190e+01 3.055434282115612987e+01 2.447912447104141265e+01 1.887122611057371913e+01 1.386784738119534843e+01 9.592146551495687845e+00 6.139418634051130752e+00 3.552557701809022195e+00 1.799958858151657015e+00 7.725191125802264303e-01 3.006312546137527852e-01 1.804839292965497166e-01 2.102906098256490941e-01 2.387708528195018332e-01 2.029466194136118895e-01 1.246473018020821943e-01 5.981498251248331538e-02 3.532686042675859533e-02 3.141292191942753054e-02 2.274191137114245018e-02 1.259201392398943443e-02 9.383848950947024439e-03 6.802468324764723677e-03 4.256392762927106374e-03 3.175112198872153020e-03 1.971341669504667569e-03 1.694325809932264266e-03 9.602110189243795186e-04 8.805925546097047611e-04 6.402652354494995203e-04 4.388743742963107015e-04 4.118477312505606624e-04 3.575361039372227474e-04 3.094267024183335827e-04 2.809054587801128799e-04 2.637811428761456891e-04 2.525414794493191744e-04 2.423670892925228713e-04 2.356730737189278719e-04 2.322344140376417362e-04 2.289612460534603405e-04 2.265477889847690223e-04 2.249750838592615013e-04
2.248891959299272655e-04 2.264362611294542670e-04 2.288127009488207192e-04 2.320341173200764727e-04 2.354087413630637866e-04 2.419430678643930848e-04 2.518518118862112399e-04 2.627766953888007340e-04 2.794564826749532582e-04 3.072521356851970107e-04 3.540177929459644053e-04 4.066317450635842509e-04 4.322438184825977935e-04 6.257719465853769317e-04 8.567182375224805446e-04 9.327068203178284734e-04 1.639379630083665417e-03 1.906560987876569462e-03 3.065263822104453886e-03 4.104982751460564856e-03 6.556319587934986842e-03 9.045091633392560518e-03 1.215913137288716570e-02 2.198519320118964837e-02 3.039116449483540358e-02 3.424763629577468743e-02 5.814674700027987198e-02 1.214813734418227625e-01 1.983141001595360442e-01 2.340165703068504410e-01 2.066431152489281164e-01 1.774169767560118127e-01 2.963259731823250087e-01 7.679140322481694536e-01 1.805719091913052798e+00 3.594079741707163933e+00 6.257393510939682990e+00 9.842515988114314496e+00 1.432295798354362226e+01 1.961715123317805620e+01 2.560421578068324422e+01 3.213110683581410143e+01 3.901741444725563923e+01 4.606531251786136494e+01 5.307578809737772474e+01 5.986681575003547806e+01 6.628815886571337046e+01 7.222966861078916168e+01 7.762275877991146444e+01 8.243661211440984005e+01 8.481854940252654274e+01 8.940684598459151289e+01 9.368813828554874590e+01 9.757547375437769688e+01 1.009855721935005164e+02 1.038423037243398426e+02 1.060800380549944180e+02 1.076466440719964908e+02 1.085059336932233833e+02 1.086393770993407770e+02 1.080469654145210967e+02 1.067471574322995451e+02 1.047759135960391887e+02 1.021848869684247632e+02 9.903890116705031232e+01 9.541289367594841053e+01 9.138853530684255588e+01 8.705075033637989179e+01 8.248435639975124900e+01 7.777101995098443865e+01 7.538326302386190036e+01 7.065943487996209171e+01 6.550258409555792127e+01 5.995531900827715788e+01 5.408577058938234927e+01 4.798691029586701973e+01 4.177250515326826275e+01 3.557022392458706150e+01 2.951389909780735721e+01 2.373792240592723601e+01 1.837568304024354759e+01 1.355990824066915224e+01 9.417695502184233902e+00 6.052839125857100377e+00 3.517730409834326721e+00 1.790425516569493558e+00 7.720543990115306121e-01 3.022567433446250451e-01 1.827541513578619659e-01 2.132994637708327257e-01 2.421923081850981818e-01 2.058941490242233718e-01 1.265051977407233297e-01 6.077666046798719385e-02 3.598894630583991672e-02 3.204295976656397482e-02 2.319405874069665335e-02 1.284821778114861660e-02 9.585143730994994532e-03 6.945321932351125084e-03 4.344141765497022689e-03 3.238260322456465359e-03 2.008599868237111348e-03 1.725330091217217553e-03 9.756362746234908262e-04 8.936802319712757337e-04 6.483433517591198885e-04 4.424478165940289422e-04 4.142743207558302740e-04 3.586417915338603038e-04 3.097432696786000541e-04 2.808915608193182493e-04 2.636523528297841771e-04 2.523703281437150790e-04 2.421927902539190399e-04 2.355089990291895296e-04 2.320752664822538420e-04 2.288328435185768670e-04 2.264501938917628089e-04 2.249008904832529906e-04
2.247337647111942070e-04 2.262332626670893600e-04 2.285435219065880936e-04 2.316836324343485678e-04 2.349896466551767895e-04 2.413597067598862562e-04 2.510151763575618495e-04 2.616750470674024430e-04 2.780269499834028260e-04 3.054136561371322955e-04 3.515910936426891453e-04 4.037728232593732120e-04 4.291240415144800249e-04 6.193389862736222188e-04 8.460809752430224371e-04 9.208702874572538121e-04 1.615977126256089563e-03 1.879602405673138927e-03 3.019688798333183821e-03 4.043345801668087221e-03 6.457267307123215790e-03 8.914024808928559113e-03 1.199096927234995745e-02 2.169479054373470162e-02 3.001801580123858101e-02 3.385200234549386178e-02 5.748331805674204015e-02 1.202734429725008936e-01 1.968050726860119670e-01 2.329037860462080944e-01 2.062124692312874985e-01 1.768094823614076438e-01 2.939341575023789455e-01 7.634483023195807183e-01 1.803095671821731916e+00 3.602788494947492648e+00 6.292174561774807273e+00 9.923496328530795552e+00 1.447605578180083974e+01 1.987166304342932222e+01 2.598606278815306680e+01 3.265413852109362125e+01 3.967692942558873170e+01 4.683649332888916206e+01 5.391705569766356376e+01 6.072623081848673365e+01 6.711055802432255746e+01 7.296278919705278554e+01 7.822149229346611321e+01 8.286527294016735823e+01 8.514294108321276155e+01 8.948637231321686158e+01 9.347592076481950585e+01 9.702851945022074176e+01 1.000670728359361021e+02 1.025237898216520165e+02 1.043432373204764474e+02 1.054849063976526082e+02 1.059251100513645696e+02 1.056580753212255672e+02 1.046961488847641562e+02 1.030690996166519966e+02 1.008225678058331312e+02 9.801577266407515765e+01 9.471864165671210856e+01 9.100856234718864357e+01 8.696697674685199786e+01 8.267603836311158716e+01 7.821553398249398015e+01 7.366023828316339461e+01 7.136851322804672293e+01 6.686169945484070354e+01 6.197667234225423272e+01 5.675454959483288775e+01 5.125690800502565025e+01 4.556428509171900743e+01 3.977229205815014268e+01 3.398635510950250449e+01 2.831725132085301411e+01 2.287984192028968522e+01 1.779542776887695155e+01 1.319369913194896071e+01 9.206130804279075264e+00 5.944752525881712657e+00 3.471529830474438860e+00 1.775318809154268429e+00 7.692015406794048271e-01 3.033061427682643973e-01 1.853745447196872009e-01 2.169362927062324642e-01 2.461355636563535010e-01 2.091222868028618231e-01 1.284652985104403622e-01 6.178701978719596671e-02 3.671304854226083852e-02 3.273468236507064838e-02 2.368207558132499543e-02 1.312349199781568700e-02 9.802469883090535879e-03 7.098043698055079946e-03 4.438374534547088156e-03 3.305997946568115312e-03 2.048656589535387349e-03 1.758297019774355359e-03 9.920132429429311029e-04 9.074270774267833390e-04 6.569707149598524908e-04 4.462548095655872972e-04 4.167238983232887228e-04 3.594704279898932806e-04 3.096613248675748192e-04 2.804595417265090757e-04 2.631485736808544438e-04 2.518835082309671316e-04 2.417796950356162090e-04 2.351620267785873729e-04 2.317561095013769142e-04 2.285783644600637514e-04 2.262565351412241231e-04 2.247530154204129471e-04
2.245135264025949586e-04 2.259458393628083087e-04 2.281629539218943447e-04 2.311900876263124161e-04 2.344054393648467539e-04 2.405659359461387184e-04 2.499081212941377315e-04 2.602565318027820376e-04 2.762390374537827061e-04 3.032085315041287013e-04 3.488555002499111766e-04 4.008059196290356379e-04 4.261264237555755841e-04 6.134389367460014097e-04 8.364082269445165295e-04 9.104640452557917788e-04 1.595596618619917568e-03 1.856569727485802256e-03 2.980966761276926738e-03 3.992213737650874943e-03 6.376384699444789111e-03 8.811384076139036278e-03 1.185833679489973168e-02 2.146783539542409386e-02 2.974304373988371705e-02 3.356086357528128422e-02 5.695341362878764829e-02 1.193639352678085158e-01 1.959209603783201303e-01 2.327431995537328213e-01 2.068171360474766185e-01 1.769222947512579247e-01 2.915239963837603088e-01 7.577581990154084179e-01 1.797105020936596409e+00 3.603953682579811968e+00 6.311801559575680010e+00 9.976712070596239101e+00 1.458154876639176045e+01 2.004823819604048296e+01 2.624546556716027013e+01 3.299331539622698273e+01 4.007373247856635601e+01 4.725068516114622952e+01 5.429573627574277594e+01 6.101132429005556901e+01 6.724601615894829365e+01 7.290002635527353902e+01 7.792254429856424736e+01 8.230387307663013985e+01 8.443129116594208483e+01 8.844133138579778119e+01 9.205742477636283638e+01 9.520301375684495326e+01 9.780962124740185004e+01 9.981990145971371931e+01 1.011902738341860299e+02 1.018929547896756702e+02 1.019172397790776472e+02 1.012699398395799335e+02 9.997493788480845467e+01 9.807189482216584508e+01 9.561419812866439827e+01 9.266629990880251455e+01 8.930063265699163821e+01 8.559431531887003075e+01 8.162586793634163485e+01 7.747214026913569285e+01 7.320563030132517213e+01 6.889232606437072093e+01 6.673657225893980183e+01 6.252081936293547670e+01 5.798110551026388748e+01 5.315485881901778242e+01 4.809488841740933651e+01 4.286743068188666683e+01 3.754883002423137128e+01 3.222223591176234692e+01 2.697644689451201216e+01 2.190856437426995740e+01 1.712942925398434468e+01 1.276630593086623833e+01 8.954368338908945901e+00 5.812654221175577618e+00 3.412223198266616020e+00 1.753633517895187399e+00 7.635029137022065759e-01 3.036052807487947258e-01 1.882350629650221818e-01 2.210686850974680762e-01 2.504568831787477579e-01 2.125153218005815525e-01 1.304600661707492892e-01 6.281495006326190400e-02 3.748147454488712921e-02 3.347177180477179520e-02 2.419396415343078380e-02 1.341147870359091047e-02 1.003147645110054505e-02 7.257905299755952958e-03 4.537795657485540687e-03 3.377539221781779288e-03 2.091125112525394052e-03 1.792920394572633178e-03 1.009220511368204634e-03 9.217426642062583790e-04 6.661190089025533466e-04 4.503389924646853553e-04 4.193498031119470212e-04 3.602297542815905795e-04 3.093509442216455440e-04 2.797314740908918382e-04 2.623516477424149584e-04 2.511345145452097420e-04 2.411623468951765441e-04 2.346574494895279142e-04 2.312994482424338073e-04 2.282144497951796118e-04 2.259786091254798704e-04 2.245400006564808257e-04
2.242404447465856773e-04 2.255901542672740176e-04 2.276929731362221725e-04 2.305821743952860632e-04 2.336882816265172349e-04 2.396067756571516362e-04 2.485992813675453749e-04 2.586200702947679319e-04 2.742284676345114677e-04 3.008064053079215899e-04 3.459951897131578183e-04 3.978388942188343640e-04 4.232718227043461836e-04 6.080796076792982421e-04 8.277764111506090124e-04 9.015905301360872294e-04 1.578416110023689398e-03 1.837638926083820469e-03 2.949469182354657985e-03 3.952225311308898981e-03 6.314638155106197005e-03 8.738060031973117481e-03 1.176174405892162905e-02 2.130432796098021345e-02 2.956662625687564785e-02 3.337646467561970060e-02 5.656485661532276166e-02 1.187736535256068149e-01 1.956996257943980633e-01 2.335827286740856379e-01 2.085074159157016549e-01 1.778104013060330113e-01 2.891565111966472590e-01 7.508610175227218297e-01 1.787619586179137077e+00 3.597279654601686083e+00 6.315943799559213367e+00 1.000190413833533043e+01 1.463903048559570585e+01 2.014571725291484938e+01 2.637983654042024284e+01 3.314437768758953240e+01 4.020245893280125671e+01 4.730288164047173893e+01 5.420934336542440946e+01 6.072463669200793390e+01 6.670458467208004549e+01 7.206111277989377584e+01 7.675701086411326912e+01 8.079600076583388102e+01 8.273428791013962780e+01 8.633804319085498946e+01 8.951628151739686245e+01 9.220120084587280473e+01 9.433489157345833576e+01 9.587198671581990084e+01 9.678177860022628920e+01 9.704964764356630269e+01 9.667769519561666414e+01 9.568452946167013806e+01 9.410421602610598768e+01 9.198446664870189693e+01 8.938419592488658338e+01 8.637061982766246615e+01 8.301609901857601415e+01 7.939494070674864190e+01 7.558036521802365826e+01 7.164181869185760831e+01 6.764277453991769562e+01 6.363911787290293631e+01 6.165069228687784175e+01 5.778264531102979618e+01 5.364241766548460078e+01 4.926207335302298418e+01 4.468423865814717288e+01 3.996002648538399882e+01 3.514659149098239510e+01 3.030591298191817273e+01 2.550672874939889567e+01 2.083045436120315230e+01 1.637876167055204490e+01 1.227625352362272793e+01 8.660113851069432656e+00 5.654348570602026669e+00 3.338147189863167164e+00 1.724376002913635908e+00 7.545165773958857347e-01 3.029924750678675838e-01 1.912274457156382668e-01 2.255606217143218961e-01 2.550083655898044976e-01 2.159547167944841639e-01 1.324203258410470707e-01 6.382823748294294552e-02 3.827534385477937562e-02 3.423664158342533403e-02 2.471699632401752611e-02 1.370565463935306295e-02 1.026773026067309344e-02 7.422082098853066343e-03 4.641011030235748375e-03 3.452004394398385315e-03 2.135579226192047594e-03 1.828888686921513245e-03 1.027138795491009575e-03 9.365287392925596274e-04 6.757356892657914770e-04 4.547263654807706169e-04 4.223067912799904292e-04 3.611623826354316900e-04 3.090257453838878487e-04 2.788694563590965654e-04 2.613745135627368061e-04 2.501990472914746044e-04 2.403892141520945817e-04 2.340297229413808235e-04 2.307356671569473416e-04 2.277639251605208595e-04 2.256327912024297963e-04 2.242737345091392058e-04
2.239287400596939480e-04 2.251853999568164517e-04 2.271596354673556821e-04 2.298940705404437304e-04 2.328772732181268201e-04 2.385370255154134684e-04 2.471713585144965958e-04 2.568830652142695451e-04 2.721545305034966380e-04 2.984049245171397627e-04 3.432240914916254116e-04 3.950043218902184335e-04 4.205977900160989651e-04 6.032877930952766123e-04 8.202652353788737619e-04 8.943363508793448092e-04 1.564561860974754068e-03 1.822945042919657923e-03 2.925485719045612353e-03 3.923806323841307238e-03 6.272364656233139768e-03 8.693812163064145934e-03 1.170009629017049538e-02 2.120166291742254377e-02 2.948620658607625095e-02 3.329835902692137445e-02 5.632031311031626686e-02 1.185105878038992394e-01 1.961550772335654558e-01 2.354397095633051495e-01 2.113066708404426342e-01 1.795087015850708456e-01 2.868577492141978214e-01 7.426719528649113888e-01 1.774273712129804448e+00 3.582015311211097064e+00 6.303492260158545690e+00 9.997618442883105416e+00 1.464652799271207151e+01 2.016134346262480648e+01 2.638566655220098767e+01 3.310381870631761103e+01 4.006128112459129653e+01 4.699541045817261420e+01 5.366728068157603104e+01 5.988558295880049087e+01 6.551827027530488579e+01 7.049263415596469429e+01 7.478735150145361388e+01 7.842060542213093299e+01 8.013992344723239114e+01 8.328375191007971523e+01 8.598019399597647805e+01 8.817194011449555546e+01 8.981300172121402170e+01 9.087086869310736859e+01 9.132804339863956500e+01 9.118283402567860207e+01 9.044934216450209874e+01 8.915663903591629946e+01 8.734718560271912224e+01 8.507460834110344194e+01 8.240098929126472171e+01 7.939386175214050922e+01 7.612311870903842248e+01 7.265803865281152696e+01 6.906461362721344699e+01 6.540332965893176720e+01 6.172750415339606178e+01 5.808223329735123741e+01 5.628277981620882287e+01 5.279980681418621202e+01 4.909237831049788525e+01 4.518611983923247521e+01 4.111289528808138982e+01 3.690889279326202654e+01 3.261324125886752512e+01 2.826882162323376946e+01 2.392685292339995229e+01 1.965525136114694149e+01 1.554739003062219993e+01 1.172420476794007627e+01 8.322398698725034905e+00 5.468317662610415297e+00 3.247936387040352368e+00 1.686685219238702071e+00 7.418656539805591477e-01 3.013323025462136817e-01 1.942488571749313442e-01 2.302760552302574870e-01 2.596425460683743358e-01 2.193235327455490546e-01 1.342784476021620099e-01 6.479538509429907944e-02 3.907575448790689271e-02 3.501150371088681407e-02 2.523846582856458312e-02 1.399968599269914640e-02 1.050690609223280635e-02 7.587731922581691067e-03 4.746544850965899419e-03 3.528427114055066819e-03 2.181555513875828561e-03 1.865884981363524243e-03 1.045650724089161642e-03 9.516813266497371098e-04 6.857456051827319184e-04 4.594143953681917476e-04 4.257183187613352042e-04 3.625066628224802396e-04 3.089153267860214125e-04 2.780588268722884943e-04 2.603517717576801435e-04 2.491699431717334079e-04 2.395195606876990096e-04 2.333198019583360627e-04 2.301002096353062752e-04 2.272537164916117150e-04 2.252386081179582255e-04 2.239684232910216807e-04
2.235936936751628957e-04 2.247521502692327589e-04 2.265907483800693790e-04 2.291623424584257520e-04 2.320153488900631280e-04 2.374172574279583383e-04 2.457146785198766905e-04 2.551704803658773769e-04 2.701823477318071576e-04 2.962030334766646198e-04 3.407507228909538183e-04 3.924329317661233094e-04 4.181511760230197431e-04 5.991107380163117205e-04 8.139552462140089203e-04 8.887673229275512869e-04 1.554104692050901557e-03 1.812582542482486531e-03 2.909207393700832377e-03 3.907117446411788493e-03 6.249201313970931954e-03 8.677264971665503770e-03 1.167086322152848313e-02 2.115516127601166363e-02 2.949708655561722459e-02 3.332416321196941117e-02 5.621798517230227471e-02 1.185702592079203588e-01 1.972769099367601142e-01 2.382995977239933949e-01 2.152099785182441383e-01 1.820316936640660466e-01 2.846243476873737688e-01 7.330306612389981824e-01 1.756533937536243872e+00 3.557082736562535707e+00 6.272744359008291859e+00 9.961439583746141579e+00 1.460078672154202017e+01 2.009110236872706068e+01 2.625889336535611207e+01 3.286919560730163425e+01 3.965200301226511925e+01 4.633759629489335197e+01 5.268983220998131856e+01 5.852853794238759377e+01 6.373802164482389543e+01 6.826377660495145960e+01 7.210181593986433768e+01 7.528507746325746552e+01 7.676584441845599827e+01 7.941744451102223934e+01 8.161015668813269031e+01 8.329830406180734315e+01 8.444851638214603895e+01 8.504133378375330210e+01 8.507212820497666428e+01 8.455126568343227689e+01 8.350348837633120525e+01 8.196655391572841154e+01 7.998922602898649359e+01 7.762875882814286399e+01 7.494805315522667399e+01 7.201268350867191259e+01 6.888799667689696093e+01 6.563646841690625422e+01 6.231547428289471924e+01 5.897558851718360984e+01 5.565947535581417327e+01 5.240138532232253965e+01 5.080250711869823022e+01 4.772238569487750937e+01 4.446031044247335728e+01 4.103501266994879870e+01 3.746781297896871621e+01 3.378108540269872861e+01 2.999799866445739838e+01 2.614513026546849161e+01 2.225909966288352138e+01 1.839644959775655408e+01 1.464268418209994671e+01 1.111346114711619748e+01 7.941998386213791505e+00 5.254036337763698050e+00 3.140732653491492776e+00 1.639946836870869173e+00 7.252838803296514092e-01 2.985272678225108223e-01 1.972045698045717665e-01 2.350817191177586030e-01 2.642162107151468375e-01 2.225102660613337557e-01 1.359712366046002541e-01 6.568735889240726045e-02 3.986495339831040707e-02 3.577941680201214558e-02 2.574638037521631562e-02 1.428772815811579604e-02 1.074495199390165801e-02 7.752076390759042417e-03 4.852868007516861031e-03 3.605770415341052245e-03 2.228556739209179138e-03 1.903584066502844946e-03 1.064639775968888140e-03 9.670941947742868082e-04 6.960573885767871007e-04 4.643661257501848069e-04 4.296478879064486844e-04 3.644566283579661180e-04 3.092345776392969913e-04 2.774882288324335760e-04 2.594279697867299872e-04 2.481506775117589222e-04 2.386197120652914963e-04 2.325722343853398131e-04 2.294304962746992365e-04 2.267124774983278045e-04 2.248170886627879261e-04 2.236394156413205739e-04
2.232504387063461045e-04 2.243106931042944700e-04 2.260135534177939922e-04 2.284229099082255509e-04 2.311461365053947960e-04 2.363096000993338084e-04 2.443203306055962494e-04 2.536035474465491162e-04 2.684649975638197399e-04 2.943748481879326201e-04 3.387450494209699172e-04 3.902290538875955242e-04 4.159801972755841452e-04 5.956135215187744998e-04 8.089224149319670454e-04 8.849241313306245842e-04 1.547060376258713480e-03 1.806603833378937415e-03 2.900699781949095824e-03 3.901998612469917069e-03 6.244049783795474484e-03 8.685996786769616118e-03 1.167039075093659166e-02 2.115879450328731967e-02 2.959336829383261286e-02 3.345037653914870873e-02 5.625242449828167512e-02 1.189364886901005253e-01 1.990307254655364899e-01 2.421160697727640365e-01 2.201841185256178113e-01 1.853745596950052421e-01 2.824323495221485181e-01 7.217358766070119946e-01 1.733786211031761892e+00 3.521240849939045958e+00 6.221660764411384825e+00 9.890357678810151043e+00 1.449776300274175611e+01 1.993032990941111393e+01 2.599555336463369315e+01 3.243966835920837610e+01 3.898025202148883039e+01 4.534532488941184170e+01 5.130681428931598731e+01 5.670032740473973831e+01 6.142987106222269489e+01 6.546100230270465659e+01 6.880760695348894274e+01 7.151691173207592556e+01 7.275021997741164625e+01 7.489908205407363084e+01 7.658802642125328930e+01 7.778351466972522132e+01 7.846482781672747819e+01 7.862508940116580902e+01 7.827157979966973755e+01 7.742530667625996443e+01 7.611985247428108892e+01 7.439957519374374328e+01 7.231728804545704747e+01 6.993158214753114521e+01 6.730398052574146561e+01 6.449611909920456299e+01 6.156714063054989339e+01 5.857146213563746073e+01 5.555703793086106401e+01 5.256419353736824718e+01 4.962505498888635458e+01 4.676354878974325402e+01 4.536725773285255769e+01 4.268934639092930894e+01 3.986604827579640897e+01 3.690932637146720197e+01 3.383087240102543092e+01 3.064108960488019306e+01 2.734990575632695453e+01 2.397083039338344079e+01 2.052892659959122312e+01 1.707128831690830850e+01 1.367558051775295347e+01 1.045019520810637914e+01 7.521679722523091804e+00 5.012195035510226937e+00 3.016350970211186144e+00 1.583887505461867073e+00 7.046522490749517198e-01 2.945261332970545709e-01 2.000095357861653156e-01 2.398490795579885093e-01 2.685932524883666295e-01 2.254118393603356252e-01 1.374422594744701132e-01 6.647906351830823457e-02 4.062737974145342462e-02 3.652521536521435158e-02 2.623003972347843354e-02 1.456465330356916839e-02 1.097822470570230212e-02 7.912485367588390633e-03 4.958438972339872589e-03 3.682951601219075239e-03 2.276057048739293150e-03 1.941647922521301441e-03 1.083988464263153451e-03 9.826627040474226072e-04 7.065735364024817305e-04 4.695111164851281139e-04 4.340803325011976816e-04 3.671274854639850621e-04 3.101538570024121476e-04 2.773286204443198072e-04 2.587446006164271866e-04 2.472478671750533087e-04 2.377590129960682362e-04 2.318323552405380345e-04 2.287629938148156010e-04 2.261682169824084205e-04 2.243890745101669395e-04 2.233020104350508109e-04
2.229128650456245378e-04 2.238795217617536913e-04 2.254526830470455828e-04 2.277084423485230410e-04 2.303111136506741830e-04 2.352736669661296867e-04 2.430734067966822858e-04 2.522891016812751040e-04 2.671273960283137997e-04 2.930475042018294862e-04 3.373126566838158713e-04 3.884529354988714702e-04 4.141278686512308888e-04 5.928728039043119728e-04 8.052303755642489574e-04 8.828193351152077923e-04 1.543393733388921966e-03 1.805014603744381930e-03 2.899868087448196578e-03 3.907919495693522836e-03 6.255090646072833729e-03 8.716725960746256677e-03 1.169432763077407796e-02 2.120601296783428125e-02 2.976891324608374467e-02 3.367313528929249261e-02 5.641531954360021195e-02 1.195824375148326069e-01 2.013594553819084698e-01 2.468125490686760570e-01 2.261689413301304907e-01 1.895155241474508201e-01 2.802480903692484704e-01 7.085835396142932119e-01 1.705428550520310393e+00 3.473261885039371499e+00 6.148157804197037279e+00 9.781214114833643336e+00 1.433325004416971282e+01 1.967449721311187005e+01 2.559261759838945949e+01 3.181668115971966770e+01 3.805572347050777182e+01 4.404053639696341804e+01 4.955602119066781341e+01 5.445738487151960783e+01 5.867063843653806998e+01 6.218221777791492144e+01 6.502350347790800811e+01 6.725483492451519396e+01 6.824208960706019411e+01 6.989837321926798097e+01 7.110374103093516851e+01 7.183667668939756368e+01 7.208852408716919058e+01 7.186393627523601424e+01 7.118062124299801496e+01 7.006838975358886046e+01 6.856756405930086373e+01 6.672685580713168463e+01 6.460086194472638965e+01 6.224735498694548141e+01 5.972455596517763610e+01 5.708857374897191050e+01 5.439117393710446891e+01 5.167800653908129505e+01 4.898737793210056424e+01 4.634960370413737252e+01 4.378692995426521151e+01 4.131396617060645582e+01 4.011380570151735014e+01 3.782147595028305886e+01 3.541413852686608976e+01 3.289761103136169851e+01 3.027541076296314060e+01 2.754831834329165119e+01 2.471611066814791258e+01 2.178261149708533750e+01 1.876425958129103932e+01 1.570032550244529901e+01 1.266035645117140263e+01 9.743379627080541283e+00 7.066244648837781028e+00 4.744803944363484405e+00 2.875382840271936136e+00 1.518638782258857178e+00 6.800227522069344221e-01 2.893280906599701718e-01 2.025888315320852062e-01 2.444554487336723092e-01 2.726465156950803048e-01 2.279355946265569643e-01 1.386434096266848659e-01 6.715038687365527947e-02 4.135046711622363674e-02 3.723624016008551807e-02 2.668046538571314241e-02 1.482619899607453412e-02 1.120359176237238456e-02 8.066562209089739657e-03 5.061755769959137494e-03 3.758875169037637250e-03 2.323509825370533716e-03 1.979721276870254412e-03 1.103575945629013981e-03 9.982868994213175105e-04 7.172022268794245444e-04 4.747536433263280405e-04 4.389172391649215224e-04 3.705324354811874834e-04 3.117740596294159478e-04 2.777135164022539278e-04 2.584269599927506260e-04 2.465632906751459986e-04 2.370057428370497506e-04 2.311438575063929116e-04 2.281308032565418473e-04 2.256462085066558167e-04 2.239736710933195381e-04 2.229703722134199044e-04
2.225927440637314445e-04 2.234741348477879740e-04 2.249286084732724173e-04 2.270464681804525034e-04 2.295473191989026100e-04 2.343629243880902466e-04 2.420468414721509305e-04 2.513104635459954025e-04 2.662535941694284345e-04 2.922857733109021682e-04 3.364802211996628656e-04 3.871132128638573645e-04 4.126280807488872391e-04 5.909679119221257796e-04 8.029215867138288394e-04 8.824363415681033430e-04 1.543025113696748366e-03 1.807764839653992284e-03 2.906418235318821743e-03 3.923947454070573354e-03 6.279859697719897098e-03 8.765588319802073217e-03 1.173812375522752596e-02 2.129057355337171664e-02 3.001818357629741293e-02 3.398878613023574580e-02 5.669613857046502947e-02 1.204717962197721925e-01 2.041855004845341826e-01 2.522851023950097860e-01 2.330800703858611767e-01 1.944192367304866664e-01 2.780398053776730327e-01 6.934038290573114605e-01 1.670957975913516025e+00 3.412098778522381526e+00 6.050397426797444744e+00 9.631165794623909093e+00 1.410355022189674656e+01 1.932006047968152629e+01 2.504888880508284643e+01 3.100467477342290579e+01 3.689240906853489577e+01 4.245065604161604966e+01 4.748157925493782017e+01 5.186282028090878526e+01 5.554358980819525016e+01 5.853097987050987427e+01 6.087264112312267628e+01 6.264023973491448061e+01 6.339210868854369352e+01 6.458415840462618007e+01 6.534340052942434340e+01 6.565966000428466032e+01 6.553522052355236838e+01 6.498473635555549777e+01 6.403447622348441826e+01 6.272094104087359057e+01 6.108894618564969647e+01 5.918930072524342023e+01 5.707624644008019743e+01 5.480483563255523904e+01 5.242842703592065590e+01 4.999646379577328048e+01 4.755266826815145009e+01 4.513374846493988457e+01 4.276866461575403378e+01 4.047845627356578291e+01 3.827658541483879873e+01 3.616971326460144098e+01 3.515239004892799102e+01 3.321638250313693419e+01 3.118972378522383693e+01 2.907308600331240811e+01 2.686361858749539877e+01 2.455508210674540237e+01 2.214027570468030603e+01 1.961659026640227665e+01 1.699446474676117091e+01 1.430662242555416341e+01 1.161403290347989881e+01 9.004416924665562760e+00 6.582364970298693052e+00 4.455167134270144658e+00 2.719226254036915424e+00 1.444763987142410722e+00 6.516268062958157081e-01 2.829824616085694355e-01 2.048770986174273390e-01 2.487843765913688721e-01 2.762587003077096592e-01 2.300002679146345153e-01 1.395356195392373488e-01 6.768671235681587850e-02 4.202512245860698381e-02 3.790281559306243886e-02 2.709066762247552482e-02 1.506904058928123721e-02 1.141849817605131330e-02 8.212224623205146082e-03 5.161415242070223168e-03 3.832471900999297361e-03 2.370358917635230316e-03 2.017429040268049582e-03 1.123275358768673808e-03 1.013872862669628954e-03 7.278683803614253035e-04 4.799869845204078611e-04 4.439881339487016096e-04 3.745749944290707950e-04 3.141100705896212111e-04 2.787226927997150223e-04 2.585720578728099416e-04 2.461859977042984114e-04 2.364232018305948628e-04 2.305469061087344967e-04 2.275620335275341569e-04 2.251674211938227606e-04 2.235869950025767881e-04 2.226566555241111525e-04
2.224421771342464753e-04 2.232849320860308341e-04 2.246853888380185812e-04 2.267420926858493301e-04 2.292020867802941242e-04 2.339687783886128226e-04 2.416343745748692341e-04 2.509649462471672150e-04 2.660036251211191560e-04 2.921183459857253236e-04 3.362751855784338337e-04 3.865962862036175646e-04 4.120182112027082066e-04 5.903518988689960808e-04 8.022913244525667082e-04 8.828776395332032069e-04 1.544042223434502047e-03 1.810733099753595275e-03 2.912305917981582691e-03 3.935348609668251618e-03 6.296479985039450840e-03 8.795537792603428176e-03 1.176612004552008740e-02 2.134517066621964901e-02 3.016905460323394614e-02 3.418044425275193476e-02 5.687698194750095276e-02 1.209941280946946751e-01 2.057558441612631905e-01 2.552734442650251290e-01 2.368509432980540896e-01 1.971433581496061238e-01 2.769199811112723619e-01 6.850180011832992522e-01 1.651318333984856057e+00 3.376330541853199918e+00 5.991977013947786368e+00 9.540106347512859131e+00 1.396339644228034338e+01 1.910522715491257983e+01 2.472456100790982703e+01 3.053015351537889899e+01 3.622679013321784680e+01 4.155872044996091574e+01 4.633810398044585810e+01 5.045452945078281459e+01 5.386890979773291122e+01 5.659827855109228523e+01 5.869773088368783220e+01 6.024377389629772495e+01 6.088442174263526852e+01 6.185972522604147628e+01 6.241428990098988550e+01 6.254320486084067454e+01 6.225366753526992625e+01 6.156464912210353901e+01 6.050591946887183781e+01 5.911648953829227793e+01 5.744257535304286932e+01 5.553522463740935677e+01 5.344777253563113817e+01 5.123330330123616250e+01 4.894228975849158303e+01 4.662056231755653357e+01 4.430772661737975682e+01 4.203610699976024279e+01 3.983024637420236758e+01 3.770694635400263905e+01 3.567578936959652225e+01 3.374005063439344099e+01 3.280755045833564765e+01 3.103583910241844279e+01 2.918354529684379628e+01 2.724922297433943186e+01 2.522757050194011441e+01 2.310982583347327335e+01 2.088644173041057428e+01 1.855270684624396438e+01 1.611690782705355218e+01 1.360886167608100017e+01 1.108505967860930852e+01 8.626957793987575229e+00 6.332270783627084398e+00 4.303358025690906530e+00 2.636099954938483148e+00 1.404883617870524626e+00 6.361362596808122216e-01 2.794073783897960128e-01 2.058939722969032327e-01 2.508100892841432228e-01 2.778654743716323927e-01 2.308382011932219313e-01 1.398561218976836218e-01 6.790118504939557376e-02 4.234243188504590444e-02 3.821728173853469052e-02 2.727907396020531200e-02 1.518266749516687317e-02 1.152139637029521262e-02 8.281353068168422274e-03 5.209477098299037864e-03 3.868081204220749029e-03 2.393384285849594565e-03 2.036023333830799028e-03 1.133125127118662836e-03 1.021623621711725436e-03 7.331986404455003532e-04 4.825682044680935576e-04 4.465444119774173489e-04 3.767772550243411777e-04 3.155259995320851231e-04 2.794688036091504710e-04 2.588382184061942845e-04 2.461351324914091477e-04 2.362134825582187629e-04 2.302940147731231285e-04 2.273086553165294611e-04 2.249493780176669774e-04 2.234084324523688363e-04 2.225096127962207970e-04
2.221681252181606741e-04 2.229436267096601297e-04 2.242496832764588372e-04 2.262042252066617549e-04 2.286089635647100811e-04 2.333333774960446878e-04 2.410427134331662093e-04 2.505814188883867511e-04 2.658737370079339779e-04 2.921714649605268183e-04 3.362184714325259366e-04 3.858351491198820865e-04 4.111000022124586956e-04 5.898307168363852359e-04 8.020643956391158803e-04 8.849440463468891387e-04 1.548305317761868504e-03 1.819581937273934700e-03 2.928569566729393239e-03 3.963444839103087355e-03 6.335551746040960809e-03 8.862887774200656557e-03 1.183095070384419280e-02 2.147431308345587597e-02 3.051563972214809545e-02 3.462255215279275850e-02 5.730411125265451322e-02 1.221448822415205221e-01 2.090932513758428091e-01 2.615691473814037438e-01 2.448270796401890159e-01 2.030135911659043668e-01 2.746802918680293359e-01 6.669137930852410134e-01 1.607815287759577494e+00 3.295458259053701600e+00 5.857709515923385624e+00 9.328539626855238964e+00 1.363695753330977745e+01 1.860840877903336832e+01 2.398531923915453845e+01 2.946792784536043186e+01 3.476427753305624435e+01 3.963306393211212963e+01 4.390826633727262873e+01 4.750378454051986665e+01 5.040316139229797443e+01 5.264175251364439845e+01 5.428761502006886275e+01 5.542498142318780197e+01 5.586285836201673760e+01 5.644803933465775714e+01 5.664121165764993293e+01 5.644681410262308674e+01 5.588045324906054390e+01 5.496813924519446459e+01 5.374495087466462451e+01 5.225321556506126797e+01 5.054032842462192576e+01 4.865636239115193007e+01 4.665163629477845575e+01 4.457440761711516330e+01 4.246884206665481543e+01 4.037338441742890183e+01 3.831961735559966797e+01 3.633165131871089670e+01 3.442604298882211111e+01 3.261219770685037389e+01 3.089317559503729882e+01 2.926679565235021130e+01 2.848654575704993519e+01 2.700807954820249179e+01 2.546519058407380598e+01 2.385322276095897820e+01 2.216347913473785169e+01 2.038405546723000583e+01 1.850279724945971083e+01 1.651272201853397803e+01 1.441921499337452417e+01 1.224688338420714651e+01 1.004306646530537961e+01 7.876012398576382800e+00 5.828937525367581252e+00 3.993649428284399061e+00 2.464035448776612736e+00 1.321311849434891883e+00 6.033993487434421432e-01 2.716517542565714538e-01 2.076181392111666746e-01 2.544673279766937468e-01 2.805824975065721039e-01 2.320728722496024354e-01 1.402281393134894028e-01 6.821581207553693849e-02 4.292693554885576579e-02 3.879779456393412512e-02 2.761578234383118072e-02 1.539036442352520635e-02 1.171439554190141161e-02 8.409529735035455034e-03 5.300087890638477232e-03 3.935380525144228057e-03 2.437659332508925782e-03 2.071917171216443310e-03 1.152450782296899961e-03 1.036763930987819613e-03 7.436798614207807551e-04 4.875352038560152798e-04 4.514833095415659095e-04 3.813150968884854793e-04 3.187140685893606975e-04 2.813886354384640374e-04 2.597563532620874270e-04 2.463343889960349447e-04 2.359874388979666651e-04 2.299034897271156285e-04 2.268808185420511932e-04 2.245684507028772770e-04 2.230909112596979153e-04 2.222434573772268920e-04
2.219057982325754676e-04 2.226218059724198212e-04 2.238443381868510345e-04 2.257189785589598522e-04 2.281095487950543976e-04 2.328755719903223575e-04 2.407503725815996300e-04 2.506112364835987386e-04 2.662396807610175817e-04 2.927118383145458432e-04 3.365399579568846187e-04 3.853112149724192579e-04 4.105363420306065020e-04 5.903544786959128441e-04 8.033236320507497301e-04 8.889661083812361005e-04 1.556279218228431242e-03 1.833627808154134542e-03 2.952636734983889524e-03 4.001086457285646034e-03 6.384955110270822305e-03 8.946124108959532112e-03 1.191429742205911586e-02 2.164667707072905067e-02 3.096986441175692689e-02 3.520439954029250945e-02 5.786721811054237191e-02 1.235418052246018972e-01 2.130188336785419634e-01 2.689591664633586565e-01 2.542996768310837874e-01 2.101801947448256325e-01 2.721897177946523971e-01 6.446621481948714427e-01 1.552732047968230944e+00 3.190732662771882389e+00 5.680811892243259109e+00 9.046818270660583750e+00 1.320187293211161261e+01 1.795270249216011038e+01 2.302700762779280552e+01 2.812091713604508314e+01 3.295159985993053908e+01 3.729798076820242159e+01 4.102032218095462213e+01 4.405939406376081990e+01 4.642204819498960688e+01 4.816116179375790551e+01 4.935600702271528917e+01 5.009634500028466420e+01 5.034081964537271858e+01 5.056150290144481119e+01 5.042765007636177188e+01 4.995214932114865292e+01 4.915772002803456076e+01 4.807577596262193964e+01 4.674481281006999467e+01 4.520842791363411806e+01 4.351310921632593676e+01 4.170594780907451593e+01 3.983243225659594344e+01 3.793447265863083118e+01 3.604877933163677284e+01 3.420568753719218336e+01 3.242847936957654298e+01 3.073321091848854536e+01 2.912901146809912234e+01 2.761878576086083115e+01 2.620022343928667041e+01 2.486700376233785903e+01 2.422964170353460034e+01 2.302434260093194496e+01 2.176757399733194021e+01 2.045263167730206888e+01 1.906914459268617534e+01 1.760424032050635290e+01 1.604550182893236254e+01 1.438573482556190086e+01 1.262866285345415918e+01 1.079370139737624079e+01 8.917818667484572970e+00 7.054080086682585460e+00 5.269202244050539719e+00 3.642832450207861505e+00 2.265425115175776494e+00 1.223382314714459795e+00 5.646659049190105861e-01 2.621911554068369066e-01 2.090386653931657346e-01 2.578755184948465229e-01 2.827917069501091896e-01 2.327415386026461808e-01 1.402230410450976961e-01 6.839463952171841166e-02 4.350627010571428421e-02 3.937400899815671901e-02 2.793122494626361710e-02 1.559278392154904783e-02 1.191050069274748532e-02 8.537071676861376218e-03 5.392511534247381583e-03 4.004141757575584853e-03 2.484128874010839774e-03 2.109804222876464092e-03 1.173402537426440195e-03 1.053105132762896957e-03 7.551503433208230564e-04 4.927572600136159156e-04 4.565515636045291222e-04 3.863154841038550155e-04 3.226245147383429118e-04 2.840925126394889134e-04 2.613511011054833050e-04 2.470347426703754269e-04 2.360582444240988897e-04 2.296641996864713534e-04 2.265333069977266728e-04 2.242315900233395141e-04 2.227999150706383826e-04 2.219918010008893106e-04
2.216667544377472210e-04 2.223347215225121229e-04 2.234915654545155731e-04 2.253229974582591046e-04 2.277633607347504961e-04 2.326809984818953650e-04 2.408579493308750342e-04 2.511358117914729514e-04 2.671246239894250031e-04 2.936680357168210153e-04 3.370955681553527723e-04 3.849890182280913146e-04 4.104663881186386377e-04 5.922669098557139210e-04 8.064102710395058609e-04 8.953588758203505577e-04 1.568711481239650754e-03 1.853710806225430767e-03 2.984778294330281499e-03 4.047523308215559765e-03 6.442404451971550997e-03 9.044497987140208417e-03 1.201827201607429639e-02 2.187152105564696414e-02 3.155634658149380350e-02 3.595603387805644535e-02 5.857509221057047299e-02 1.251497029254486359e-01 2.174634073740870366e-01 2.774131484059038644e-01 2.653675774408113530e-01 2.188466608140861858e-01 2.694906034840124365e-01 6.175871796847532957e-01 1.483828858209931489e+00 3.057162770028100329e+00 5.451935555423287560e+00 8.679406553863312723e+00 1.263504405747892889e+01 1.710743543904681729e+01 2.181334313652522283e+01 2.645112296709949007e+01 3.075421455114526381e+01 3.452789296087549076e+01 3.766263292516801897e+01 4.012751244432404718e+01 4.195199879974534696e+01 4.320434383230215758e+01 4.397214206551421256e+01 4.434761834620957899e+01 4.441866702087732932e+01 4.432169642777560625e+01 4.391585539932651017e+01 4.322091200804139532e+01 4.226476211594289367e+01 4.108201397154869738e+01 3.971221425507579283e+01 3.819783739577903958e+01 3.658217854200371733e+01 3.490729675304538659e+01 3.321214814545920291e+01 3.153102959137774164e+01 2.989242416537635094e+01 2.831830297218635195e+01 2.682389806691687895e+01 2.541792196534176895e+01 2.410317458169767590e+01 2.287745152309535968e+01 2.173465071929786063e+01 2.066596838070914188e+01 2.015622415934188538e+01 1.919306954876013904e+01 1.818826523864383304e+01 1.713448017544314794e+01 1.602158459994371498e+01 1.483797587400673379e+01 1.357320631543233702e+01 1.222165137023618442e+01 1.078628083659697445e+01 9.281165382729250624e+00 7.731915616661162893e+00 6.175174828837854513e+00 4.660169460447240120e+00 3.253516802093924465e+00 2.040750580454374852e+00 1.110995764342348036e+00 5.198208484106617844e-01 2.509106718260920577e-01 2.099628970757232704e-01 2.607427070947793135e-01 2.841602960380786302e-01 2.325817354112388602e-01 1.397006716329389220e-01 6.839178918268055962e-02 4.406963012716427763e-02 3.993388037307225857e-02 2.821213609514746160e-02 1.578373835108727585e-02 1.210602942700218614e-02 8.660371573071199910e-03 5.484574192216565454e-03 4.072506295532849104e-03 2.531907831334341552e-03 2.148969777738963648e-03 1.195846279404129148e-03 1.070566871275744269e-03 7.677119325925560456e-04 4.981929902661264269e-04 4.614469616183578720e-04 3.913810808750987718e-04 3.270382129713819393e-04 2.875578140851964152e-04 2.637210161390041597e-04 2.483772539078326767e-04 2.365493893624637809e-04 2.296593179770989204e-04 2.263139859742751116e-04 2.239650839713973958e-04 2.225528260570241816e-04 2.217677083519296497e-04
2.214615808375569790e-04 2.220962620895299249e-04 2.232141010364627057e-04 2.250579487210577656e-04 2.276373514486191652e-04 2.328342466038357003e-04 2.414397465453905871e-04 2.521701240837243810e-04 2.684344510957675225e-04 2.948182899933680457e-04 3.376201076911323888e-04 3.848271022043101399e-04 4.110647319877345249e-04 5.959250927535806111e-04 8.116345744629104974e-04 9.045586369119827577e-04 1.586304865928927924e-03 1.880334071442178777e-03 3.024112406997452908e-03 4.100443759268884367e-03 6.504208596799745945e-03 9.157771197731463461e-03 1.214765411346276254e-02 2.216291315303636766e-02 3.230580953455481491e-02 3.691109240082942472e-02 5.942496944929036296e-02 1.268833516687681850e-01 2.222604032363996729e-01 2.867897770760554632e-01 2.780644292860496303e-01 2.292394073341411098e-01 2.667383493139428574e-01 5.851914087751980409e-01 1.399073230826548553e+00 2.889935374907781629e+00 5.161846777199873060e+00 8.211001232001850170e+00 1.191435529079368472e+01 1.604483045973119459e+01 2.031435146419212856e+01 2.443173529344450401e+01 2.815471289018188372e+01 3.132074788419524225e+01 3.385327248564269098e+01 3.574945428916762324e+01 3.705896252763922405e+01 3.786177599254081372e+01 3.824977788620466868e+01 3.831383757972466952e+01 3.824204647325001361e+01 3.789467057134418582e+01 3.729062137149741574e+01 3.645433468807699740e+01 3.541639311920054922e+01 3.421196112400492950e+01 3.287899279104599515e+01 3.145633764856803438e+01 2.998187712237160341e+01 2.849081964551782775e+01 2.701426642120366850e+01 2.557813411498761624e+01 2.420248801719569087e+01 2.290130289733954427e+01 2.168263260624586408e+01 2.054913707701712511e+01 1.949888979979776948e+01 1.852637228572531569e+01 1.762355558364159691e+01 1.678097248888893134e+01 1.637916071143460783e+01 1.561936451357978228e+01 1.482516249788022478e+01 1.399008017827176253e+01 1.310603639836238976e+01 1.216460710245374344e+01 1.115899890949930828e+01 1.008627706292433146e+01 8.949019521340265015e+00 7.755689354973304361e+00 6.520150764983107194e+00 5.262687027480063229e+00 4.015606601979499146e+00 2.832699854878834689e+00 1.793122925469671003e+00 9.854031833101505322e-01 4.692713123772673800e-01 2.377905957246768676e-01 2.101292639905142368e-01 2.626584935735168380e-01 2.842435061940702945e-01 2.312594464545288386e-01 1.384900293823767559e-01 6.815502080195846857e-02 4.460685432731393424e-02 4.046610714104856288e-02 2.844488335862491515e-02 1.595659130632803499e-02 1.229688996425881177e-02 8.775416161010594907e-03 5.573770801480778907e-03 4.138150187204826455e-03 2.579763886117328927e-03 2.188305504073523571e-03 1.219482872813406000e-03 1.088949104399630731e-03 7.814923378793281993e-04 5.038728788431351370e-04 4.658779203995055919e-04 3.959316037311235532e-04 3.314940487777995022e-04 2.915700995873667838e-04 2.668572076508055231e-04 2.504621375057724630e-04 2.375865061536440882e-04 2.299886004993459214e-04 2.262825754448141268e-04 2.237981030714334286e-04 2.223662257477327004e-04 2.215838259974906163e-04
2.212980178892367308e-04 2.219172519867068335e-04 2.230350770618143763e-04 2.249707297686613357e-04 2.277989924646692341e-04 2.333979190898926410e-04 2.425046716549890261e-04 2.536109039209220330e-04 2.699082348470836930e-04 2.957799291350108207e-04 3.377909890403668885e-04 3.848567817672911371e-04 4.125454551288404870e-04 6.016442002733580390e-04 8.192328283070424546e-04 9.170041672711752275e-04 1.609519595823563241e-03 1.913226601034078919e-03 3.067957878497971479e-03 4.155786891626421856e-03 6.566209956947890655e-03 9.288497776005122733e-03 1.231242049723443518e-02 2.254128140354140844e-02 3.325399195477356934e-02 3.810313948330350947e-02 6.039371500149590816e-02 1.285867679914721173e-01 2.271128825898745263e-01 2.968011689753877191e-01 2.923350706683359168e-01 2.416196178618851276e-01 2.642888312339608525e-01 5.473772059855641636e-01 1.297073891763502296e+00 2.685193545928761694e+00 4.802813336282903300e+00 7.628974711658067953e+00 1.102273718335144892e+01 1.474616865407399580e+01 1.851479940836482641e+01 2.205756808958275883e+01 2.516457516289614915e+01 2.771012836166454107e+01 2.965142961450199977e+01 3.101139343354192590e+01 3.185558925228072269e+01 3.227065285299329389e+01 3.234782316862104778e+01 3.217236405922833598e+01 3.199697861034022139e+01 3.148193225558307162e+01 3.076601364331150634e+01 2.987564415192548140e+01 2.884129091380118126e+01 2.769590529745453367e+01 2.647326709522497978e+01 2.520635139268448555e+01 2.392583163237155475e+01 2.265881867457107290e+01 2.142791311942406551e+01 2.025061916100801440e+01 1.913913584702249437e+01 1.810050918639867845e+01 1.713709936959008928e+01 1.624729426676437782e+01 1.542638539050375890e+01 1.466751670145810316e+01 1.396261997247087372e+01 1.330326186498396090e+01 1.298810082836171809e+01 1.239075327328924203e+01 1.176466502844832895e+01 1.110546220425588437e+01 1.040840903227467429e+01 9.669373426930119919e+00 8.885899606071355095e+00 8.057866057989285125e+00 7.187171787366637865e+00 6.276491893732410787e+00 5.328594638937948602e+00 4.349288571869269759e+00 3.356489027262902880e+00 2.392599535509689179e+00 1.529026154797386905e+00 8.496518517000141157e-01 4.141176069754927136e-01 2.229331436411265965e-01 2.091849367254722536e-01 2.630607525648507306e-01 2.824606797162644289e-01 2.283578183903273162e-01 1.363843409604378609e-01 6.762384175317924517e-02 4.510772244832202127e-02 4.096093196053805785e-02 2.861680803755435945e-02 1.610494240936798799e-02 1.247891123431552410e-02 8.878154417528188319e-03 5.657588800914851654e-03 4.198462716069412994e-03 2.626171013313182648e-03 2.226266359961757198e-03 1.243788245602701816e-03 1.107852902665301979e-03 7.966029620822801492e-04 5.099561843305718510e-04 4.697405549208124925e-04 3.993363560925335251e-04 3.352866000528817469e-04 2.956471976876568907e-04 2.705594519318285174e-04 2.532860150581412850e-04 2.392654280469812223e-04 2.307605253126438275e-04 2.265140521263410921e-04 2.237648459821075760e-04 2.222546930727360194e-04 2.214505136738260114e-04
2.211798341133523944e-04 2.218058909112655998e-04 2.229810046138951747e-04 2.251142253059747775e-04 2.283027427573543439e-04 2.343798821855590329e-04 2.439470243291686716e-04 2.551884972628988774e-04 2.711059635612468512e-04 2.960858110203552253e-04 3.374067255470680651e-04 3.853035876848498204e-04 4.151458620106825712e-04 6.096284515242086184e-04 8.293406255524896076e-04 9.330895128450083327e-04 1.638166100480164481e-03 1.950709236634217553e-03 3.111349524637840348e-03 4.208381236688807196e-03 6.626236247545581014e-03 9.445725445806539555e-03 1.253040737058630678e-02 2.303262597037752935e-02 3.443586001918610279e-02 3.955728948856197108e-02 6.142612108073536997e-02 1.300137295433385076e-01 2.315684457034676291e-01 3.069882637942872861e-01 3.080195815353639066e-01 2.563030629220751089e-01 2.628123060121153043e-01 5.047359327450650079e-01 1.177649175699085893e+00 2.441075414230548635e+00 4.370503014189071500e+00 6.926744816401447125e+00 9.953670403376298381e+00 1.320983746454409946e+01 1.642468703364778193e+01 1.935731592556282266e+01 2.183706207124188836e+01 2.377744234154403458e+01 2.516760154165105945e+01 2.605149200924533304e+01 2.650454460375620158e+01 2.661397182046550469e+01 2.646507276426471122e+01 2.613337868551882792e+01 2.589814457290200522e+01 2.530429899740962085e+01 2.456491309796379596e+01 2.370558319045670359e+01 2.275394691777056266e+01 2.173828047909387351e+01 2.068612024518769843e+01 1.962300594400780795e+01 1.857143044742982241e+01 1.755006136090525359e+01 1.657327420065280421e+01 1.565100862958087902e+01 1.478893099108240428e+01 1.398886113703207990e+01 1.324940178757009690e+01 1.256669618085089368e+01 1.193523547417719932e+01 1.134864118039649128e+01 1.080035888471311800e+01 1.028421585356869450e+01 1.003647236706023804e+01 9.565539546106293756e+00 9.071132002802787753e+00 8.551633657684158507e+00 8.006040538957915231e+00 7.434438717666897567e+00 6.838094792872443151e+00 6.218717169998042138e+00 5.576719762131137514e+00 4.909224214434035005e+00 4.209974335291397196e+00 3.474232503837815234e+00 2.709944345085314676e+00 1.950614197961318519e+00 1.258619425661790192e+00 7.088210483207996182e-01 3.562399773040716422e-01 2.065679828552019204e-01 2.066611283011472733e-01 2.612036266870715884e-01 2.780773092710652761e-01 2.233710851622700833e-01 1.331368682600961306e-01 6.672515697354895747e-02 4.555798339450253115e-02 4.140891500852834917e-02 2.871742218117763826e-02 1.622367182671830693e-02 1.264827744560756591e-02 8.964920694358127773e-03 5.733994884687312193e-03 4.250906669554404584e-03 2.669498473886432015e-03 2.260933371020598919e-03 1.267973406099027816e-03 1.126575973678752961e-03 8.130225373105539558e-04 5.167396005429943486e-04 4.733552661583805563e-04 4.012280877333171403e-04 3.376056183819788059e-04 2.990228823409510329e-04 2.743538811165717071e-04 2.566582949330881462e-04 2.415972176687197434e-04 2.320709995836452318e-04 2.271014318435936059e-04 2.239112629486843969e-04 2.222326508921952811e-04 2.213747087562896183e-04
2.211079986685868823e-04 2.217727139471414410e-04 2.230886246379652695e-04 2.255450029979752774e-04 2.291654249211649104e-04 2.356899619770546272e-04 2.455013450119667697e-04 2.564556276686288201e-04 2.714888585183880673e-04 2.954018643253782908e-04 3.366757503105752107e-04 3.866802428945570924e-04 4.190627135294224437e-04 6.199253863543649620e-04 8.420005160697604683e-04 9.530233570553698621e-04 1.670680102745322358e-03 1.989011380160376000e-03 3.147343613442659012e-03 4.254209166540800363e-03 6.688432781040888446e-03 9.649366158174707206e-03 1.282817088607543336e-02 2.366206886868343906e-02 3.587170814919575512e-02 4.127562589700362744e-02 6.242305928368490492e-02 1.308196311657906230e-01 2.350184529644370746e-01 3.167226083877066611e-01 3.248520826671492667e-01 2.736832556070766254e-01 2.634154992937805528e-01 4.588703664225657897e-01 1.042478179104894931e+00 2.158938519626094177e+00 3.866254701928707238e+00 6.107747216785516464e+00 8.717413755712957624e+00 1.145991207816130952e+01 1.408962744397478595e+01 1.640459513560223570e+01 1.827747085519247605e+01 1.965996524120751232e+01 2.056826960862845510e+01 2.106046686644086918e+01 2.121465299039229890e+01 2.111230570056124378e+01 2.082793180138893874e+01 2.042404590571850775e+01 2.017134393039890128e+01 1.958125170113517655e+01 1.889580222809360777e+01 1.813730178084950850e+01 1.732843066287847833e+01 1.649112698286043255e+01 1.564558242744493377e+01 1.480941898469685647e+01 1.399709811637721302e+01 1.321959190313067545e+01 1.248432153449376436e+01 1.179534475586916997e+01 1.115375300360800637e+01 1.055822306139605615e+01 1.000565863192819194e+01 9.491854921919767207e+00 9.012124021315912614e+00 8.561829557782074218e+00 8.136794219617019763e+00 7.733561243461246626e+00 7.539268373464826922e+00 7.169432247897804977e+00 6.781874527121900975e+00 6.377544663298991168e+00 5.958433362199638594e+00 5.527491326288834550e+00 5.087887920001604947e+00 4.641374077172780943e+00 4.185994592672470205e+00 3.714357838905729015e+00 3.214755323625385408e+00 2.677466892037689394e+00 2.106012386754900767e+00 1.527864052641672021e+00 9.951761191853673028e-01 5.698042152205132771e-01 2.982111556127944318e-01 1.890245526157212363e-01 2.019554367495166314e-01 2.561414813242379185e-01 2.702085630923615756e-01 2.157142222420642685e-01 1.284625820920811123e-01 6.536691129533954425e-02 4.593003689259352734e-02 4.179516629510934139e-02 2.873833395831418627e-02 1.631031448949298371e-02 1.280207638834983570e-02 9.032716624555613485e-03 5.801955097747830796e-03 4.293539167006646222e-03 2.708376380662995235e-03 2.290267174926054888e-03 1.291017496369652618e-03 1.144018628923562002e-03 8.303937463675636899e-04 5.245263409163058044e-04 4.776138692721297509e-04 4.019769142990759175e-04 3.379020863349492857e-04 3.007815763165878420e-04 2.774664425780733949e-04 2.601180047914228386e-04 2.444294420273715744e-04 2.339581302067658458e-04 2.281498734431658848e-04 2.243064505966749255e-04 2.223224904215140036e-04 2.213614285199076519e-04
2.210859513647795327e-04 2.218412862482256089e-04 2.234115536036631483e-04 2.263076910958745382e-04 2.303261014322593374e-04 2.370965908856671994e-04 2.467324578617720375e-04 2.568666527199464688e-04 2.706513001755667027e-04 2.938849642849220467e-04 3.364773956133108391e-04 3.896898659314772684e-04 4.243291889233880921e-04 6.324704556824098768e-04 8.571679403599181219e-04 9.764587743018946636e-04 1.703100699841202494e-03 2.022064311060932287e-03 3.169156651058031068e-03 4.294965403866051259e-03 6.768659592484376451e-03 9.932541396321830848e-03 1.323661109722464556e-02 2.443818276555745350e-02 3.754327682482647144e-02 4.321788887567461906e-02 6.323720782392780460e-02 1.305814668356252428e-01 2.367422089368201032e-01 3.252483292781196966e-01 3.424744688900740464e-01 2.942395224346310290e-01 2.677276412994506471e-01 4.126798888985055425e-01 8.957502013508329419e-01 1.844662191483447566e+00 3.299482307450655849e+00 5.189371326254649475e+00 7.346532591844997739e+00 9.552696881328218481e+00 1.159720387482425608e+01 1.332260439205917457e+01 1.464468051644935365e+01 1.554827206117870908e+01 1.606879536053707014e+01 1.627008612670426402e+01 1.622556513269673317e+01 1.600547848580193033e+01 1.567004513724462456e+01 1.526702711974748006e+01 1.503175924622414605e+01 1.450940913419363198e+01 1.393244557063152023e+01 1.331825168555573846e+01 1.268345604095273416e+01 1.204317233136124976e+01 1.141039528162608718e+01 1.079559042481330522e+01 1.020649689923894421e+01 9.648142477100853043e+00 9.123050877932973535e+00 8.631605065843624303e+00 8.172518358024522200e+00 7.743358900445105775e+00 7.341072825558702775e+00 6.962456905497928616e+00 6.604541800190993683e+00 6.264860602901542563e+00 5.941592524307781176e+00 5.633586376025587761e+00 5.485112063914683311e+00 5.203158669792097513e+00 4.909782477104509546e+00 4.607458003362277843e+00 4.299494179979695296e+00 3.989491652681738998e+00 3.680149273995459769e+00 3.371448698350147932e+00 3.058776539366724112e+00 2.732303310542262942e+00 2.379431925077562404e+00 1.991396247626894711e+00 1.572396798676777063e+00 1.146075035734956948e+00 7.533280691386639027e-01 4.404242312091840583e-01 2.429652895617980535e-01 1.706730846509301458e-01 1.943422035736976916e-01 2.467583461974844350e-01 2.578721028380561719e-01 2.047664974883506295e-01 1.220566519024354063e-01 6.343373931283047273e-02 4.616758499853315656e-02 4.208614450224597986e-02 2.866982721721165681e-02 1.636636554290702567e-02 1.293907814681321058e-02 9.079153773585209308e-03 5.861690598254723668e-03 4.325532420606588609e-03 2.742201576079366602e-03 2.312605073981981695e-03 1.311854115150295434e-03 1.158692910257819002e-03 8.478062822316373599e-04 5.332820544140804949e-04 4.837365511529709370e-04 4.030863609618061090e-04 3.364764814047947121e-04 3.002455663401984616e-04 2.789463255863820421e-04 2.629048068723774541e-04 2.473610330750646382e-04 2.363240159724619286e-04 2.297436951198527635e-04 2.250510217386582205e-04 2.225707184430354832e-04 2.214206999631722263e-04
2.211298851416371538e-04 2.220606304433262314e-04 2.240128875640109984e-04 2.273899395269888830e-04 2.315943108597093172e-04 2.382117313600530582e-04 2.471105272930398358e-04 2.560047822660052250e-04 2.687083699571732841e-04 2.925226593804153698e-04 3.382585712934369003e-04 3.947686774619821141e-04 4.307029995851785562e-04 6.472674299264804653e-04 8.745292259426224422e-04 1.001725147489299604e-03 1.728247014003921533e-03 2.042888375341167517e-03 3.175183952037001142e-03 4.344371042484005546e-03 6.897606935318476885e-03 1.033670685048737256e-02 1.377765233600946986e-02 2.532794088592551021e-02 3.936422424361078060e-02 4.528545300612830254e-02 6.369007241045977763e-02 1.288648325274892315e-01 2.360093272206123804e-01 3.317619244729335670e-01 3.604459451589380192e-01 3.184876682188394481e-01 2.778706767675597766e-01 3.704962516682751561e-01 7.447019355998731882e-01 1.509912609519933335e+00 2.689923755488587087e+00 4.206024219045275458e+00 5.898871340238139638e+00 7.577989107001450897e+00 9.074610405672725477e+00 1.027651294337066190e+01 1.113740446690290931e+01 1.166640030974693687e+01 1.190837727289114056e+01 1.192438071721709569e+01 1.177695496917358042e+01 1.152147917645443798e+01 1.120247226747020974e+01 1.085317006991545519e+01 1.065843016207382732e+01 1.024157745407057440e+01 9.798767856256205278e+00 9.341969583045198533e+00 8.881893494011432466e+00 8.427580762633709810e+00 7.986145121167697702e+00 7.562679752714162262e+00 7.160323255812051535e+00 6.780464542836922348e+00 6.423054628205282057e+00 6.086985257076332978e+00 5.770490973477322427e+00 5.471532707972295739e+00 5.188126874734302341e+00 4.918593385607033852e+00 4.661707612119899480e+00 4.416753652300213773e+00 4.183487784662617059e+00 3.962030407065453286e+00 3.855829482138099173e+00 3.655593245540428082e+00 3.449781452897132450e+00 3.240900527081604476e+00 3.031635200040871947e+00 2.824101531759902528e+00 2.618700721865367065e+00 2.412824270444162700e+00 2.200075519451819783e+00 1.971048273511319948e+00 1.716578160304619072e+00 1.433222428958274675e+00 1.128649982204382951e+00 8.232662520098606995e-01 5.461662380940797146e-01 3.278745969247347514e-01 1.932456501882863498e-01 1.518637075078373422e-01 1.830459113927023485e-01 2.318916548533406785e-01 2.401298152669578967e-01 1.899715160827460392e-01 1.136452059103397610e-01 6.079373434810161209e-02 4.616795856055214836e-02 4.220803815733914499e-02 2.849130791723860495e-02 1.639717167568192566e-02 1.306092448948430879e-02 9.102191182275412573e-03 5.914298336237005377e-03 4.347344831566127971e-03 2.771587817652532322e-03 2.327306011482904377e-03 1.329777435870005972e-03 1.168980457720407169e-03 8.637913546968864834e-04 5.421813115860218274e-04 4.923387253081715296e-04 4.069566761595057574e-04 3.350255677767339114e-04 2.976273307116117026e-04 2.780496383712307618e-04 2.640775447029053251e-04 2.497044707174031052e-04 2.388333553547851841e-04 2.318607994525724938e-04 2.262594974873273512e-04 2.230662073681859993e-04 2.215824853623951662e-04
2.212814623535490398e-04 2.225045121431800472e-04 2.249203921028321989e-04 2.286412975791996937e-04 2.326161531800402093e-04 2.385550429283117525e-04 2.462251666436143620e-04 2.539633009536260144e-04 2.666788850423701309e-04 2.930533419856176549e-04 3.431688571517002356e-04 4.013847346013079158e-04 4.377733781457305738e-04 6.645605501144091244e-04 8.927493307118742000e-04 1.024732805443422448e-03 1.736560939789002968e-03 2.048067503625710783e-03 3.176510041582785403e-03 4.432750573703047800e-03 7.115173908763435841e-03 1.089372395904238469e-02 1.444210366459372508e-02 2.623152680599755149e-02 4.116062193330105590e-02 4.732488138524653526e-02 6.362502192441855942e-02 1.253431866150568896e-01 2.322235310877262260e-01 3.354922383264904440e-01 3.781983461024792659e-01 3.467998258078783258e-01 2.961911957511597637e-01 3.378972417268290562e-01 5.998455797876474094e-01 1.173120170936636120e+00 2.069252834772339789e+00 3.210311629791112509e+00 4.456187503136947115e+00 5.652503980821802720e+00 6.674522928167717417e+00 7.450508396966140978e+00 7.962560429074991397e+00 8.232979311711835280e+00 8.306247797835798252e+00 8.233580379574837238e+00 8.062791036068825079e+00 7.833296105528555486e+00 7.574798462880296235e+00 7.308069856710500467e+00 7.164104145843666949e+00 6.864105538888562563e+00 6.554707263503663839e+00 6.243072221812624001e+00 5.935150081721341842e+00 5.635533556398839572e+00 5.347432549322629569e+00 5.072757959494961888e+00 4.812296761826495128e+00 4.565952174304936939e+00 4.333018122113613479e+00 4.112456229923611595e+00 3.903146183766921684e+00 3.704086028748478032e+00 3.514526965273585546e+00 3.334036383687645433e+00 3.162492048320339144e+00 3.000018383633149543e+00 2.846881813066852285e+00 2.703365460053063440e+00 2.635276800143288689e+00 2.508263881823698860e+00 2.379504903559586104e+00 2.250304718151684202e+00 2.121461566604585514e+00 1.992633877982512569e+00 1.861655595294169796e+00 1.724137105878746912e+00 1.573881832619976162e+00 1.404624040722669553e+00 1.213066962783880154e+00 1.002116229710436013e+00 7.822439218536324512e-01 5.695456547612282039e-01 3.819099947581250376e-01 2.368843548369578556e-01 1.510117514233520197e-01 1.329177408753902112e-01 1.674194969586804971e-01 2.106137276947430970e-01 2.163574733273198603e-01 1.710073946425653690e-01 1.030782284841530588e-01 5.732751196462243515e-02 4.577321070116421170e-02 4.202251527028235539e-02 2.815412778298675978e-02 1.640742702601346442e-02 1.317329101638572281e-02 9.100550523658908555e-03 5.960716288877635806e-03 4.360110530084872205e-03 2.798384670348500348e-03 2.335157419185389990e-03 1.345008279060679480e-03 1.173740433255757382e-03 8.768344794685230996e-04 5.495140454224800922e-04 5.020226820243486442e-04 4.153626827359233097e-04 3.364775667656259243e-04 2.946784767566761163e-04 2.749116593251182896e-04 2.628886488686914919e-04 2.505949343624000935e-04 2.408493526299802941e-04 2.342287153589976050e-04 2.279790936269246882e-04 2.239371805556735829e-04 2.219177003342053109e-04
2.216118778320836378e-04 2.232306053715632239e-04 2.260306396825247533e-04 2.296962112097241260e-04 2.329276344090745233e-04 2.377530507597246556e-04 2.441474159463898584e-04 2.517307978850391570e-04 2.664400920774455525e-04 2.969650892779684818e-04 3.505560126485652694e-04 4.078800877407808998e-04 4.454610504755017312e-04 6.844211895463204239e-04 9.078903684746293451e-04 1.038525500481006676e-03 1.721044625015713146e-03 2.045682583715135311e-03 3.202586570901471818e-03 4.602485114107429144e-03 7.449650972922819067e-03 1.159513051442154739e-02 1.516901294302922323e-02 2.697894189994580472e-02 4.268674360069454887e-02 4.916886579915015487e-02 6.299624880562700036e-02 1.199362673133641533e-01 2.250420522718795391e-01 3.357053477955048160e-01 3.948633284274763455e-01 3.789948320650379232e-01 3.245869717569562773e-01 3.209155156653739627e-01 4.744066873920124161e-01 8.593414509417205416e-01 1.480746396679682331e+00 2.270634989773205437e+00 3.116834165104710674e+00 3.904784501926466422e+00 4.550421107522995001e+00 5.013362284070874253e+00 5.292523622925372706e+00 5.412726139073254394e+00 5.410413220110949162e+00 5.322964202554497426e+00 5.182653840653655308e+00 5.014384211063826591e+00 4.835762304494929609e+00 4.658291351207681785e+00 4.564532845475574696e+00 4.372594780554886817e+00 4.178388751489277020e+00 3.985571371447690137e+00 3.796949496765888998e+00 3.614488613779372805e+00 3.439388435884727979e+00 3.272210729290869757e+00 3.113040007160944977e+00 2.961655778014437690e+00 2.817695659944287723e+00 2.680791699956268648e+00 2.550667186832975109e+00 2.427187403182645919e+00 2.310364284363692011e+00 2.200320983537717989e+00 2.097227133001241306e+00 2.001218595405282130e+00 1.912316437110646472e+00 1.830358746719489949e+00 1.791871871184715470e+00 1.720538385665095982e+00 1.648337504652792163e+00 1.575045310918392394e+00 1.499638281413225194e+00 1.419993248110660300e+00 1.332790642597021735e+00 1.233884352766117631e+00 1.119379636436376613e+00 9.873960088589556205e-01 8.399274686353027652e-01 6.836198001437454597e-01 5.284249474012666647e-01 3.846974483264277156e-01 2.615178011926993507e-01 1.684502579202224737e-01 1.171138795238870212e-01 1.142031702885911437e-01 1.472502305209501539e-01 1.827198401916522441e-01 1.866486388818990316e-01 1.480101293193407663e-01 9.044929018410755028e-02 5.298065856575500526e-02 4.478662117115536634e-02 4.131821666466604231e-02 2.756195586908466444e-02 1.638819436958822984e-02 1.328402660966482123e-02 9.076026366506052129e-03 6.001110611444241197e-03 4.364174466127921162e-03 2.824916296063999504e-03 2.337903688267351215e-03 1.359078828093161643e-03 1.173097490201038080e-03 8.864141997344496563e-04 5.536234952349620292e-04 5.088938713125669725e-04 4.268254285094159732e-04 3.432650842074492148e-04 2.946030909278854991e-04 2.712531068986513347e-04 2.594414687739628016e-04 2.493543480141229159e-04 2.415380411128148844e-04 2.361971820861075871e-04 2.300238905709381376e-04 2.252819659947819138e-04 2.225484409975718046e-04
2.221920343015820992e-04 2.241791299426884956e-04 2.270066848710774945e-04 2.300212360946584842e-04 2.321726915068158647e-04 2.358707769804998806e-04 2.418048724852147767e-04 2.511720077359370809e-04 2.696921486105287010e-04 3.036463486676736984e-04 3.573034321290114519e-04 4.129819601256920405e-04 4.544265205388332450e-04 7.048860524087693273e-04 9.119698832300605906e-04 1.036019805995051953e-03 1.687508037126781791e-03 2.062699440145877514e-03 3.295576603609656329e-03 4.886788273622018688e-03 7.884806286024682517e-03 1.236493993653849620e-02 1.584871480397710697e-02 2.737229598122823543e-02 4.369255494981557492e-02 5.071361912774481617e-02 6.195719318203869036e-02 1.128883062037722568e-01 2.143810677891586358e-01 3.315723585267584816e-01 4.089196115101885187e-01 4.136051531692777616e-01 3.632391905588335801e-01 3.242291208168629479e-01 3.820273689538550288e-01 5.971533244411242336e-01 9.741803901111846242e-01 1.462056158733921363e+00 1.980459768292647471e+00 2.452520307815734490e+00 2.826860334215299364e+00 3.083473223107298988e+00 3.227637220349719893e+00 3.279229166462513057e+00 3.263013965456206034e+00 3.202281395229456873e+00 3.115838977456360404e+00 3.017350056063433872e+00 2.915918153007464042e+00 2.817121843306536810e+00 2.765495153275802753e+00 2.660677575295807173e+00 2.555407555776887385e+00 2.451241710307273891e+00 2.349296670266869391e+00 2.250304178734471527e+00 2.154690925294071580e+00 2.062670421490420569e+00 1.974333932538871350e+00 1.889728833635277327e+00 1.808915515925538342e+00 1.731997709024768684e+00 1.659125272731216683e+00 1.590472555465171967e+00 1.526198776429311010e+00 1.466399134471483068e+00 1.411056224796044978e+00 1.360000804402598851e+00 1.312889140497250473e+00 1.269201426923008968e+00 1.248435631918358935e+00 1.209148413328085425e+00 1.167695102100167803e+00 1.122968238806503871e+00 1.073274508911306047e+00 1.016368142758211635e+00 9.497355790639978590e-01 8.712311667000444126e-01 7.800352925185746189e-01 6.776392331559665250e-01 5.682560495648967258e-01 4.580450472258214001e-01 3.532522986952254529e-01 2.587203928739548187e-01 1.787717404257794240e-01 1.200618710668797662e-01 9.143809080344626750e-02 9.621326516819728170e-02 1.231508765758324991e-01 1.493786077568279302e-01 1.522729077927856833e-01 1.217918125509332011e-01 7.618925170738756469e-02 4.781271278380461176e-02 4.302248791817511048e-02 3.984696497235579865e-02 2.656775617263452613e-02 1.629515200738484298e-02 1.339071698569530879e-02 9.036307800154564501e-03 6.037026753857880658e-03 4.357828964171849354e-03 2.852635972890715972e-03 2.336576020193404605e-03 1.374421849310982456e-03 1.168767171003568753e-03 8.937778915237394942e-04 5.547193143271711294e-04 5.091387281799991714e-04 4.352825640468644969e-04 3.541242442009588653e-04 3.002549983193256600e-04 2.703730884784347243e-04 2.553851857249322412e-04 2.461017320876438506e-04 2.402737940593268587e-04 2.368330278594127348e-04 2.318008435771819274e-04 2.269961492605634967e-04 2.236016559906616418e-04
2.229982732134633771e-04 2.250522278624197145e-04 2.273152998295037148e-04 2.292191276609814924e-04 2.304514200365495754e-04 2.337244123642997302e-04 2.409834234428894558e-04 2.540380877579281990e-04 2.759283257775735831e-04 3.093998211942497771e-04 3.604450713800611320e-04 4.182939918422191698e-04 4.647971471670127091e-04 7.190381065981527996e-04 8.952438698654976599e-04 1.018699189410144767e-03 1.664596501798310110e-03 2.141110567741868163e-03 3.484713915491486833e-03 5.275911903836741877e-03 8.338607614262045359e-03 1.306850343958415941e-02 1.636752915166476627e-02 2.726895149770605653e-02 4.401991722271460933e-02 5.199001989806892321e-02 6.087547104260764008e-02 1.047154099061815835e-01 2.002987812790320288e-01 3.219574563580031024e-01 4.177042799729080991e-01 4.467989914224718695e-01 4.086674827344232153e-01 3.480491109042596620e-01 3.318226783341411412e-01 4.105808351918310284e-01 5.929325572401428213e-01 8.473396815573613905e-01 1.123236292599277375e+00 1.374146009280075909e+00 1.571124684019279405e+00 1.704706247964577370e+00 1.779713526210677355e+00 1.808213252917133307e+00 1.803885984231635486e+00 1.778788207597532756e+00 1.742126283334561876e+00 1.700250768370213272e+00 1.657188977100517935e+00 1.615293170212861229e+00 1.593396068592642267e+00 1.548864001771566912e+00 1.503934224329016134e+00 1.459138729978854299e+00 1.414844391144855162e+00 1.371295258144715978e+00 1.328657105945656891e+00 1.287057449789869024e+00 1.246615558428387338e+00 1.207458989362155233e+00 1.169725547575346081e+00 1.133551973045649808e+00 1.099052743553073253e+00 1.066293846075370366e+00 1.035267030165690771e+00 1.005869843907231553e+00 9.778957332581580397e-01 9.510368426469324454e-01 9.249001582112369446e-01 8.990355964334723060e-01 8.860580657255547887e-01 8.601141559151012084e-01 8.306535212251051625e-01 7.966395001407122756e-01 7.568836209560230177e-01 7.102254364015018195e-01 6.558492920339946686e-01 5.937057574998958476e-01 5.248991956983196649e-01 4.517891222864398038e-01 3.775583305090331465e-01 3.053026752118409570e-01 2.373045422106211666e-01 1.755367459952443532e-01 1.235600636144129766e-01 8.757879448028227376e-02 7.325336960089567917e-02 7.943363252021469478e-02 9.688786422982667568e-02 1.136627156164406460e-01 1.159603475919358667e-01 9.397553101916887586e-02 6.107156116012755348e-02 4.198820145151164335e-02 4.036178562019714089e-02 3.741806908867007647e-02 2.501769888985271029e-02 1.603255948051810278e-02 1.345035808369810827e-02 8.989331704122853484e-03 6.077031862071299861e-03 4.338801343054972219e-03 2.881395887146935043e-03 2.329701563676660463e-03 1.392822357393508608e-03 1.163083969420509447e-03 9.012989763608812797e-04 5.553794602260708453e-04 5.041636051783451172e-04 4.342131881312712204e-04 3.622407811694325266e-04 3.106132498639639942e-04 2.753682952953003752e-04 2.539311561414011784e-04 2.423179795674751261e-04 2.372622287944024702e-04 2.354559997586846672e-04 2.323777950920406289e-04 2.285625417972092814e-04 2.250450852692381469e-04
2.237760601533192223e-04 2.253364946764889519e-04 2.265653881918287219e-04 2.274862404130134955e-04 2.285432871557222933e-04 2.328508561464676259e-04 2.433914704930884737e-04 2.599354773287301280e-04 2.811699503533308117e-04 3.103826259405805064e-04 3.624572417789324354e-04 4.269967213377771236e-04 4.725625380983640910e-04 7.154631398924811208e-04 8.567096508633778281e-04 1.008098736168692869e-03 1.697512345907262014e-03 2.312410128178469561e-03 3.749829796054193146e-03 5.698583205482280617e-03 8.689554070480795187e-03 1.357565325080101193e-02 1.667355805385618492e-02 2.665013356253310636e-02 4.366102408782280425e-02 5.315225179925964910e-02 6.022093407437575929e-02 9.607381917010002215e-02 1.829320474492959203e-01 3.053474839119070250e-01 4.169753800533321786e-01 4.711787879592551631e-01 4.515318047035408178e-01 3.843954424827096816e-01 3.217108957415731885e-01 3.073422856938070047e-01 3.554313501435317213e-01 4.518034527323006588e-01 5.689922760472583274e-01 6.813125773243935424e-01 7.727964629947340347e-01 8.379189672324010019e-01 8.784291050070880402e-01 8.995111478387746162e-01 9.069687872816407648e-01 9.057597121694128672e-01 8.995386268120045825e-01 8.907435919430942706e-01 8.808808557126034389e-01 8.708213658902587140e-01 8.654279273738284539e-01 8.542139406282089897e-01 8.425847099162120379e-01 8.306694543532128217e-01 8.185495721481303999e-01 8.062760652198777134e-01 7.938838929976068659e-01 7.814012087938340123e-01 7.688525457149747444e-01 7.562562154509983037e-01 7.436172701842366228e-01 7.309181847506911467e-01 7.181098212552933235e-01 7.051051871806868210e-01 6.917780110725878506e-01 6.779673274552043827e-01 6.634882286339836011e-01 6.481478782716659781e-01 6.317649629784229948e-01 6.141901287100912654e-01 6.049224924854654795e-01 5.856891470172466141e-01 5.630915824174319573e-01 5.366164072169851140e-01 5.058575883050220323e-01 4.706479253777441363e-01 4.312017842672291601e-01 3.882081841660190991e-01 3.427859561042181924e-01 2.962391136190395957e-01 2.496886208344543945e-01 2.038985160287503373e-01 1.597501167828007107e-01 1.194094343843141726e-01 8.707088380432757846e-02 6.730713035162036451e-02 6.103156287451476369e-02 6.394850365889062638e-02 7.139877435419041130e-02 8.031259938485788008e-02 8.162215476957915272e-02 6.696779249772859266e-02 4.612410990923414972e-02 3.568258683691141742e-02 3.674535403209908818e-02 3.399830907990603057e-02 2.284966353239391984e-02 1.547782742535327820e-02 1.334576664517061161e-02 8.915473670055644798e-03 6.137372010827658528e-03 4.310389600170770261e-03 2.911087990964611721e-03 2.313904298777990504e-03 1.413742407495609471e-03 1.156765938140321857e-03 9.108470377990495912e-04 5.575211171031305276e-04 5.012176734850540575e-04 4.259750123035107357e-04 3.599168864007576451e-04 3.185580442740172137e-04 2.854533940845987950e-04 2.581558402859807002e-04 2.407687018250804286e-04 2.339105148722550891e-04 2.324287332430843237e-04 2.310758348456876088e-04 2.290855175923108553e-04 2.264387771224047328e-04
2.240355103222212000e-04 2.246598024754871479e-04 2.250066307316757981e-04 2.257210121712519783e-04 2.277171620316797420e-04 2.347513021663960467e-04 2.486825640636612460e-04 2.649054921315878268e-04 2.809365686589751824e-04 3.092114750375651562e-04 3.706489085916247952e-04 4.352932459347085329e-04 4.687526229594689633e-04 6.893364253271769358e-04 8.185974097598220029e-04 1.043963765473080070e-03 1.812442481727768399e-03 2.561588522092828231e-03 4.011917268713683510e-03 6.054589170454012861e-03 8.851984942749370130e-03 1.383276265372811349e-02 1.679858599388539542e-02 2.561747965221511728e-02 4.272648194914518277e-02 5.433514432943227501e-02 6.038104355476811569e-02 8.773757118944248978e-02 1.627116327430373488e-01 2.801362927684987736e-01 4.009121471074656995e-01 4.753632882043507535e-01 4.758570353180499035e-01 4.154617459567914728e-01 3.344973722746839573e-01 2.710397627364555806e-01 2.429972224547044535e-01 2.484699657025208619e-01 2.752703139388622544e-01 3.101731663736748690e-01 3.438562758341230374e-01 3.717804689982144306e-01 3.929324548490192859e-01 4.081429350615744522e-01 4.188331213611352632e-01 4.263478514735257741e-01 4.317186326699208876e-01 4.356531092215132350e-01 4.386074816741173388e-01 4.408682903247689855e-01 4.418773669374889135e-01 4.436381632484754367e-01 4.450689131707833424e-01 4.461700950882175332e-01 4.469288411413941953e-01 4.473224895622969211e-01 4.473205836286993642e-01 4.468852183883763596e-01 4.459700887537104141e-01 4.445189502012805161e-01 4.424644008376776294e-01 4.397278956338177558e-01 4.362217107211897593e-01 4.318532237856606559e-01 4.265314304858195960e-01 4.201751580543590103e-01 4.127220496390962556e-01 4.041371477268037582e-01 3.944198484174001873e-01 3.836081439097575596e-01 3.778145840459622429e-01 3.657036548122475916e-01 3.514680544297450471e-01 3.349352352735140426e-01 3.160267888880466947e-01 2.947930975104738893e-01 2.714235371671377406e-01 2.462120900006254109e-01 2.194778880654544573e-01 1.914940747811631205e-01 1.625538518450379277e-01 1.333187506120203369e-01 1.053935101457013773e-01 8.157375497533081443e-02 6.481588338776994584e-02 5.581320224383738704e-02 5.171073190055671537e-02 4.946673219698877882e-02 5.019664540669951242e-02 5.399036431500971872e-02 5.316966179023253219e-02 4.361493969986091068e-02 3.250479009481245518e-02 2.899678699861564513e-02 3.207970570841071206e-02 2.969738288558875644e-02 2.017364305301119071e-02 1.456769371814435263e-02 1.290843931939381940e-02 8.728121282123151373e-03 6.216992280948594428e-03 4.286216074254719371e-03 2.946446780362023832e-03 2.287599328831777749e-03 1.435085203853380580e-03 1.147256684814227604e-03 9.232522260356817653e-04 5.598167096885458670e-04 5.029413240039122632e-04 4.235133248960627262e-04 3.498196325112057576e-04 3.157321194098901165e-04 2.934388672211585237e-04 2.674001871236983126e-04 2.441242143857879536e-04 2.324606134729974522e-04 2.293374704082638317e-04 2.283447112819599609e-04 2.279118042865693858e-04 2.269171189503292781e-04
2.234228514797099042e-04 2.233095192983510511e-04 2.235475700786214274e-04 2.249861937066834419e-04 2.291538501493509616e-04 2.392468255630933167e-04 2.530446260914385797e-04 2.641757399836053267e-04 2.777161285939249054e-04 3.151497327814965343e-04 3.828329405973761876e-04 4.289370113236389698e-04 4.494746568416521952e-04 6.611772553156435072e-04 8.218517068177333190e-04 1.152647665359531276e-03 1.976608299379404004e-03 2.823355908261016792e-03 4.182545754258530819e-03 6.285608354859775065e-03 8.827552557048125303e-03 1.385537109322388348e-02 1.681072283388606106e-02 2.435173263517040679e-02 4.133411182543873796e-02 5.543299399908985237e-02 6.156013472285633281e-02 8.074537175618634599e-02 1.407478541102572811e-01 2.452944475239196565e-01 3.634008612216197420e-01 4.465200553995172239e-01 4.629461439042751869e-01 4.181706074214435187e-01 3.424060447078785541e-01 2.662556017225471972e-01 2.076194299495464635e-01 1.713468868945109969e-01 1.542647743075076794e-01 1.503391338398175903e-01 1.539392290689053366e-01 1.610935978947087843e-01 1.694750629561752042e-01 1.779078931879906067e-01 1.858736816339000564e-01 1.931777538089701207e-01 1.997686038558929567e-01 2.056545803388459825e-01 2.108696539940978498e-01 2.154598986043824160e-01 2.177200905335030801e-01 2.220774979547028571e-01 2.261847518572526750e-01 2.300017777016813980e-01 2.334881370529924283e-01 2.366031874829243320e-01 2.393059713966440571e-01 2.415549769709189609e-01 2.433080059613191293e-01 2.445224115491866357e-01 2.451559272039819937e-01 2.451682023730908655e-01 2.445230137915958557e-01 2.431909626144970193e-01 2.411523307716067210e-01 2.383996846846170581e-01 2.349398009835194090e-01 2.307945537603166286e-01 2.260005378953157396e-01 2.206073863293311899e-01 2.177045320011625762e-01 2.116205263736715692e-01 2.044476187316030258e-01 1.960780410823326214e-01 1.864188474500814985e-01 1.753953044429449604e-01 1.629539132895549136e-01 1.490750956009955219e-01 1.338187919131765824e-01 1.174349380645743485e-01 1.005473172078437949e-01 8.432274802933183155e-02 7.036801850550185311e-02 6.002211792658661976e-02 5.314293513714406919e-02 4.764733420924384399e-02 4.162653692703351810e-02 3.667224565372075723e-02 3.584690463472541000e-02 3.641414069872241782e-02 3.278275904931478302e-02 2.628565560846107471e-02 2.132671764659203884e-02 2.207397813386905924e-02 2.623041221013681229e-02 2.461702885663867926e-02 1.720355075980280202e-02 1.337180493746640587e-02 1.204834857584880306e-02 8.293967196237411049e-03 6.244406481615269455e-03 4.272504146759500271e-03 3.002376760313877138e-03 2.253738399308418718e-03 1.457426694100859418e-03 1.130289221522562046e-03 9.376252042281421921e-04 5.626225926923228817e-04 5.005866160176949920e-04 4.311113898328656677e-04 3.473224868194017996e-04 3.048273285525695099e-04 2.905679102994252871e-04 2.746992766348472386e-04 2.520291802961583424e-04 2.349826711032050250e-04 2.280526032734298458e-04 2.257916367177500918e-04 2.255442561932547016e-04 2.258491734119937207e-04
2.222565575923259572e-04 2.221619058130983189e-04 2.229918145493674296e-04 2.260848543833544693e-04 2.328753297989568977e-04 2.429960292792774507e-04 2.518214132904252663e-04 2.599159393893519447e-04 2.820524479398285969e-04 3.276214226259835795e-04 3.793176853549592542e-04 4.033160041791120521e-04 4.290571241470892512e-04 6.763166907870238765e-04 8.842418583079740850e-04 1.310812786448125331e-03 2.114034675635764228e-03 3.033771438774625785e-03 4.230293146929151558e-03 6.401346532027289010e-03 8.663945970122786944e-03 1.365430810840481506e-02 1.679263716136605508e-02 2.309666706479573603e-02 3.945601912009886331e-02 5.599771890608323810e-02 6.382568870027187369e-02 7.636054718631350713e-02 1.189669935207241652e-01 2.015722791523562873e-01 3.018731186224871132e-01 3.781068689924803605e-01 4.022941142448815399e-01 3.764130381895756661e-01 3.203243837492344426e-01 2.550964937103555874e-01 1.954844684053515802e-01 1.488602012713460265e-01 1.166958006267868470e-01 9.698458148507739518e-02 8.649642922215185215e-02 8.218125689957073154e-02 8.170643487364037671e-02 8.347576815730169131e-02 8.645963267157634469e-02 9.001329635566381049e-02 9.374036615661977823e-02 9.740274054971932716e-02 1.008636525584741955e-01 1.040514720386904596e-01 1.056641530045324406e-01 1.088457408990327197e-01 1.119260734074170177e-01 1.148571292152789913e-01 1.175949571187222958e-01 1.200997645464090408e-01 1.223359467351158858e-01 1.242720881584269410e-01 1.258809832650343019e-01 1.271397199861095395e-01 1.280298484847358642e-01 1.285376255711414839e-01 1.286542913456565351e-01 1.283763087648585044e-01 1.277054868848145897e-01 1.266489186167875092e-01 1.252186931610614617e-01 1.234313863037656556e-01 1.213073793002019951e-01 1.188700983379736287e-01 1.175419527453490653e-01 1.147271385903904095e-01 1.113605008330361412e-01 1.073745335031182219e-01 1.027100747660857072e-01 9.732921378575902505e-02 9.123772090214243846e-02 8.452062699441041660e-02 7.738907296953298487e-02 7.021903878435353796e-02 6.352897518418688938e-02 5.781048847235801397e-02 5.316251489049002299e-02 4.890283736444341056e-02 4.373897925865481012e-02 3.711904566943172168e-02 3.090034341023132139e-02 2.806456012952591658e-02 2.775020429179094264e-02 2.522285701300812366e-02 2.005755971407682109e-02 1.554405148631760915e-02 1.331973905788138082e-02 1.541137146754025140e-02 1.938700888765487046e-02 1.884168015125453274e-02 1.406290681606781230e-02 1.200106838085353116e-02 1.086819070390016365e-02 7.573925627251469964e-03 6.075173278900134442e-03 4.216316843816538679e-03 3.095538343225223525e-03 2.219953176292196323e-03 1.486763720503551890e-03 1.104931300092819486e-03 9.491118604246765898e-04 5.697450951011019888e-04 4.935771990768402255e-04 4.309843282487686939e-04 3.573058028608844727e-04 3.024106349650290963e-04 2.794351438848713268e-04 2.715136939437733489e-04 2.584556048381799658e-04 2.415237256348263942e-04 2.299816860846000540e-04 2.248253840625930109e-04 2.235273016371990267e-04 2.237973472216919356e-04
2.213514658164719316e-04 2.217832943227520163e-04 2.237491823324799540e-04 2.293228371598007756e-04 2.360943277428501996e-04 2.416815114958252336e-04 2.469229941698025308e-04 2.633037151102739985e-04 2.946608723530544046e-04 3.259505287570161800e-04 3.539316580778974425e-04 3.795462564116957238e-04 4.342399654433054881e-04 7.590248976556604856e-04 9.670786710652105747e-04 1.465691634984458546e-03 2.173341570583041393e-03 3.177476919798655035e-03 4.179616451228961027e-03 6.423461111395798936e-03 8.395680342968182483e-03 1.324844059806585747e-02 1.688781813748373509e-02 2.206746219107705645e-02 3.688217328665022859e-02 5.551141653361578443e-02 6.699434773963192091e-02 7.536403376148416433e-02 9.987602599573201789e-02 1.533728206261246452e-01 2.230323542244913027e-01 2.797004089589044118e-01 3.038006999584154655e-01 2.942766084698992257e-01 2.605230554858502523e-01 2.148588273430338813e-01 1.685751423317403963e-01 1.292094364846994026e-01 9.968594736874239470e-02 7.951582666639282759e-02 6.667621057373139537e-02 5.897558495923085203e-02 5.465201182541175318e-02 5.247030200490743895e-02 5.161968705685443526e-02 5.158126730613233485e-02 5.202410876004439494e-02 5.273633803493349426e-02 5.358216073977331573e-02 5.447522562587229361e-02 5.496233891834702984e-02 5.598510132815126550e-02 5.704719101138956000e-02 5.811995638903566519e-02 5.917682879075574637e-02 6.019336182575180105e-02 6.114728326400734743e-02 6.201855352107801117e-02 6.278943390925788293e-02 6.344457071068294873e-02 6.397109828964406275e-02 6.435875793927926802e-02 6.460002176502123439e-02 6.469020530755315024e-02 6.462755055921841352e-02 6.441326295890388576e-02 6.405149095228762635e-02 6.354924290215351046e-02 6.291624131679597609e-02 6.216471669439833925e-02 6.174895194342640975e-02 6.086115507243966549e-02 5.979795441695117536e-02 5.855107361960051188e-02 5.712352209486705468e-02 5.553448990492294846e-02 5.382247371703548222e-02 5.204171086856350381e-02 5.024310798853116877e-02 4.842862630544651770e-02 4.647646738989569953e-02 4.407020886977532775e-02 4.073897869373081793e-02 3.617739528970256163e-02 3.086719105844915739e-02 2.641988281209285694e-02 2.443575064694026786e-02 2.400914852072162653e-02 2.184746596828639892e-02 1.723644477902150016e-02 1.292449757117513330e-02 9.735321350068331867e-03 8.432161641909680441e-03 9.891982557256972022e-03 1.256309325823915142e-02 1.281601840775017931e-02 1.076129724494509499e-02 1.040178011564491488e-02 9.514621542632783341e-03 6.723663596609506105e-03 5.643898964500224970e-03 3.996603548531272969e-03 3.193947882217783567e-03 2.196841781876572759e-03 1.531484283816530231e-03 1.076472110855616763e-03 9.550754849064471350e-04 5.759618250291373984e-04 4.957828653779658510e-04 4.208103278217656417e-04 3.577866321966286173e-04 3.137694055640762297e-04 2.772662995616525269e-04 2.604929479350488416e-04 2.555382790627135081e-04 2.471376198408414436e-04 2.356541160893931887e-04 2.261520652351580948e-04 2.228635769220146208e-04 2.222015482097715734e-04
2.210891545259656150e-04 2.222751511438645093e-04 2.263292822502910046e-04 2.323871526801922157e-04 2.347238067585021481e-04 2.370078633701442467e-04 2.490804957964389455e-04 2.761777991796703666e-04 2.942659236536966476e-04 3.040528302767818111e-04 3.350838050889320616e-04 3.779878969459040360e-04 4.806592548437866241e-04 8.669969761043109634e-04 1.020889593118814997e-03 1.589422972971807997e-03 2.151686089380694129e-03 3.271444566975742485e-03 4.058743938636186210e-03 6.346469878411701432e-03 8.082873245845483695e-03 1.275399284022397939e-02 1.718242526636206552e-02 2.128539308860730173e-02 3.365183423070056135e-02 5.372804880184552795e-02 6.982712191798318146e-02 7.680602128580558963e-02 8.578149579674600178e-02 1.093029345746754921e-01 1.444956348775623678e-01 1.773059857373992798e-01 1.960641367054964113e-01 1.958984080354704005e-01 1.782771457386510827e-01 1.500720199930251353e-01 1.199145024465223391e-01 9.398397610374957523e-02 7.459591155609257562e-02 6.132847469324123613e-02 5.269446089305088871e-02 4.720158745847822385e-02 4.372926602782838124e-02 4.153666986871148992e-02 4.015875236660512021e-02 3.930571556465335681e-02 3.879410085201722563e-02 3.850519947209042615e-02 3.836083429813565149e-02 3.830901387654263301e-02 3.830683652973489173e-02 3.834243974690406537e-02 3.842060682899575697e-02 3.852967034292670984e-02 3.865927287764827497e-02 3.880029697820953916e-02 3.894477397370688793e-02 3.908577860316898162e-02 3.921732271020837018e-02 3.933426217667360114e-02 3.943222750994229697e-02 3.950758177307069074e-02 3.955740187851304601e-02 3.957947252996624199e-02 3.957227766162946248e-02 3.953497278308840818e-02 3.946732322518386321e-02 3.936959742677600960e-02 3.924241035075858725e-02 3.908651905022089701e-02 3.899802548049356721e-02 3.880328917950050943e-02 3.855819580839114219e-02 3.825012711311292363e-02 3.786102635166895686e-02 3.736370269414776568e-02 3.671636918187287657e-02 3.585619209782509031e-02 3.469554548629458224e-02 3.313051950056044442e-02 3.107920165847422034e-02 2.856914519357578452e-02 2.586571982150131718e-02 2.354194299030774179e-02 2.225646657577899992e-02 2.205957870568872256e-02 2.171751047283669578e-02 1.949264238918098358e-02 1.552029687527769694e-02 1.182948752915069339e-02 8.917013873933630000e-03 6.612506730465881125e-03 5.785136158997937830e-03 6.173149335034393628e-03 7.254086882848466943e-03 7.576524311786756415e-03 7.452103836133709865e-03 8.390824978464189732e-03 7.936825070786218683e-03 5.890140506004490351e-03 5.095902380998855105e-03 3.579736871627636416e-03 3.169793500495911819e-03 2.164091161199701522e-03 1.603701259527809311e-03 1.050595977738958678e-03 9.616995645554797262e-04 5.784237681277245137e-04 4.938325734539591614e-04 4.283010548013308633e-04 3.456688814845326491e-04 3.148249019897611544e-04 2.896388225143704093e-04 2.582739106905484160e-04 2.458198182223457658e-04 2.444022437041781033e-04 2.410151763271068282e-04 2.306664821434170458e-04 2.237268751190614913e-04 2.217357479007695312e-04
2.214135999787231461e-04 2.242541965803334573e-04 2.290739437174472537e-04 2.308566219311035817e-04 2.305002630010284182e-04 2.383755741946779773e-04 2.606694881046205180e-04 2.766794262565514841e-04 2.749918535110052907e-04 2.914327977626996477e-04 3.351140032875863663e-04 4.087131467070860428e-04 5.439426683875255063e-04 9.487429796142069502e-04 1.035779856231489483e-03 1.675797414709563268e-03 2.070542042814452807e-03 3.329170074734406383e-03 3.886221640852120969e-03 6.180576008751516130e-03 7.864162728085634380e-03 1.226608917073068739e-02 1.739410786368678768e-02 2.079699559428608430e-02 3.050559813627566272e-02 5.014112172391210070e-02 6.927591207153670216e-02 7.722107661728641603e-02 7.657502251673722893e-02 7.755256309694601169e-02 8.566671032082309734e-02 9.803581615371587121e-02 1.076480071945989797e-01 1.084955607539742767e-01 9.965354805461047738e-02 8.517009508292211484e-02 7.014523027033742197e-02 5.763484826558774171e-02 4.835816749456373770e-02 4.181039965432611222e-02 3.723014521563970669e-02 3.400538164024508730e-02 3.172462942042690581e-02 3.011734617386652504e-02 2.899636517000389602e-02 2.822500549360850569e-02 2.770124547432569959e-02 2.734948000862325035e-02 2.711487290338194384e-02 2.695863894546268041e-02 2.689645469780577863e-02 2.679954690663427508e-02 2.673049904480334638e-02 2.667982766097531586e-02 2.663933100587866087e-02 2.660212705048159432e-02 2.656260946542599380e-02 2.651634381737702842e-02 2.645992808982481834e-02 2.639083910038878336e-02 2.630728103875571225e-02 2.620804593753066694e-02 2.609238997280402192e-02 2.595992518936779403e-02 2.581052410955229567e-02 2.564423470819388040e-02 2.546120495991846880e-02 2.526161884053044343e-02 2.504564843489785753e-02 2.481342886540624168e-02 2.469125830812103975e-02 2.443871480316612416e-02 2.414344045327759813e-02 2.379799711369280299e-02 2.339439986360412546e-02 2.292536328506667234e-02 2.238720671476614882e-02 2.178551831439647785e-02 2.114435874403291019e-02 2.051754774899408607e-02 1.999434861318827999e-02 1.968071115723903086e-02 1.962799413180799785e-02 1.969979043394672058e-02 1.945685186412583409e-02 1.828537898471583809e-02 1.594811605280152186e-02 1.309440630806596971e-02 1.061457189211855411e-02 8.397553215856732103e-03 6.268615607999943745e-03 4.942884452211710605e-03 4.244402509198825016e-03 4.096330618474137812e-03 4.138749856586771726e-03 4.081252099070466731e-03 4.561324048230699230e-03 5.967983387995666467e-03 6.056789944673722850e-03 4.996734620562868524e-03 4.543011125138081766e-03 3.136288719988171176e-03 2.949011851658963485e-03 2.023275856263074060e-03 1.701853658040224874e-03 1.032819210199193696e-03 9.729838347263565761e-04 5.878797660845073818e-04 4.806919976758594571e-04 4.308614215618822925e-04 3.550308522273589893e-04 3.018161181472526675e-04 2.912307293102310373e-04 2.697761304173059696e-04 2.440884229488759528e-04 2.360518215209548947e-04 2.381846075290195862e-04 2.354666749865872517e-04 2.271964561784957327e-04 2.223085740338583702e-04
2.229233915376355993e-04 2.266597388997434060e-04 2.276284276356952568e-04 2.268737846924501179e-04 2.312652990816345963e-04 2.485346829406082699e-04 2.610444975918814795e-04 2.589838096252040207e-04 2.665514682707139423e-04 2.924346459857292088e-04 3.595390588327076141e-04 4.524560285858412198e-04 5.909465382860408121e-04 1.000933676824218273e-03 1.013738862550309962e-03 1.733908869160905725e-03 1.959299688290925406e-03 3.338182054127675300e-03 3.703227966568954557e-03 5.990435597278449473e-03 7.857959752861654393e-03 1.161065496020461524e-02 1.711840916566577733e-02 2.104353097184449850e-02 2.814885663164878524e-02 4.384728351009452296e-02 6.224857166816947368e-02 7.146838691124063336e-02 6.763227610172903304e-02 5.875140031561121301e-02 5.343028789588406824e-02 5.253544698858345074e-02 5.225781815888012188e-02 4.956155287051765279e-02 4.451261065957279328e-02 3.897782360707700150e-02 3.442312902448392553e-02 3.118171932902244481e-02 2.893674435565960976e-02 2.729491248605032949e-02 2.600743587083030606e-02 2.495541987096000155e-02 2.408337635264988161e-02 2.335692579642141553e-02 2.274785999099715114e-02 2.223197033311418228e-02 2.178972513174059003e-02 2.140635899089409974e-02 2.107112122182467837e-02 2.077621551876824429e-02 2.063014149282052165e-02 2.034511123520605508e-02 2.006978835211115086e-02 1.980473700996819575e-02 1.955075288872923020e-02 1.930872691133792007e-02 1.907951883502906690e-02 1.886385560143336373e-02 1.866226282983424190e-02 1.847503119057004525e-02 1.830221377256760484e-02 1.814364673065186132e-02 1.799898377893199841e-02 1.786773536913946123e-02 1.774930520459400141e-02 1.764301944071439837e-02 1.754814681095090770e-02 1.746391037407342070e-02 1.738949316563991043e-02 1.732404054662231921e-02 1.729439890464288740e-02 1.724144444189333950e-02 1.719071950505609778e-02 1.714254329509007704e-02 1.709672004393783529e-02 1.705207423136193695e-02 1.700555836471044288e-02 1.695046379401245890e-02 1.687290855037066814e-02 1.674560867500185860e-02 1.651899711595343143e-02 1.611408243917280755e-02 1.543042409208529760e-02 1.439012109841648901e-02 1.302088862585127835e-02 1.150902067274008587e-02 1.007942794475031809e-02 8.718195572466792484e-03 7.209409573054277598e-03 5.719404918942543568e-03 4.665711257606289068e-03 3.835673472861393651e-03 3.249006187212581404e-03 2.960178389143839923e-03 2.620959157857914203e-03 2.320289255852793064e-03 2.567468569611867490e-03 3.551315287030005000e-03 4.027657586029538724e-03 3.956452653142292046e-03 3.852585596323471889e-03 2.769117910875212255e-03 2.693567482239399898e-03 1.742469612193630387e-03 1.725286806301941150e-03 1.027925644237238922e-03 9.939311066924098794e-04 6.004189151592357427e-04 4.803865567442997149e-04 4.149737573843247573e-04 3.596943468111888460e-04 3.121679576537064109e-04 2.776695903266105932e-04 2.707788179567110999e-04 2.545870693832312775e-04 2.346921761064165270e-04 2.305804369528043475e-04 2.328762784792247039e-04 2.314035813592645280e-04 2.249627623236903574e-04
2.250177452357106974e-04 2.253703483139323492e-04 2.242262460900214661e-04 2.272815951093928573e-04 2.397266203994291513e-04 2.492483708434455611e-04 2.455630699520176146e-04 2.529961531882154915e-04 2.683607430720909314e-04 3.078937876947766480e-04 4.031315653156540297e-04 4.663705644231996069e-04 6.379706751193297632e-04 1.005988619238955446e-03 9.762831261150460224e-04 1.780392744838077065e-03 1.829623607759177026e-03 3.282410812998774133e-03 3.601760156919846332e-03 5.822052953557306336e-03 7.925822402416793366e-03 1.068218624188808745e-02 1.656685527508493586e-02 2.199388416786765207e-02 2.652687630514607986e-02 3.571616967435973372e-02 4.878727678792649930e-02 5.629503021820533165e-02 5.377215126878736456e-02 4.660266105747927490e-02 3.921264883082616753e-02 3.220302417095785574e-02 2.597242552199343843e-02 2.116488470975269598e-02 1.798972412708762375e-02 1.618049788735975714e-02 1.526039475971718851e-02 1.481180564931927797e-02 1.459146306857139405e-02 1.449483444322502770e-02 1.447884306634737717e-02 1.451477130263431267e-02 1.457591296674589157e-02 1.464001738015070775e-02 1.469248404234874301e-02 1.472644694120456982e-02 1.474076201429645565e-02 1.473757847850568070e-02 1.472042251646062984e-02 1.469300794184018322e-02 1.467492673068994391e-02 1.463076390687756585e-02 1.457664964345369019e-02 1.451353568722619884e-02 1.444239708967385086e-02 1.436416221857751523e-02 1.427966859968574434e-02 1.418964273731947862e-02 1.409469902352504002e-02 1.399535116214239462e-02 1.389202922884011544e-02 1.378509636245308333e-02 1.367486078680875752e-02 1.356158097432663863e-02 1.344546386775110659e-02 1.332665782797132041e-02 1.320524313789390829e-02 1.308122335737568059e-02 1.295452061052988074e-02 1.282497711787528027e-02 1.275907098775446065e-02 1.262680261966111703e-02 1.247756739172535025e-02 1.230840856883932966e-02 1.211568818822396365e-02 1.189501752452948487e-02 1.164129869300985741e-02 1.134897407569722058e-02 1.101260432186697107e-02 1.062789613893525345e-02 1.019319449379087715e-02 9.710936293267568090e-03 9.187043246834544763e-03 8.623965603748463479e-03 8.005158816906792277e-03 7.286875437100165907e-03 6.440836710256025131e-03 5.549311054079222351e-03 4.780940087102564760e-03 4.129273371374061856e-03 3.445139664087721720e-03 2.914012156827152939e-03 2.598877795703074915e-03 2.238969545570448135e-03 1.854705033312162602e-03 1.546754356006357000e-03 1.553626662024004852e-03 1.864583183889939903e-03 2.231072800040075164e-03 2.774899167324585986e-03 2.969052186228880209e-03 2.379310645937302276e-03 2.469912206760779393e-03 1.492276456898245429e-03 1.586597151161534165e-03 9.808336012438450408e-04 1.027578743185012357e-03 6.309107459585622159e-04 4.698122211780968952e-04 4.234964357643617003e-04 3.435569473255875106e-04 3.182166758846657981e-04 2.885764449722127457e-04 2.574374831115591755e-04 2.557162665290477633e-04 2.437400812506762115e-04 2.294442593663098768e-04 2.265520150227848370e-04 2.291074688643693542e-04 2.286301128253849242e-04
2.238598136908826028e-04 2.225648619510317821e-04 2.244492102864454751e-04 2.344709954991410167e-04 2.405217905901673033e-04 2.363634658572787920e-04 2.416268608601430652e-04 2.550744569198022779e-04 2.781191260556883601e-04 3.453757011059539793e-04 4.063909550643884862e-04 4.885302677733817421e-04 6.612846229767292781e-04 9.837397701139124952e-04 9.507284895550785183e-04 1.787402815901593034e-03 1.706001141356293166e-03 3.190846534385507853e-03 3.679392204631566545e-03 5.518983682228625030e-03 7.796138427232163909e-03 1.006145182685516323e-02 1.581211575960417282e-02 2.211220726741301365e-02 2.534051382733974039e-02 2.831689682243940936e-02 3.288784838227140628e-02 3.613842102404143247e-02 3.678266841432371870e-02 3.478641036139228787e-02 2.912729034554636248e-02 2.144485100694793270e-02 1.489079790183625920e-02 1.078079340327360754e-02 8.657982878380935526e-03 7.691823792659067266e-03 7.317399620633559774e-03 7.242770564158713606e-03 7.321190995966515846e-03 7.469318293370314117e-03 7.635429222889488117e-03 7.789320279181698344e-03 7.916902658623199349e-03 8.014825649565137516e-03 8.085556284638773308e-03 8.133831879323101532e-03 8.164632018464018301e-03 8.182287831967366420e-03 8.190249292152198407e-03 8.191151399192605001e-03 8.189396426641544838e-03 8.181590855767879172e-03 8.168261523984461300e-03 8.149627681918613156e-03 8.125896827516231394e-03 8.097286548489315144e-03 8.064044703883608764e-03 8.026463498195869281e-03 7.984884315141481739e-03 7.939691883885137413e-03 7.891298185856732497e-03 7.840118210015779160e-03 7.786540994827191760e-03 7.730900181881940683e-03 7.673448453554354912e-03 7.614339728368389390e-03 7.553621923487194648e-03 7.491241620869282247e-03 7.427060304597512229e-03 7.360880211390971768e-03 7.326970472473613542e-03 7.258404705936047016e-03 7.180239334068631851e-03 7.090730407837553609e-03 6.987897541436693082e-03 6.869623717147218395e-03 6.733810946120810832e-03 6.578526108747788023e-03 6.401997444039158290e-03 6.202310891638460923e-03 5.976867413929976523e-03 5.722230717369346242e-03 5.435662428705661207e-03 5.119271910553432024e-03 4.784460884979146317e-03 4.448110913294062684e-03 4.110944091407213452e-03 3.734660541014103198e-03 3.284814245300866908e-03 2.842190222512027114e-03 2.534571303496705418e-03 2.285922132722008424e-03 2.006743094529236070e-03 1.715425038047126236e-03 1.389252198794849831e-03 1.172558674567900647e-03 1.101653466789796016e-03 1.095588492826561882e-03 1.149969370225530389e-03 1.587311390867027433e-03 1.966963098099489861e-03 1.936133511097085699e-03 2.127192503230414342e-03 1.321441763212396299e-03 1.453479812661985157e-03 8.563974564760123238e-04 1.003067036084013229e-03 6.774806339585588786e-04 4.806252235528058652e-04 4.079162938224164051e-04 3.580557247165266173e-04 3.019829583624490882e-04 2.952560147197352304e-04 2.666869365919812994e-04 2.437904685623237290e-04 2.447982416057410118e-04 2.373320220969907788e-04 2.257392540875813802e-04 2.240087668890029988e-04 2.265682446521593337e-04
2.215743079314315910e-04 2.226954648212389482e-04 2.302759274473767099e-04 2.351534264136258072e-04 2.300562303974965669e-04 2.344265810988170227e-04 2.430763758840261634e-04 2.612214498836426123e-04 3.114033677009397103e-04 3.417667268010547450e-04 4.308610896370778645e-04 4.814823935901887432e-04 6.895572130554796560e-04 9.440301244814327565e-04 9.386906431310540000e-04 1.730499582850144810e-03 1.654795908427951490e-03 3.086892983857470255e-03 3.875840311271395999e-03 4.942345342896647606e-03 7.673253458258603478e-03 1.013205467713722968e-02 1.421869197907513205e-02 2.006028529544743103e-02 2.330728306178605352e-02 2.240675719990660800e-02 2.059758626312885657e-02 2.073919155246931045e-02 2.200846294289611135e-02 2.101362574717026768e-02 1.684489032983346041e-02 1.199837920622339425e-02 8.473130107848989012e-03 6.420376154685688078e-03 5.313295263205410589e-03 4.738567552147443171e-03 4.465509059945629508e-03 4.358383141082521062e-03 4.333175172280899490e-03 4.341911286500183334e-03 4.360966190195962253e-03 4.380599524754282340e-03 4.397617936604211221e-03 4.411350937236923134e-03 4.421891325342083845e-03 4.429500367544713692e-03 4.434473943241887782e-03 4.437134237809681366e-03 4.437829285036070173e-03 4.436918375099747902e-03 4.435869736499741672e-03 4.432561822919007036e-03 4.427634115580033995e-03 4.421115141537521054e-03 4.413068732565810989e-03 4.403583783668704559e-03 4.392760031608042466e-03 4.380691723854418171e-03 4.367451507259198680e-03 4.353077008009811899e-03 4.337562357883400534e-03 4.320856352791169197e-03 4.302868066543781393e-03 4.283479692325908167e-03 4.262565289714576391e-03 4.240013137263737644e-03 4.215748685288045125e-03 4.189754795848585345e-03 4.162086119966483533e-03 4.132875100616480689e-03 4.117753135930199426e-03 4.087096506232719070e-03 4.052394979233859759e-03 4.013496070445816792e-03 3.970404696255499730e-03 3.923243153817248738e-03 3.872074145600133601e-03 3.816527943867861587e-03 3.755254056219698572e-03 3.685396775172242005e-03 3.602506372447499168e-03 3.501289721535220337e-03 3.377058872889203249e-03 3.226922962183943321e-03 3.050229125189022131e-03 2.850564946967599263e-03 2.641871563711288215e-03 2.449367676336046667e-03 2.285197982931766892e-03 2.120362870263916254e-03 1.930095641607210448e-03 1.740050653663925868e-03 1.525920450731297826e-03 1.275843083872010928e-03 1.074521339832417354e-03 9.493548451882352808e-04 8.729832771076445836e-04 7.801140535821776949e-04 7.285130339136579834e-04 8.310789077578588585e-04 1.043149715775632718e-03 1.415584337138029629e-03 1.643203812983658890e-03 1.157412735967614783e-03 1.341744657058029696e-03 7.846730572462130328e-04 8.448504511944052598e-04 7.124373783038046330e-04 4.916390464717318312e-04 4.230253075229111577e-04 3.422874721009476744e-04 3.197519660778469063e-04 2.781567551457823830e-04 2.719925493390237944e-04 2.522630316817159194e-04 2.345098063430368159e-04 2.381707257729975054e-04 2.322611978451928833e-04 2.234604257681345127e-04 2.224744548723400284e-04
2.216383848413624666e-04 2.273223190378289139e-04 2.309471258445167292e-04 2.262964114936776906e-04 2.294102747110516097e-04 2.358891101188943134e-04 2.457263035730859789e-04 2.908488989333769727e-04 3.031228189314664925e-04 3.688536028949721598e-04 4.142329609184601459e-04 4.937039118685336569e-04 7.150720289279957143e-04 8.694686251759522165e-04 9.518911551003024583e-04 1.623967342417388963e-03 1.751528101233250758e-03 2.850666404401236854e-03 3.954487935350249964e-03 4.556937436701907762e-03 7.550560363275598402e-03 1.018090270328652833e-02 1.233111159154934994e-02 1.599574752042059664e-02 1.818264735244130501e-02 1.658356911217388763e-02 1.431333740933268990e-02 1.327159797441444626e-02 1.194287131638519135e-02 9.589377688929919680e-03 7.123730822989588797e-03 5.367292191945345972e-03 4.332682960941419345e-03 3.744668278072046334e-03 3.410268619754727292e-03 3.221492114613284420e-03 3.109357838745887507e-03 3.033012600157562397e-03 2.973652821564725345e-03 2.924734922567147691e-03 2.884235162398773433e-03 2.851052200282837377e-03 2.824053688314173000e-03 2.802080993213215427e-03 2.784093681218408143e-03 2.769237110128915883e-03 2.756839205372095709e-03 2.746378601808875143e-03 2.737450472508596699e-03 2.729739244633469421e-03 2.725953489667126434e-03 2.718583820021554243e-03 2.711401033668678091e-03 2.704295409285184092e-03 2.697145973212430967e-03 2.689823821488912092e-03 2.682197415503741102e-03 2.674139578106883401e-03 2.665535622891395708e-03 2.656291791245432316e-03 2.646342993125944208e-03 2.635658787244136991e-03 2.624246621435803641e-03 2.612151592713870662e-03 2.599452363927847853e-03 2.586253350772249084e-03 2.572673808485739875e-03 2.558834927430441320e-03 2.544846413257165815e-03 2.530794212735980146e-03 2.523762172238454542e-03 2.509906312451609407e-03 2.494678905049698987e-03 2.477876462966361812e-03 2.459176438889279503e-03 2.438095317971270774e-03 2.413982672109815566e-03 2.386099809411745560e-03 2.353821730016271256e-03 2.316923395855282394e-03 2.275744756139270672e-03 2.230871990105644329e-03 2.182132366723355931e-03 2.127470078460215117e-03 2.063125852809727205e-03 1.985781514120273962e-03 1.894754189167998986e-03 1.792411509494381628e-03 1.683940423524116258e-03 1.571591728936281998e-03 1.441752540156735016e-03 1.282776196016057347e-03 1.119193542496557106e-03 9.755444523882404306e-04 8.629132643792360429e-04 7.855153161127163830e-04 7.082287522275595212e-04 6.249920904304110932e-04 5.659635339488691165e-04 5.481012180654485678e-04 5.560152438967197507e-04 8.216002608439220041e-04 1.076400459456524619e-03 9.907438167689425028e-04 1.140142758308174955e-03 7.694792403577639618e-04 7.256761889502256601e-04 6.448781428238910480e-04 5.116680517260535155e-04 4.226593646534609981e-04 3.623107728749512318e-04 3.033387043028130123e-04 2.966582419308989166e-04 2.561025485465424673e-04 2.575745942404589206e-04 2.416898286203478837e-04 2.290129554060343789e-04 2.330668297429247125e-04 2.287104704200187998e-04 2.220951244111066139e-04
2.252247399876879032e-04 2.279555870564812354e-04 2.238503964611798238e-04 2.261829880178860221e-04 2.308567490457276385e-04 2.366880303628033440e-04 2.685234843344911368e-04 2.781473177113718241e-04 3.305582158845850587e-04 3.516575580279016761e-04 4.267447522218042197e-04 5.039432939555794650e-04 7.178739026959983028e-04 7.728002837516363644e-04 1.010128331350504437e-03 1.499364368525388149e-03 1.969697739444917477e-03 2.367176116846786069e-03 4.024321896421763183e-03 4.751691781857255749e-03 6.719887869465071897e-03 9.517005960567526818e-03 1.084564338165534825e-02 1.122135465728236678e-02 1.119513737310089477e-02 1.106723513631767582e-02 1.098769061440296561e-02 9.303472612608974096e-03 6.435963845904365925e-03 4.151336318982476979e-03 2.928517268898524380e-03 2.387544368953946946e-03 2.168824355907425679e-03 2.093391004530967617e-03 2.075682909494592620e-03 2.072383374572338115e-03 2.066070240410962117e-03 2.053715779789297164e-03 2.037490125928377842e-03 2.020092938300103655e-03 2.003365637624248980e-03 1.988230944789079122e-03 1.974952405982959795e-03 1.963406093716899264e-03 1.953295779152795959e-03 1.944297001548886015e-03 1.936134290920931821e-03 1.928607906107937097e-03 1.921590302148155818e-03 1.915009320148407853e-03 1.911587947856362157e-03 1.904565331447772864e-03 1.897297911780246185e-03 1.889796787328416232e-03 1.882091691257463395e-03 1.874228394609652815e-03 1.866264551006598495e-03 1.858264370004523427e-03 1.850292631797317931e-03 1.842408630394786959e-03 1.834660647206112381e-03 1.827081509478693973e-03 1.819685681731616610e-03 1.812468182564351896e-03 1.805405428733298156e-03 1.798457902183908143e-03 1.791574335595896112e-03 1.784696940527688395e-03 1.777767080429796262e-03 1.770730735445104212e-03 1.767158176678856668e-03 1.759989470669141029e-03 1.751896429503593680e-03 1.742727843250196787e-03 1.732327524887057948e-03 1.720542751438379220e-03 1.707222646291745591e-03 1.692189908939007370e-03 1.675169771989615253e-03 1.655682338954443189e-03 1.632958902646841929e-03 1.605999559914091535e-03 1.573836210663504334e-03 1.535777659946698957e-03 1.491099738834893509e-03 1.438121397364035010e-03 1.374152365394828122e-03 1.297808558001210897e-03 1.211356101325556690e-03 1.119561561031295893e-03 1.026841224640974784e-03 9.355934833335612967e-04 8.495246360491448242e-04 7.765419148416813095e-04 7.173974883083376018e-04 6.520104813375687206e-04 5.854079005397755907e-04 5.228103778413102859e-04 4.786544821143655891e-04 4.368284421657402192e-04 4.066795267923085195e-04 4.644662399847366945e-04 5.591128007044322921e-04 7.867107655034330299e-04 8.625629426091704997e-04 7.466963943505553923e-04 6.347720251001923511e-04 6.072065044706884216e-04 4.607819057624511043e-04 4.442071548114248127e-04 3.579769617276228619e-04 3.249401189243427746e-04 2.783616269191954576e-04 2.720086862701977487e-04 2.433546268733220925e-04 2.467200002277506756e-04 2.346555841035421000e-04 2.254676960494304968e-04 2.294740190935857268e-04 2.262021768380900700e-04
2.257494465762124750e-04 2.223623256326960292e-04 2.240626177370525613e-04 2.274640567794054802e-04 2.304143059755145852e-04 2.563583005433518573e-04 2.554602150345185087e-04 3.023410443718757730e-04 3.106280182978597769e-04 3.710566831285995112e-04 4.261464948175815713e-04 5.073186244035489227e-04 6.975419024256383207e-04 6.875927145868416298e-04 1.133631725474641477e-03 1.326460965602341150e-03 2.072205660128592121e-03 2.052285209970976850e-03 4.023451185203487032e-03 5.120394561813387813e-03 5.680393791665769125e-03 7.740025707242350825e-03 8.646547742392384633e-03 7.458647259205596763e-03 6.681854613223066168e-03 7.133176326130571954e-03 6.788678568444812302e-03 4.982357452920448300e-03 3.148514221438694031e-03 2.076377648173644008e-03 1.585995844027059598e-03 1.380251473000232605e-03 1.299313423491518403e-03 1.269122825685784417e-03 1.257521794905949383e-03 1.253167267268254313e-03 1.252746061634686181e-03 1.254970344872953980e-03 1.258818395758825974e-03 1.263305313107761663e-03 1.267584076529279860e-03 1.271058664113431389e-03 1.273429293582601556e-03 1.274657769861541924e-03 1.274882799840124223e-03 1.274327376223617593e-03 1.273226976685833036e-03 1.271787534765522146e-03 1.270168800943888591e-03 1.268483976270131514e-03 1.267564424946387427e-03 1.265616248671085249e-03 1.263546121205385295e-03 1.261374025366611158e-03 1.259109565204532709e-03 1.256751943061898934e-03 1.254291099858883358e-03 1.251709845306105432e-03 1.248986690220791219e-03 1.246099016057330023e-03 1.243026186595780867e-03 1.239752226520046859e-03 1.236267757777401253e-03 1.232570987560171766e-03 1.228667667348331671e-03 1.224570074004136932e-03 1.220295184438835879e-03 1.215862309840566678e-03 1.211290512656064368e-03 1.206596143408305080e-03 1.204206848326683840e-03 1.199420126199619418e-03 1.194043849659821334e-03 1.187988288495468465e-03 1.181133261914232499e-03 1.173315881131600270e-03 1.164319955701133063e-03 1.153873246807142787e-03 1.141659172998571144e-03 1.127343460587740308e-03 1.110601428290488050e-03 1.091118256391327519e-03 1.068552943159097436e-03 1.042528332996797051e-03 1.012755346528026058e-03 9.792205982966848115e-04 9.420540450132271985e-04 9.010943527676577120e-04 8.563213049692221333e-04 8.093493534146288396e-04 7.635228152179363275e-04 7.220279988504901434e-04 6.838749849743001527e-04 6.405206996129446167e-04 5.923884857457193710e-04 5.442730047715576723e-04 4.936814996257299403e-04 4.495577012270299527e-04 4.129439574750205810e-04 3.758221873460841156e-04 3.545404088917064947e-04 3.523402866806960325e-04 3.395886208525381511e-04 4.845078313312941838e-04 5.796713219583512827e-04 6.818168256065644701e-04 5.338082860655023231e-04 5.816708979846207505e-04 4.427534233262101263e-04 3.924211648172040495e-04 3.869374601006140332e-04 3.152188230556413583e-04 2.975434906173292002e-04 2.556579926798947279e-04 2.586830851478115478e-04 2.345431132838484551e-04 2.388911389831510786e-04 2.298925279819798737e-04 2.233206809686557280e-04 2.268339268084375467e-04
2.214218450245034617e-04 2.226840842139755667e-04 2.252913587906564682e-04 2.261912253125554137e-04 2.473312360153238150e-04 2.432611713902164323e-04 2.760138212000009866e-04 2.794383367623025230e-04 3.301206533844763423e-04 3.702692218570787170e-04 4.155651966150160533e-04 5.168212366410088621e-04 6.487137310139235282e-04 6.715412206431911092e-04 1.241325210614980254e-03 1.100661704100451728e-03 2.076604296624334593e-03 2.246537667479130834e-03 3.322745849466149978e-03 5.084691010549859287e-03 5.292987038868024116e-03 5.252983501335005759e-03 5.250540717225814918e-03 5.037559071679685238e-03 5.136274897511667985e-03 4.432089230343759859e-03 3.050898405114777032e-03 1.940576465618779924e-03 1.365525377916222867e-03 1.126368171558174988e-03 1.026218808507074623e-03 9.750986219312060598e-04 9.394907805300950574e-04 9.105632705250148000e-04 8.883127948875336587e-04 8.729885087281589887e-04 8.633036423597531149e-04 8.573609008620961197e-04 8.535395434117184566e-04 8.508001076496503421e-04 8.486126631391434231e-04 8.467603603625370153e-04 8.451665400007024164e-04 8.437936261327488559e-04 8.426037630537471781e-04 8.415536535256208650e-04 8.406011114246926715e-04 8.397115790871444857e-04 8.388609963253831729e-04 8.380354060796639222e-04 8.375929678512507087e-04 8.366520517574235543e-04 8.356268529711366596e-04 8.345086818488090495e-04 8.332923789701258055e-04 8.319763523214026343e-04 8.305622465270664145e-04 8.290542995687191904e-04 8.274584805006413284e-04 8.257815258992195042e-04 8.240300001426581391e-04 8.222094946067548191e-04 8.203240555335458489e-04 8.183758939053468627e-04 8.163653888252021731e-04 8.142913549081938441e-04 8.121515098617641338e-04 8.099430553494690746e-04 8.076632750794477409e-04 8.053100593380534047e-04 8.041055166564904308e-04 8.016769007757813034e-04 7.989261161645848288e-04 7.958068901849959511e-04 7.922678466758402600e-04 7.882518689865857181e-04 7.836940283941128344e-04 7.785171883803858892e-04 7.726254830132219583e-04 7.658987899144258527e-04 7.581954068856433700e-04 7.493711430190623914e-04 7.393136553986391288e-04 7.279714263073312330e-04 7.153537853117393095e-04 7.015267017419084565e-04 6.866606203883203214e-04 6.709978308602239372e-04 6.543504093723590855e-04 6.353450218696609720e-04 6.121252087607984005e-04 5.852789949465324456e-04 5.574526892289659481e-04 5.268826708603145670e-04 4.916416697362109524e-04 4.560850607699969530e-04 4.220764741066646963e-04 3.928534186111203507e-04 3.634496837390852162e-04 3.359167803309465747e-04 3.230872299868669585e-04 3.077353509522229107e-04 2.890731696385614872e-04 3.150047721297904654e-04 3.447813083228727172e-04 5.473059018713740146e-04 4.502223423423503366e-04 5.102030626899412176e-04 4.468315306655030409e-04 3.708120516909441545e-04 3.439266486988021266e-04 3.437469675514637788e-04 2.824623539287267468e-04 2.723549134629939814e-04 2.434616837201103597e-04 2.489153563511834226e-04 2.286113079306028206e-04 2.337088397749724944e-04 2.266860909251459163e-04 2.219733795696961058e-04
2.217437277644918395e-04 2.238056008426696881e-04 2.237787780441034531e-04 2.394011504120810451e-04 2.351225194332519884e-04 2.618118665216086758e-04 2.568496001638313590e-04 2.949872743148595372e-04 3.244660926687363794e-04 3.557923355564190340e-04 4.191013169116425559e-04 5.135659798842059009e-04 6.009023887506045707e-04 7.453132561545518318e-04 1.103805685261378695e-03 1.112154868837831505e-03 1.950697945206346070e-03 2.651470144772647385e-03 2.569764297155864140e-03 4.052737037504439491e-03 4.646864441407401632e-03 3.547899527627788874e-03 2.981535901438606053e-03 3.451696951390688210e-03 3.357730513206742904e-03 2.295668854530192541e-03 1.338039099939749253e-03 8.944104902921487825e-04 7.448603571043979936e-04 6.967444220942030234e-04 6.790646045420942840e-04 6.689057786040752225e-04 6.614556507684857863e-04 6.565486469230839665e-04 6.534725119789073968e-04 6.511458051941131000e-04 6.489759775262952468e-04 6.468839806453328478e-04 6.449599232678714057e-04 6.432463467264499472e-04 6.417121206935088012e-04 6.402999879894433937e-04 6.389645784676882502e-04 6.376833231637511843e-04 6.364513890154349998e-04 6.352728776650098811e-04 6.341541325684031411e-04 6.331002318122639846e-04 6.321138258731964473e-04 6.311952236276829713e-04 6.307220034217792546e-04 6.297617716008452327e-04 6.287835780771223581e-04 6.277874784592676330e-04 6.267730329859182072e-04 6.257393837388765517e-04 6.246853688372735894e-04 6.236096546477855372e-04 6.225108666353054579e-04 6.213877015633824125e-04 6.202390080142378961e-04 6.190638280253594247e-04 6.178613991956733017e-04 6.166311229375067175e-04 6.153725096951387320e-04 6.140851151376922404e-04 6.127684820859849273e-04 6.114221011642295830e-04 6.100453992095181219e-04 6.086377590238990515e-04 6.079221436816923015e-04 6.064884280193352231e-04 6.048772671298910993e-04 6.030633147606620156e-04 6.010175675306253821e-04 5.987073112674099308e-04 5.960962920994045122e-04 5.931449280233660375e-04 5.898100321653797001e-04 5.860432596675834013e-04 5.817879452245779213e-04 5.769759781558232367e-04 5.715294756436734101e-04 5.653720999101539014e-04 5.584439991676198910e-04 5.506926892653060505e-04 5.420116202007889579e-04 5.321663771637751873e-04 5.208177150637355703e-04 5.076075187206840079e-04 4.921545252136169191e-04 4.743569323875701429e-04 4.546799521958066201e-04 4.328354941449989116e-04 4.100593010109780234e-04 3.887973089383021030e-04 3.679762442357141202e-04 3.467967165690999734e-04 3.249771591502567778e-04 3.100934458521398219e-04 2.981001532122327046e-04 2.802399437232901049e-04 2.725431711267350520e-04 2.710581884896756015e-04 2.650119371306523764e-04 3.313742903753276263e-04 3.891624985532957321e-04 4.135463264169383338e-04 4.208831891663534141e-04 3.729898679479968972e-04 3.244123253692344816e-04 3.049460912648107084e-04 3.055139940404451044e-04 2.587481211547955026e-04 2.588657991524182813e-04 2.352760438470746004e-04 2.404479793502929707e-04 2.252402503515101712e-04 2.300450970982087701e-04 2.243894933575289795e-04
2.226567834416825445e-04 2.223180654019710515e-04 2.345733186892304332e-04 2.288955691282772576e-04 2.524433001550393683e-04 2.435500079009504128e-04 2.734226573412942428e-04 2.875685915751333708e-04 3.060099682399272441e-04 3.590031016318570014e-04 4.138677935883309546e-04 5.055788369391285867e-04 5.721286853898606244e-04 7.946549031988228056e-04 8.902337460106319982e-04 1.448404565564690924e-03 1.493754091401022733e-03 2.629756685378104985e-03 2.630709277716743438e-03 2.445454965886191458e-03 2.696374165127054471e-03 2.603587418677842484e-03 2.663601857396513846e-03 2.178433044165334603e-03 1.413283305670772318e-03 8.738479697188822034e-04 6.428775681963344157e-04 5.654522615851758629e-04 5.329551349589690176e-04 5.135915387073663498e-04 5.004626115903763450e-04 4.928078583464805349e-04 4.888479582974479499e-04 4.866851105486311689e-04 4.853884194289524072e-04 4.845826485302771186e-04 4.840278530386557098e-04 4.835564212410282817e-04 4.830956426762543455e-04 4.826390742241140359e-04 4.821991028703889607e-04 4.817817325252750577e-04 4.813843174375573167e-04 4.810013894618798448e-04 4.806290658188686884e-04 4.802661809798719570e-04 4.799135408825489250e-04 4.795727892596451025e-04 4.792455877597806210e-04 4.789332200725309081e-04 4.787693033880709419e-04 4.784302058142047209e-04 4.780755414272835468e-04 4.777044806071607504e-04 4.773160008795089039e-04 4.769089235157528660e-04 4.764819779682019250e-04 4.760338824213732230e-04 4.755634268811677031e-04 4.750695457938242539e-04 4.745513698807342536e-04 4.740082510499801132e-04 4.734397590648089247e-04 4.728456532492085820e-04 4.722258361519568633e-04 4.715802982721534848e-04 4.709090634678055965e-04 4.702121436180789265e-04 4.694895088278915139e-04 4.687410764464952423e-04 4.683571475008191506e-04 4.675814461427456933e-04 4.667000404740510996e-04 4.656963055513555199e-04 4.645508214266825218e-04 4.632411070509101069e-04 4.617414912078833924e-04 4.600231397269654004e-04 4.580541143344203517e-04 4.557990675859787018e-04 4.532178549430488724e-04 4.502622920863753701e-04 4.468712143109612820e-04 4.429668112958333979e-04 4.384595114045007624e-04 4.332687134651410244e-04 4.273492747260182380e-04 4.206819434211755515e-04 4.132147709941860476e-04 4.048897274400714693e-04 3.958346471428943582e-04 3.863014871781576516e-04 3.761521563325391851e-04 3.650007355253184760e-04 3.532450644398586921e-04 3.402488473791983573e-04 3.251447581567749661e-04 3.107810489930313029e-04 2.986795578667661194e-04 2.887339501921068019e-04 2.764015319554963745e-04 2.647188254772895460e-04 2.608224058584087475e-04 2.522954387207411962e-04 2.500817796017499976e-04 2.511611593306468373e-04 2.857091528991222758e-04 3.326831238501488453e-04 3.653274679395550860e-04 3.538018242699378368e-04 3.273128092752295251e-04 2.860295117117276601e-04 2.741545655574956154e-04 2.818493839508768748e-04 2.447696697537012707e-04 2.500593271055273018e-04 2.289818392943425299e-04 2.353367872520080743e-04 2.231946045494518044e-04 2.271159300393332900e-04
2.213647062569925488e-04 2.309549837331408028e-04 2.254649170781971906e-04 2.430992793324666197e-04 2.353901710308216203e-04 2.580587140021267656e-04 2.689781219346501061e-04 2.728266280873229213e-04 3.093540983597342230e-04 3.536432707687111113e-04 4.071581480367626651e-04 4.963469271661978153e-04 5.493511009337704622e-04 7.989833516509447630e-04 8.349502830886975507e-04 1.507725466841227258e-03 1.417042268518630375e-03 1.868048022907209090e-03 2.478835814267857113e-03 1.749635963775294850e-03 1.347145600427528123e-03 1.788707423539801812e-03 1.872930463737360008e-03 1.224239116880526538e-03 6.695699868645922821e-04 4.690923948248984163e-04 4.159231022624412539e-04 4.001731056651694094e-04 3.947229660709301413e-04 3.928162697277250062e-04 3.922182425560923492e-04 3.917410290959218817e-04 3.911492639168147583e-04 3.903593676694538635e-04 3.893727914125305329e-04 3.883174705649254611e-04 3.873069399441032585e-04 3.863779038382000614e-04 3.855259540089070892e-04 3.847439510714064162e-04 3.840308460544808087e-04 3.833862237518960718e-04 3.828060343501532223e-04 3.822828487503611276e-04 3.818081509327324319e-04 3.813742846945919820e-04 3.809752962237323692e-04 3.806069173032295447e-04 3.802661598830744255e-04 3.799508580648866063e-04 3.797888919759051822e-04 3.794608281133778679e-04 3.791271886827454166e-04 3.787879844868741880e-04 3.784432799469107135e-04 3.780931397307900083e-04 3.777375852044926718e-04 3.773765662516274152e-04 3.770099509721501832e-04 3.766375326268321037e-04 3.762590504621850934e-04 3.758742191384933755e-04 3.754827606260405129e-04 3.750844326695357538e-04 3.746790491014666486e-04 3.742664891229247775e-04 3.738466947973960474e-04 3.734196580418641057e-04 3.729854000282164378e-04 3.725439469072930007e-04 3.723205257934393184e-04 3.718749319761998923e-04 3.713773091853830172e-04 3.708206859164226224e-04 3.701968550957261510e-04 3.694960781533219497e-04 3.687067747235916516e-04 3.678152820702516651e-04 3.668058220136540806e-04 3.656608390778820646e-04 3.643618128466311534e-04 3.628904191513428017e-04 3.612294305946714846e-04 3.593620346025166046e-04 3.572679613996581054e-04 3.549168961465734400e-04 3.522651792348746526e-04 3.492629838350308361e-04 3.458617928730923097e-04 3.419943570296123418e-04 3.375228111910279628e-04 3.321913727635088806e-04 3.257344770970264317e-04 3.181913932643798317e-04 3.099974941315204843e-04 3.017278732080932958e-04 2.934893979087726309e-04 2.859691175497171517e-04 2.786831390742041401e-04 2.699671800223557724e-04 2.606811294879642082e-04 2.548454940784640314e-04 2.498144841645235812e-04 2.427898405740057549e-04 2.424812254481150493e-04 2.370201565445014056e-04 2.413866852632816210e-04 2.548683524578515872e-04 3.075439118663519239e-04 3.154161397709787031e-04 3.129088901312260858e-04 2.892053654725428068e-04 2.605657381764557622e-04 2.587393957430515192e-04 2.645846722838400881e-04 2.362028541048715987e-04 2.413640684046621041e-04 2.255218473650824368e-04 2.315195982272412532e-04 2.218598052939298247e-04
2.279995864917838460e-04 2.232921325105136187e-04 2.372821656541709726e-04 2.292085065981840889e-04 2.481695318242376587e-04 2.534121898313510023e-04 2.559077302966253527e-04 2.816754290148782585e-04 3.112649683153259324e-04 3.492240177902718895e-04 4.106738612596143160e-04 4.631285960317764938e-04 5.816820514258324833e-04 7.499883412741567643e-04 9.739205358843090136e-04 1.083623860239079761e-03 1.662503544378803825e-03 1.277740981744793615e-03 1.254399219467217412e-03 1.337645247436548617e-03 1.456309142976460998e-03 1.109425989133631376e-03 7.034538828354124562e-04 4.707535287237094241e-04 3.891116623784034645e-04 3.627316559505384952e-04 3.478550327001363228e-04 3.374021555451283110e-04 3.305140191916045370e-04 3.263032017423978079e-04 3.237805439956129537e-04 3.222070217857591506e-04 3.212700578348498840e-04 3.207846216261041176e-04 3.205604524672735081e-04 3.204642258735647116e-04 3.204294839133113365e-04 3.204211375529421682e-04 3.204154521180806051e-04 3.203972182222249469e-04 3.203597528295480364e-04 3.203028517105906831e-04 3.202297734259956113e-04 3.201448094808939529e-04 3.200519504982697345e-04 3.199544264883007910e-04 3.198547101505302905e-04 3.197546736746286161e-04 3.196557459617134760e-04 3.195590250288641481e-04 3.195074775466628198e-04 3.193993227122400103e-04 3.192843499661681067e-04 3.191625039706967766e-04 3.190337644294743437e-04 3.188981411189209872e-04 3.187556641823559170e-04 3.186063716710094314e-04 3.184502967827534448e-04 3.182874572377288503e-04 3.181178487663565454e-04 3.179414438818297002e-04 3.177581961364474316e-04 3.175680491091635734e-04 3.173709486108225756e-04 3.171668561422578015e-04 3.169557615472079481e-04 3.167376930435161168e-04 3.165127233106004552e-04 3.162809709426932714e-04 3.161626001814637587e-04 3.159245584093783952e-04 3.156559943565909621e-04 3.153527757521930319e-04 3.150102461900540279e-04 3.146231374343176558e-04 3.141854168522205761e-04 3.136900229647729735e-04 3.131284379671450549e-04 3.124900763755433255e-04 3.117615694667852768e-04 3.109262075466784087e-04 3.099639606423197744e-04 3.088523495228346965e-04 3.075678069946698916e-04 3.060866400202923621e-04 3.043851733365805562e-04 3.024389629140294706e-04 3.002200613428097605e-04 2.976942098795121931e-04 2.948211181004606329e-04 2.915583667393051867e-04 2.879194113340422185e-04 2.841004039054200901e-04 2.803938615606792282e-04 2.766533961816635074e-04 2.723837452818347925e-04 2.674220678715556136e-04 2.613678892102607961e-04 2.551231460642468013e-04 2.503714860441982079e-04 2.463279004200571607e-04 2.410142571693986576e-04 2.381510007516300989e-04 2.356290850815451112e-04 2.324696712513900972e-04 2.321305255747060589e-04 2.321252368268670002e-04 2.430112503617154441e-04 2.800341945168450370e-04 2.859852618101136213e-04 2.839723638402691765e-04 2.679784724134347479e-04 2.476016865032492839e-04 2.460870111347617634e-04 2.533092064658211753e-04 2.296989642728159689e-04 2.359604317186721884e-04 2.233366134877185567e-04 2.283989273822683544e-04
2.219305220070372437e-04 2.327308161704577183e-04 2.255492080249446737e-04 2.405336689533254819e-04 2.422940743170311207e-04 2.424945000763032018e-04 2.630665423124951005e-04 2.890509482819098161e-04 3.170853694607354877e-04 3.593879959007506130e-04 3.978561987509939956e-04 4.652744721282816784e-04 6.193427573097984697e-04 6.696603682425140459e-04 9.860846592122667238e-04 9.342659915970819929e-04 1.112611030708571865e-03 1.109365687504362211e-03 7.608150619852653085e-04 8.809996173551829651e-04 9.837096772933812475e-04 6.852858379824285605e-04 4.002858151490639241e-04 3.130371728046097649e-04 2.923703635102915506e-04 2.879072215947457605e-04 2.878014507375712002e-04 2.887944123758125203e-04 2.894762393079206931e-04 2.894924252607756219e-04 2.891279388186877462e-04 2.885402903528401313e-04 2.878933031778862822e-04 2.872504963516959260e-04 2.866389028575414173e-04 2.860814493391907886e-04 2.855789217249068849e-04 2.851227726884622712e-04 2.847077346433504220e-04 2.843313112904944382e-04 2.839908460222579701e-04 2.836829465406342284e-04 2.834041069929825745e-04 2.831511968299547737e-04 2.829215655426095934e-04 2.827129538644046849e-04 2.825233814841005128e-04 2.823510727689465972e-04 2.821944195232565090e-04 2.820519635878267315e-04 2.819797263682928979e-04 2.818353256559805089e-04 2.816909988185553387e-04 2.815467197905047376e-04 2.814024712118450835e-04 2.812582492026103123e-04 2.811140662284552887e-04 2.809699511884454991e-04 2.808259463197140056e-04 2.806821010740902125e-04 2.805384636734444643e-04 2.803950714876149962e-04 2.802519416174509737e-04 2.801090630612179883e-04 2.799663915993865805e-04 2.798238481016886571e-04 2.796813204275511318e-04 2.795386685589814702e-04 2.793957321701456831e-04 2.792523395711205328e-04 2.791804177055482307e-04 2.790381289924227077e-04 2.788808345132964242e-04 2.787066403738228007e-04 2.785133565372816130e-04 2.782984644768172078e-04 2.780590931372894817e-04 2.777920087658826182e-04 2.774936266916407687e-04 2.771600548197272447e-04 2.767871719473918900e-04 2.763707193858209988e-04 2.759063407685211728e-04 2.753894444351636002e-04 2.748146801042441502e-04 2.741748599329289771e-04 2.734596948758504756e-04 2.726550351213751660e-04 2.717417863150018657e-04 2.706958213198241048e-04 2.694941902961115019e-04 2.681107335890834742e-04 2.664824649319937435e-04 2.644777025876730945e-04 2.619497751436773627e-04 2.588834466363404961e-04 2.553267538422818389e-04 2.515131741788230869e-04 2.481403274255944967e-04 2.452870816007037989e-04 2.423497098440133149e-04 2.387913452445455421e-04 2.359543765588693160e-04 2.339464589071959210e-04 2.308177183764152619e-04 2.299868650668247360e-04 2.277835103465862369e-04 2.276631472164477102e-04 2.275198737908704170e-04 2.348732260011924503e-04 2.636857438841713232e-04 2.696633341277523315e-04 2.688073928135256609e-04 2.536338941576266460e-04 2.372922061654650209e-04 2.371901991913983991e-04 2.444498383438098357e-04 2.258421747790932948e-04 2.317386330227602100e-04 2.219671632045715996e-04
2.294693649487582741e-04 2.232888636097251354e-04 2.347071516827810690e-04 2.355790858324382456e-04 2.329173701295070330e-04 2.500552879322400120e-04 2.674021861355034124e-04 2.904399253048543057e-04 3.250885146677236562e-04 3.465414911978141003e-04 3.942012927241523744e-04 4.837453332390451340e-04 5.672050252697448348e-04 7.072479722936953579e-04 7.221531167367574227e-04 9.507835283525060271e-04 6.548737746719669175e-04 6.017906461720914707e-04 8.944866561230934657e-04 7.631539466861777220e-04 4.408073457124892175e-04 3.055329470429350822e-04 2.806887396625249885e-04 2.753040928996268260e-04 2.711901854820756999e-04 2.670536650015962218e-04 2.636515827886905705e-04 2.612114755100150608e-04 2.596971949431143623e-04 2.589261947965864480e-04 2.586509232725745758e-04 2.586110661036546219e-04 2.587048611940254974e-04 2.588477712247070186e-04 2.589828925959417071e-04 2.590996547551347069e-04 2.591975934617993076e-04 2.592732197592470642e-04 2.593258884572551687e-04 2.593589077919633513e-04 2.593765613420776568e-04 2.593823732902008380e-04 2.593790387371146559e-04 2.593687561998841247e-04 2.593533890048629713e-04 2.593344824205301804e-04 2.593132624394705482e-04 2.592906651631884376e-04 2.592673891206721359e-04 2.592439509378212555e-04 2.592312316706468171e-04 2.592041036270566635e-04 2.591746896124550131e-04 2.591429457633764345e-04 2.591088287536342681e-04 2.590723010683417004e-04 2.590333353027847625e-04 2.589919170114558930e-04 2.589480459116538747e-04 2.589017355089909722e-04 2.588530114214834116e-04 2.588019088145097771e-04 2.587484694162703910e-04 2.586927385692803149e-04 2.586347627012863955e-04 2.585745874851305519e-04 2.585122568187408283e-04 2.584478126112784249e-04 2.583812952275213763e-04 2.583127443376603718e-04 2.582777187702021103e-04 2.582072502043299546e-04 2.581276762022918910e-04 2.580377150440544263e-04 2.579358998235227029e-04 2.578205491559268630e-04 2.576897251146815886e-04 2.575411699825428725e-04 2.573722156668903404e-04 2.571796694406487606e-04 2.569596885309898904e-04 2.567076321735147697e-04 2.564177972804106316e-04 2.560828979001072720e-04 2.556933892887231440e-04 2.552371652566113019e-04 2.546997922344072492e-04 2.540643630118916228e-04 2.533111821741752009e-04 2.524193660064999391e-04 2.513710312980831736e-04 2.501615867476092588e-04 2.488154763628003838e-04 2.473819581073031528e-04 2.459075886052749962e-04 2.444489490090823928e-04 2.430832814558610624e-04 2.417273610506662099e-04 2.401015194959707337e-04 2.380438658272027782e-04 2.357376821949305876e-04 2.337954770618736952e-04 2.320894984466745532e-04 2.299237085046041209e-04 2.285439972247923503e-04 2.271148492672258473e-04 2.259105644608428505e-04 2.250470765286352376e-04 2.245776396455945764e-04 2.248699275223273262e-04 2.294180827108525489e-04 2.527758557465063219e-04 2.560641055787153870e-04 2.537559001585262624e-04 2.435682816875345410e-04 2.299170386998688857e-04 2.318868365004783368e-04 2.375946669272630788e-04 2.234570277011547774e-04 2.287147022097200109e-04
2.219576677683360994e-04 2.306502646303950938e-04 2.304395579309649448e-04 2.279995469259743415e-04 2.398488867806025605e-04 2.541548226797396863e-04 2.697540809234695645e-04 2.904089300848185988e-04 3.034569923636583864e-04 3.341006296086089446e-04 4.031741955153133163e-04 4.732078882943413067e-04 5.476268911790433801e-04 6.035633258230691488e-04 6.536548135311200059e-04 5.215608509474339502e-04 5.469277597383343133e-04 6.213034641960002392e-04 4.959707158912096854e-04 3.839091758796097449e-04 2.916184797934361539e-04 2.617729851761061810e-04 2.514208359538821548e-04 2.466964071800064251e-04 2.452716853369298696e-04 2.452803557264962293e-04 2.456574685518865628e-04 2.460499197399265551e-04 2.462623454606651958e-04 2.463185305738745307e-04 2.462681567950358386e-04 2.461204778424176611e-04 2.459404933229852115e-04 2.457427940423109270e-04 2.455399901198825345e-04 2.453468565735901800e-04 2.451690554184267888e-04 2.450071139835446020e-04 2.448603719476396905e-04 2.447276949561928835e-04 2.446076471951421890e-04 2.444988157275120705e-04 2.444000047497066818e-04 2.443102327086569474e-04 2.442286553712235786e-04 2.441545089892027350e-04 2.440870909970903248e-04 2.440257604361004639e-04 2.439699407269100206e-04 2.439191178603530353e-04 2.438933220940978303e-04 2.438417084595135057e-04 2.437900626207679684e-04 2.437383875187844665e-04 2.436866923063356967e-04 2.436349900671304445e-04 2.435832945835787917e-04 2.435316168582592525e-04 2.434799621811671296e-04 2.434283284380517538e-04 2.433767060922855069e-04 2.433250799015134033e-04 2.432734320354860134e-04 2.432217459346791046e-04 2.431700100674808569e-04 2.431182207506022179e-04 2.430663833929195237e-04 2.430145118633438939e-04 2.429626260912314266e-04 2.429107483908298480e-04 2.428848191586710308e-04 2.428337461660171005e-04 2.427776940327893655e-04 2.427161848415140821e-04 2.426486768039289390e-04 2.425745469676645867e-04 2.424930797138426610e-04 2.424034725792407715e-04 2.423048656395040772e-04 2.421963778521219021e-04 2.420771018097694568e-04 2.419460132003174301e-04 2.418018449461138740e-04 2.416430824987657300e-04 2.414681018729565489e-04 2.412751248685304154e-04 2.410618513287225663e-04 2.408253693262810233e-04 2.405626147837101241e-04 2.402707565046568528e-04 2.399462717170001871e-04 2.395811745227441520e-04 2.391574302681512005e-04 2.386445100500982541e-04 2.379989479379713440e-04 2.371642208867524057e-04 2.360985446032959334e-04 2.348292356522575384e-04 2.335027891484871591e-04 2.322947362837063899e-04 2.312232550791908613e-04 2.300119958453960179e-04 2.286283902812301383e-04 2.275107718224040254e-04 2.263864736912319883e-04 2.251912273782313617e-04 2.244761557623923610e-04 2.237121923223492782e-04 2.231379077891903508e-04 2.228516762352247566e-04 2.229917958108293375e-04 2.254926809496380280e-04 2.418209587528728408e-04 2.454714251794912054e-04 2.444782667698362148e-04 2.356199473952879069e-04 2.261359341030719943e-04 2.279009167451843325e-04 2.327876516054749596e-04 2.220538348678606857e-04
2.276949199593176197e-04 2.271448291624218339e-04 2.248712900853730358e-04 2.334209491914783442e-04 2.466001329632654289e-04 2.549498636297267348e-04 2.720427801195086600e-04 2.803607586900285051e-04 3.005424287270856221e-04 3.579985375085416874e-04 4.082644926769671279e-04 4.500281052286760281e-04 4.703342760998063072e-04 5.106431253940377874e-04 4.466639741770676028e-04 4.221831773322268309e-04 4.637610343307621715e-04 4.584992768872205786e-04 3.567092935225026117e-04 2.600217803725136077e-04 2.408459579731486993e-04 2.380484330086798917e-04 2.381324965267663202e-04 2.382377151716063191e-04 2.378904075909454656e-04 2.373149854536338950e-04 2.366447889181416090e-04 2.361142132444674091e-04 2.356901509328946428e-04 2.354007474690461338e-04 2.352046968229667121e-04 2.350835989047337748e-04 2.350163357517516245e-04 2.349810837347491069e-04 2.349639576558452286e-04 2.349563011499810423e-04 2.349536221188464676e-04 2.349529881096690882e-04 2.349521799467628631e-04 2.349502195250162124e-04 2.349471335848836320e-04 2.349432160287737441e-04 2.349386285426549278e-04 2.349334101857232732e-04 2.349276017750454124e-04 2.349213076562865375e-04 2.349146841581936879e-04 2.349079011193563990e-04 2.349011103809288501e-04 2.348944310670574335e-04 2.348908643560261480e-04 2.348833774415699360e-04 2.348754211005521638e-04 2.348669901052697143e-04 2.348580707149622944e-04 2.348486423751715410e-04 2.348386807089615730e-04 2.348281610765629718e-04 2.348170619309469548e-04 2.348053673142282268e-04 2.347930680818614509e-04 2.347801617435775414e-04 2.347666511010536826e-04 2.347525420820282909e-04 2.347378412813251472e-04 2.347225537118446384e-04 2.347066811606744947e-04 2.346902213739990382e-04 2.346731681045956675e-04 2.346555118893585738e-04 2.346464541458317835e-04 2.346281474968983389e-04 2.346073293084892895e-04 2.345835910848775906e-04 2.345564513297864460e-04 2.345253452245205420e-04 2.344896126860250942e-04 2.344484814803968415e-04 2.344010391273246925e-04 2.343461858482460221e-04 2.342825673132122944e-04 2.342085105879409504e-04 2.341220237046396702e-04 2.340208994063794909e-04 2.339027818861605238e-04 2.337649024399716209e-04 2.336037096976554400e-04 2.334152260891720699e-04 2.331953517691702765e-04 2.329392961201268055e-04 2.326435157419039516e-04 2.323066956027072653e-04 2.319292960701993306e-04 2.315182971320486492e-04 2.310879636193740108e-04 2.306589897571450706e-04 2.302485371295876155e-04 2.298338809574951107e-04 2.293255438287941216e-04 2.286581972062297450e-04 2.278367483729756826e-04 2.270031568592089527e-04 2.262621416400890310e-04 2.254302474301167480e-04 2.246131705450334440e-04 2.239810763907405984e-04 2.232801738023795692e-04 2.227576230613752479e-04 2.223561782535517001e-04 2.219783354989427089e-04 2.217940035196905996e-04 2.218384866576306701e-04 2.233466575114891289e-04 2.359598158214434090e-04 2.378664215153102751e-04 2.391597432863439780e-04 2.305857534083706592e-04 2.237362528922249704e-04 2.253854956982467839e-04 2.292699595054363570e-04
2.247123589357309496e-04 2.229339823637799505e-04 2.291083339085017083e-04 2.394683681346403440e-04 2.463862678063976860e-04 2.591331478010945382e-04 2.620974775575327250e-04 2.780458497867922970e-04 3.215517609527449873e-04 3.529248444886446605e-04 3.700067467505934165e-04 3.920517757908643063e-04 4.200716171948134289e-04 3.656606818236930647e-04 3.525710436992712349e-04 4.107924135986370487e-04 3.999535043260145817e-04 3.045311506788644885e-04 2.417219088092543587e-04 2.338614528852730687e-04 2.331139583940390863e-04 2.323023213152130022e-04 2.313603167464390892e-04 2.304731333580044359e-04 2.298747822561431639e-04 2.296044866235707907e-04 2.295220697342674216e-04 2.295452226544887847e-04 2.296090419527202725e-04 2.296846673408537386e-04 2.297447412643055130e-04 2.297889781855112995e-04 2.298184818682754934e-04 2.298322539175113568e-04 2.298341046716506555e-04 2.298287029756439052e-04 2.298182050933411961e-04 2.298036610485115793e-04 2.297864101596366676e-04 2.297678854780263761e-04 2.297490973236741157e-04 2.297305638271715945e-04 2.297125265102647204e-04 2.296951408600287215e-04 2.296785454181427845e-04 2.296628564067233400e-04 2.296481487283557970e-04 2.296344500757269765e-04 2.296217485643700250e-04 2.296100059114884945e-04 2.296039831145671754e-04 2.295918060973153809e-04 2.295794491355276977e-04 2.295669047530487703e-04 2.295541661380870978e-04 2.295412299413132672e-04 2.295280982373773006e-04 2.295147792229903572e-04 2.295012865030363666e-04 2.294876371281248694e-04 2.294738488232676724e-04 2.294599370263425582e-04 2.294459123966792013e-04 2.294317793491583890e-04 2.294175359411960611e-04 2.294031751399690277e-04 2.293886871922870899e-04 2.293740625774842268e-04 2.293592948979637932e-04 2.293443830795618922e-04 2.293368745218543885e-04 2.293219797662815289e-04 2.293054831761887709e-04 2.292872241717329093e-04 2.292670336331609389e-04 2.292447264840543947e-04 2.292200844998662826e-04 2.291928317145377873e-04 2.291626169016982488e-04 2.291290281752117106e-04 2.290916498243837347e-04 2.290501096366496776e-04 2.290040057319655663e-04 2.289527076029661159e-04 2.288953288096529635e-04 2.288311067670370568e-04 2.287595180073187984e-04 2.286794582675545163e-04 2.285890500318337273e-04 2.284864713622392464e-04 2.283686460353235778e-04 2.282302671395357275e-04 2.280644817007938536e-04 2.278617358137558109e-04 2.276112416955201922e-04 2.273029522797659742e-04 2.269354813527881085e-04 2.265250096108594076e-04 2.261103768259070277e-04 2.257173966226583078e-04 2.253289333797973970e-04 2.248862427356654043e-04 2.243697141867689751e-04 2.238919961491081761e-04 2.233921830918896771e-04 2.228928510678882349e-04 2.224727966094386584e-04 2.220661070064258128e-04 2.217109889192887871e-04 2.214592877119734898e-04 2.212580775566383592e-04 2.211454884120212059e-04 2.211612494072526822e-04 2.219598755431581366e-04 2.318555472343619597e-04 2.334700955225262758e-04 2.340697459064452774e-04 2.271969053305735137e-04 2.222536474746374645e-04 2.235494427708988811e-04
2.217277022054478552e-04 2.258653637636104405e-04 2.341531900713897721e-04 2.393549599532478862e-04 2.469585349646934505e-04 2.496821673187465170e-04 2.622586286361142690e-04 2.918449151773584629e-04 3.134062295163178580e-04 3.270001562857571017e-04 3.450043810106438172e-04 3.445255121962531152e-04 3.187355963214031761e-04 3.108614859103300972e-04 3.609196996767756287e-04 3.392720465472413762e-04 2.769006889724750543e-04 2.343293250926315515e-04 2.291705278930743629e-04 2.281418942912215981e-04 2.273212977087741649e-04 2.266324192175270605e-04 2.262706760124568285e-04 2.261671289677171393e-04 2.261877493095414517e-04 2.262381434307848794e-04 2.262825235366579951e-04 2.262973151698739283e-04 2.262924038137493468e-04 2.262697507181960475e-04 2.262378021896663466e-04 2.262021245237585195e-04 2.261659747553570923e-04 2.261308632634488754e-04 2.260974907117519405e-04 2.260668256482990790e-04 2.260392613673995745e-04 2.260143125285360042e-04 2.259913730495804692e-04 2.259702109541029881e-04 2.259508413750529251e-04 2.259332567856321662e-04 2.259173300037636671e-04 2.259028627126304393e-04 2.258896594066818508e-04 2.258775658297546929e-04 2.258664715931859115e-04 2.258562965912912137e-04 2.258469763897336374e-04 2.258384526092861114e-04 2.258341161863202285e-04 2.258254262282051016e-04 2.258167204620037979e-04 2.258080049653388805e-04 2.257992823798575857e-04 2.257905516776275085e-04 2.257818085708981556e-04 2.257730464179322639e-04 2.257642574001579258e-04 2.257554337201512205e-04 2.257465685964609608e-04 2.257376568997406820e-04 2.257286953669390965e-04 2.257196824249149290e-04 2.257106177317423916e-04 2.257015015887306193e-04 2.256923343825948758e-04 2.256831161879264275e-04 2.256738466052222796e-04 2.256645248439554730e-04 2.256598441079455579e-04 2.256505799922095426e-04 2.256403427281844704e-04 2.256290246433242507e-04 2.256165072904703622e-04 2.256026616168057880e-04 2.255873474189615670e-04 2.255704101198883506e-04 2.255516726512014176e-04 2.255309226863270186e-04 2.255079021858325320e-04 2.254823139895750837e-04 2.254538560713326622e-04 2.254222604218939809e-04 2.253872619177536146e-04 2.253484537550062231e-04 2.253052315137114934e-04 2.252571552252210249e-04 2.252041836582432163e-04 2.251459373125350421e-04 2.250820565538079259e-04 2.250128978990895731e-04 2.249376602682756599e-04 2.248551354164409605e-04 2.247615076486383749e-04 2.246512638027634348e-04 2.245158460536863664e-04 2.243452163380411576e-04 2.241313942943534330e-04 2.238779979939423538e-04 2.236032351562821491e-04 2.233250036770610637e-04 2.230375030916147399e-04 2.227248629342223332e-04 2.224326273627772615e-04 2.221229159255651005e-04 2.218219260523100875e-04 2.215377125583600033e-04 2.212976591164734965e-04 2.210747084951664838e-04 2.208988555024065715e-04 2.207721176349221413e-04 2.207065770007065025e-04 2.207266761966541720e-04 2.211512622723955847e-04 2.281091952164675241e-04 2.298834911020631851e-04 2.302522280280152700e-04 2.246394102845962839e-04 2.213291131546923571e-04
2.238979332304689507e-04 2.305229525912888761e-04 2.343090191424056603e-04 2.396692432921152666e-04 2.414302503673003756e-04 2.495350787174725922e-04 2.706385715363970597e-04 2.882397956401105748e-04 2.953374969894982291e-04 2.992300059727276765e-04 2.982498879697032977e-04 2.908254135158002502e-04 2.779895793847691901e-04 3.261500510406235907e-04 3.030569000202693649e-04 2.599452892619166441e-04 2.291687088622629135e-04 2.256319221884123120e-04 2.248990558410058943e-04 2.245258754403129569e-04 2.242215507123769124e-04 2.240349048771656459e-04 2.239584744110745924e-04 2.239359113911524376e-04 2.239224584648297006e-04 2.239087534848442456e-04 2.238871267959699973e-04 2.238625262982558636e-04 2.238383066302403440e-04 2.238154731782974181e-04 2.237947086550059117e-04 2.237769942217061772e-04 2.237616531768570039e-04 2.237477246115515586e-04 2.237350794665133647e-04 2.237238694996055886e-04 2.237140045951587733e-04 2.237051488989447829e-04 2.236969880271690394e-04 2.236893922572978839e-04 2.236823679307000713e-04 2.236759382179440928e-04 2.236700800368821560e-04 2.236647291945059843e-04 2.236598111463359391e-04 2.236552642592362780e-04 2.236510470799110456e-04 2.236471348213166222e-04 2.236435123454047491e-04 2.236401680991503425e-04 2.236384561623140741e-04 2.236350067134583171e-04 2.236315300808018581e-04 2.236280339812484733e-04 2.236245243078717893e-04 2.236210041334800089e-04 2.236174731767611302e-04 2.236139278157693925e-04 2.236103616438345166e-04 2.236067664748368875e-04 2.236031336326740795e-04 2.235994553152282271e-04 2.235957258130601426e-04 2.235919423884841781e-04 2.235881056769164783e-04 2.235842195498789883e-04 2.235802904650353493e-04 2.235763264093156889e-04 2.235723356039026393e-04 2.235683251750566656e-04 2.235663142382176888e-04 2.235623414855063067e-04 2.235579623152425077e-04 2.235531284836371469e-04 2.235477774237479016e-04 2.235418271648294492e-04 2.235351736713196691e-04 2.235276946276584017e-04 2.235192626926581661e-04 2.235097643585871299e-04 2.234991067154134116e-04 2.234871840399049487e-04 2.234737972785806322e-04 2.234585911257785083e-04 2.234411233930428309e-04 2.234210317070345006e-04 2.233979779309743072e-04 2.233713052708604426e-04 2.233401158561516711e-04 2.233036982739988979e-04 2.232612005223443778e-04 2.232118944032680699e-04 2.231554949570905861e-04 2.230919472967038842e-04 2.230218725297627199e-04 2.229457792810509852e-04 2.228638252902818983e-04 2.227738064950761561e-04 2.226700290383983754e-04 2.225485057309245973e-04 2.224110382097304868e-04 2.222565785066097711e-04 2.220899606278557389e-04 2.219076281853922961e-04 2.217090506604850854e-04 2.215237877643112211e-04 2.213179913057353968e-04 2.211387455373223438e-04 2.209602358336061416e-04 2.208051846181525231e-04 2.206776638764884114e-04 2.205691054207910154e-04 2.204878406442117985e-04 2.204319790368531793e-04 2.204412152091446257e-04 2.206979034579963268e-04 2.258908245417570499e-04 2.273141737779449140e-04 2.276393310217738957e-04 2.230847671224770801e-04
2.275084547735425455e-04 2.306449591147167750e-04 2.341566410810898106e-04 2.349721418441614023e-04 2.413764350366156327e-04 2.586589481390750536e-04 2.725718398061970126e-04 2.740635012731012154e-04 2.739420613150607767e-04 2.724402436703005038e-04 2.642727599337673554e-04 2.603705633188102206e-04 2.959540657450194200e-04 2.827090859798554712e-04 2.458899363941402364e-04 2.256938637025543643e-04 2.235740804956949733e-04 2.230525740007916727e-04 2.228548054185111593e-04 2.226796250139653744e-04 2.225414634986827762e-04 2.224649407498400784e-04 2.224315620842939704e-04 2.224210989565240633e-04 2.224166701423296150e-04 2.224116912093628538e-04 2.224048208576702142e-04 2.223968344103663256e-04 2.223880761968492715e-04 2.223797694620094963e-04 2.223719693212405858e-04 2.223647339836029688e-04 2.223578935264869708e-04 2.223513025488160235e-04 2.223450191062280876e-04 2.223391090640570208e-04 2.223335605364546959e-04 2.223283326355627470e-04 2.223234032239895363e-04 2.223187767573807415e-04 2.223144686387139757e-04 2.223104878764476603e-04 2.223068293374928003e-04 2.223034755403473640e-04 2.223004026322295142e-04 2.222975858493959488e-04 2.222950025745275987e-04 2.222926332136848204e-04 2.222904608547699151e-04 2.222884705457291274e-04 2.222874561630705818e-04 2.222854189172079604e-04 2.222833713973084010e-04 2.222813149516361772e-04 2.222792508323060746e-04 2.222771799588486852e-04 2.222751027292896428e-04 2.222730189139323687e-04 2.222709276535506258e-04 2.222688275656336360e-04 2.222667169427548545e-04 2.222645940095589463e-04 2.222624571926066432e-04 2.222603053528893256e-04 2.222581379354144997e-04 2.222559550034565836e-04 2.222537571448493954e-04 2.222515452607527243e-04 2.222493202695888096e-04 2.222470827762162353e-04 2.222459593676091828e-04 2.222437358512731505e-04 2.222412773378053654e-04 2.222385539806726778e-04 2.222355288452647695e-04 2.222321559127624600e-04 2.222283789873512815e-04 2.222241329683693394e-04 2.222193484539582685e-04 2.222139576721734642e-04 2.222078939153620159e-04 2.222010730603741254e-04 2.221933580869761462e-04 2.221845442392497759e-04 2.221744224171636980e-04 2.221628809057966090e-04 2.221498354755925618e-04 2.221349758431976956e-04 2.221178961438599934e-04 2.220985312717319840e-04 2.220766395423794017e-04 2.220516657223183552e-04 2.220234961867340463e-04 2.219916320015741717e-04 2.219556410955688015e-04 2.219145759359495698e-04 2.218675463612913823e-04 2.218135201136391002e-04 2.217507746045998596e-04 2.216788256777567985e-04 2.215968018292370511e-04 2.215023891712313681e-04 2.214081068304134714e-04 2.213021030754841456e-04 2.211883574879647512e-04 2.210687239212601413e-04 2.209514127879396730e-04 2.208276940515151176e-04 2.207106565921065238e-04 2.206044849864822121e-04 2.205054999534973744e-04 2.204182411933484724e-04 2.203555949648553641e-04 2.203087188570199226e-04 2.202775581022915459e-04 2.202828927639927808e-04 2.204243174506852209e-04 2.242370366296845435e-04 2.254488368033744506e-04 2.254638161721418536e-04
2.280605174204610862e-04 2.300623186898223961e-04 2.307034022201855062e-04 2.356798698371394957e-04 2.483998499901639788e-04 2.585715928451066937e-04 2.576794846212481578e-04 2.559267467820967347e-04 2.531738402988037212e-04 2.496475012061009587e-04 2.478632657567951731e-04 2.740137886215426150e-04 2.663407430100380455e-04 2.380539512450766647e-04 2.233067582627090708e-04 2.223113287153848203e-04 2.218994023217447779e-04 2.217364600025403646e-04 2.216615534951292641e-04 2.216043305901722632e-04 2.215546024728424210e-04 2.215214560344499171e-04 2.215085035692688109e-04 2.215039600339071993e-04 2.215021529151365751e-04 2.214995623141503768e-04 2.214969972228555972e-04 2.214940209251606968e-04 2.214901727805454544e-04 2.214863181289218467e-04 2.214823822089897771e-04 2.214779007501621285e-04 2.214732572278223742e-04 2.214688876023937123e-04 2.214647786735071764e-04 2.214608188816705181e-04 2.214570263603577349e-04 2.214534790064355454e-04 2.214502206731162165e-04 2.214472477604876861e-04 2.214445338936227824e-04 2.214420501635733804e-04 2.214397724165325688e-04 2.214376814834244616e-04 2.214357616875042172e-04 2.214339996198036453e-04 2.214323833979772965e-04 2.214309022167713166e-04 2.214295460563301006e-04 2.214283054985006778e-04 2.214276739905123872e-04 2.214264071751159886e-04 2.214251357239924850e-04 2.214238600662001683e-04 2.214225804503763308e-04 2.214212968622290194e-04 2.214200089633360999e-04 2.214187160643967694e-04 2.214174171424017411e-04 2.214161109053943202e-04 2.214147959013962124e-04 2.214134706607802903e-04 2.214121338551117146e-04 2.214107844513791082e-04 2.214094218394325195e-04 2.214080459127160171e-04 2.214066570878728832e-04 2.214052562568185928e-04 2.214038446742932456e-04 2.214024237933199005e-04 2.214017103261551309e-04 2.214002991097672698e-04 2.213987420235791204e-04 2.213970241454489541e-04 2.213951279929534386e-04 2.213930321253949408e-04 2.213907093628842890e-04 2.213881252238499681e-04 2.213852378373572531e-04 2.213820008809890775e-04 2.213783698300280864e-04 2.213743077887497400e-04 2.213697818649502935e-04 2.213647421267611571e-04 2.213590932992060814e-04 2.213526967610975396e-04 2.213454277281245010e-04 2.213372192271249774e-04 2.213279686252672110e-04 2.213174106731761385e-04 2.213053182221450964e-04 2.212916666003777945e-04 2.212762043272610438e-04 2.212588879863238236e-04 2.212394735033535245e-04 2.212177710508879663e-04 2.211929031050445158e-04 2.211643244208907173e-04 2.211320034215432371e-04 2.210954120213602908e-04 2.210502152336031362e-04 2.209967208385063130e-04 2.209422759695074321e-04 2.208817599249908556e-04 2.208139471457520615e-04 2.207413656646308104e-04 2.206692875492308702e-04 2.205893665528803728e-04 2.205179919533557624e-04 2.204434705541202626e-04 2.203731403750883969e-04 2.203179175281921886e-04 2.202616448486247719e-04 2.202193904848240139e-04 2.201905022072443143e-04 2.201720546499117987e-04 2.201788298673834350e-04 2.202732266714269862e-04 2.230122070961902659e-04 2.241277353474126178e-04
2.270103306172556966e-04 2.274642381096947516e-04 2.309699654383983651e-04 2.409732218504844468e-04 2.484745749361519569e-04 2.465253772591372212e-04 2.420856659424022261e-04 2.391596884481980180e-04 2.394462898342418771e-04 2.396631737151206970e-04 2.598395432149060982e-04 2.529279854268578565e-04 2.329771850596635456e-04 2.220329019037541453e-04 2.214074614296562468e-04 2.212123093449051424e-04 2.210864624209240930e-04 2.210214038861769005e-04 2.209943128012396276e-04 2.209786393676730471e-04 2.209647498736347652e-04 2.209525441259756217e-04 2.209433611530277060e-04 2.209372897719477180e-04 2.209326271301167630e-04 2.209296981718729066e-04 2.209275147712593586e-04 2.209255884127099307e-04 2.209239173433481058e-04 2.209222285339136865e-04 2.209204662191899282e-04 2.209186451656331178e-04 2.209167725816935362e-04 2.209148837594880686e-04 2.209130198407629748e-04 2.209112002776423298e-04 2.209094354735532495e-04 2.209077418996655397e-04 2.209061384909116797e-04 2.209046372903511175e-04 2.209032405626798251e-04 2.209019440847909122e-04 2.209007415685112987e-04 2.208996272290080312e-04 2.208985963611826840e-04 2.208976449255484946e-04 2.208967689956731499e-04 2.208959644339887846e-04 2.208952268244344030e-04 2.208945515628503410e-04 2.208942076581555530e-04 2.208935174200674046e-04 2.208928240170038944e-04 2.208921273751295533e-04 2.208914272364888862e-04 2.208907231758375808e-04 2.208900146329364177e-04 2.208893009569888957e-04 2.208885814590676113e-04 2.208878554680023865e-04 2.208871223852261001e-04 2.208863817343816255e-04 2.208856332019851318e-04 2.208848766660405100e-04 2.208841122101783995e-04 2.208833401216620960e-04 2.208825608725016175e-04 2.208817750839823493e-04 2.208809834761545044e-04 2.208801868052026943e-04 2.208797867999831002e-04 2.208789955971116514e-04 2.208781225396669258e-04 2.208771592122203589e-04 2.208760958679751294e-04 2.208749207093248343e-04 2.208736188184189087e-04 2.208721708520239844e-04 2.208705519850471524e-04 2.208687321215702234e-04 2.208666786843976448e-04 2.208643622897809168e-04 2.208617620091415077e-04 2.208588616813941439e-04 2.208556298600614586e-04 2.208519968787707108e-04 2.208478731921858563e-04 2.208432184780651745e-04 2.208380328155521712e-04 2.208321991105946459e-04 2.208255463809040496e-04 2.208180817641754667e-04 2.208095430551640218e-04 2.207997152714350289e-04 2.207887581005407046e-04 2.207764266765925511e-04 2.207629080371194524e-04 2.207474154569414248e-04 2.207285424307944865e-04 2.207059704415117042e-04 2.206805139885171477e-04 2.206526509554988965e-04 2.206232152272128203e-04 2.205887583328095751e-04 2.205485937919700920e-04 2.205081675931329854e-04 2.204646992002817611e-04 2.204176933450910174e-04 2.203724831726846254e-04 2.203279135095029392e-04 2.202772329486444832e-04 2.202345924830257816e-04 2.201964169239194375e-04 2.201640290541462567e-04 2.201375594401876396e-04 2.201193570485267422e-04 2.201075109735076585e-04 2.201114435616609462e-04 2.201758507987624949e-04 2.220953083707939951e-04
2.252624168229824873e-04 2.279444758973613657e-04 2.357041631864367130e-04 2.409652397164422201e-04 2.388277567983108636e-04 2.340955505316452830e-04 2.317771999351779652e-04 2.318041011586257250e-04 2.335006578792377509e-04 2.508736971139898333e-04 2.432996052356336267e-04 2.294717111413391471e-04 2.212670396737023736e-04 2.208868997804952277e-04 2.207473153234836385e-04 2.206821503406903489e-04 2.206476609195739827e-04 2.206217405432322055e-04 2.206061093438991237e-04 2.205992208336236382e-04 2.205946626862217161e-04 2.205909402735850404e-04 2.205886802939918169e-04 2.205860884499031551e-04 2.205831390240861330e-04 2.205801878571394365e-04 2.205776551848873948e-04 2.205754714017160105e-04 2.205736394642507608e-04 2.205721081672332422e-04 2.205707404647461157e-04 2.205694614513189914e-04 2.205682847862193798e-04 2.205672138050561698e-04 2.205662217677239513e-04 2.205652788916615144e-04 2.205643702342913019e-04 2.205634985942472512e-04 2.205626761123432970e-04 2.205619128996129234e-04 2.205612112891940991e-04 2.205605668283207061e-04 2.205599720928285421e-04 2.205594199016203377e-04 2.205589048315332787e-04 2.205584233887613991e-04 2.205579735315602941e-04 2.205575540556440250e-04 2.205571640917859991e-04 2.205568027845351169e-04 2.205566173304942938e-04 2.205562425793381343e-04 2.205558634085882420e-04 2.205554807379272954e-04 2.205550955113124464e-04 2.205547086258136027e-04 2.205543208615512256e-04 2.205539328186681891e-04 2.205535448670179735e-04 2.205531571133968510e-04 2.205527693897409896e-04 2.205523812638829849e-04 2.205519920724169564e-04 2.205516009731808976e-04 2.205512070130643610e-04 2.205508092054732393e-04 2.205504066109636974e-04 2.205499984143428243e-04 2.205495839919087377e-04 2.205491629633855757e-04 2.205489499280016729e-04 2.205485252192488060e-04 2.205480515811588218e-04 2.205475236051145354e-04 2.205469359632577294e-04 2.205462837256619551e-04 2.205455625652491558e-04 2.205447685275056129e-04 2.205438968642227458e-04 2.205429394303714424e-04 2.205418807256349066e-04 2.205406943221423959e-04 2.205393439696432250e-04 2.205377945305284527e-04 2.205360310724787277e-04 2.205340661843512527e-04 2.205319029898614527e-04 2.205294641844599826e-04 2.205266049811183929e-04 2.205232961927555734e-04 2.205196704617332179e-04 2.205156281682731881e-04 2.205109556805139341e-04 2.205059490041871276e-04 2.205002732320337523e-04 2.204937900654438583e-04 2.204859453415684812e-04 2.204766160998256920e-04 2.204655630680722950e-04 2.204545023687646979e-04 2.204422727824404359e-04 2.204254802366825651e-04 2.204088944023612905e-04 2.203897081069580591e-04 2.203669798428121638e-04 2.203450251280005294e-04 2.203166088026048961e-04 2.202890624042010061e-04 2.202615088959589259e-04 2.202311774831081385e-04 2.202008867322158790e-04 2.201738941117666070e-04 2.201466187889038271e-04 2.201235991313079537e-04 2.201027207323365655e-04 2.200864458872950835e-04 2.200746134006790805e-04 2.200674820191307786e-04 2.200696418856990357e-04 2.201113445895187782e-04
2.256116187862137481e-04 2.318593263346873854e-04 2.356979844764542050e-04 2.327870781896868274e-04 2.288644983448896698e-04 2.272323643897666877e-04 2.274607077521757347e-04 2.294017255623342075e-04 2.427338256756853701e-04 2.378215477541783716e-04 2.266443330950689906e-04 2.208248709695021937e-04 2.205648026763135973e-04 2.204591492050748068e-04 2.204276922564864368e-04 2.204051220756900393e-04 2.203893822726873887e-04 2.203776181395561233e-04 2.203767356965006738e-04 2.203734038864360405e-04 2.203684034914089331e-04 2.203652650146949578e-04 2.203636385725004645e-04 2.203625380958381666e-04 2.203617382812047252e-04 2.203613881286308515e-04 2.203610394862185210e-04 2.203604474600734267e-04 2.203598141753838186e-04 2.203592168062575127e-04 2.203585598535209443e-04 2.203577902082024659e-04 2.203569724865701699e-04 2.203562053942564013e-04 2.203555149974820648e-04 2.203548804033601035e-04 2.203542787161139884e-04 2.203536970340280266e-04 2.203531333819926075e-04 2.203525944600399976e-04 2.203520899207575198e-04 2.203516268677218259e-04 2.203512076216378505e-04 2.203508304126161014e-04 2.203504911905211617e-04 2.203501852248738123e-04 2.203499080559120937e-04 2.203496558827538977e-04 2.203494256163969717e-04 2.203492147847027464e-04 2.203491071886478237e-04 2.203488904267100789e-04 2.203486711865383803e-04 2.203484490687325427e-04 2.203482237578779067e-04 2.203479950348441756e-04 2.203477627874989052e-04 2.203475270189699106e-04 2.203472878519786588e-04 2.203470455274875650e-04 2.203468003960610416e-04 2.203465529009398832e-04 2.203463035527801689e-04 2.203460528971466043e-04 2.203458014769692295e-04 2.203455497930650972e-04 2.203452982663324684e-04 2.203450472052482470e-04 2.203447967818358258e-04 2.203445470183926897e-04 2.203444223496034003e-04 2.203441769218450160e-04 2.203439073908861577e-04 2.203436107463143225e-04 2.203432831881848306e-04 2.203429199039692139e-04 2.203425148959702062e-04 2.203420609695795900e-04 2.203415500372618953e-04 2.203409739065448683e-04 2.203403256488391877e-04 2.203396013892472177e-04 2.203388017401150696e-04 2.203379309571215064e-04 2.203369906818974510e-04 2.203359665372202380e-04 2.203348154397145669e-04 2.203334780390794510e-04 2.203319306604672719e-04 2.203302079521211800e-04 2.203282765484568186e-04 2.203259166917794257e-04 2.203230450474935110e-04 2.203198449039698561e-04 2.203159878282150673e-04 2.203116697619365838e-04 2.203071770172315919e-04 2.203021587549199825e-04 2.202968668296462630e-04 2.202917135540999034e-04 2.202865572461112453e-04 2.202779751824025811e-04 2.202637233979854771e-04 2.202565448807982773e-04 2.202438178803364940e-04 2.202298862404108461e-04 2.202140091867136348e-04 2.201996342123866248e-04 2.201808881340638468e-04 2.201634391050535868e-04 2.201453499292453436e-04 2.201257530815443604e-04 2.201084044081229026e-04 2.200920495015467888e-04 2.200771576243912959e-04 2.200641021831906054e-04 2.200538428808170379e-04 2.200465259864323067e-04 2.200420522911362021e-04 2.200434750644026998e-04
2.288301722283986599e-04 2.314568816373799103e-04 2.288904324387971046e-04 2.253713906525844262e-04 2.242674762334007771e-04 2.246550272103009711e-04 2.266059616606803983e-04 2.368221256227974328e-04 2.331114467571681638e-04 2.248004797186400991e-04 2.205235336791600573e-04 2.203461409805947189e-04 2.202940553621293793e-04 2.202665894043999558e-04 2.202490728654781622e-04 2.202434866913340560e-04 2.202397067384691829e-04 2.202347860121649746e-04 2.202314619757311201e-04 2.202298088821608320e-04 2.202287407888086517e-04 2.202281105927478158e-04 2.202273062821225795e-04 2.202262702453776052e-04 2.202255646152899871e-04 2.202250685592016370e-04 2.202245455686785425e-04 2.202240992841011339e-04 2.202237225237426539e-04 2.202234180475716257e-04 2.202231304276494161e-04 2.202227634574187645e-04 2.202223164339850057e-04 2.202218863354336680e-04 2.202215372895114027e-04 2.202212639808196436e-04 2.202210266346606409e-04 2.202207860998652445e-04 2.202205221283455800e-04 2.202202354064122206e-04 2.202199393340410652e-04 2.202196501036460328e-04 2.202193803953460412e-04 2.202191373597874578e-04 2.202189232566061745e-04 2.202187370339440194e-04 2.202185758532522605e-04 2.202184362006106774e-04 2.202183145665976487e-04 2.202182077971936481e-04 2.202181548219241862e-04 2.202180507079319106e-04 2.202179481293035392e-04 2.202178458717110360e-04 2.202177426318496604e-04 2.202176370756688667e-04 2.202175279026142099e-04 2.202174139133215955e-04 2.202172940772119457e-04 2.202171675956374100e-04 2.202170339558042150e-04 2.202168929707757944e-04 2.202167448015016624e-04 2.202165899579997638e-04 2.202164292784331066e-04 2.202162638866841449e-04 2.202160951309188152e-04 2.202159245073107723e-04 2.202157535743560514e-04 2.202155838638995616e-04 2.202154999171846393e-04 2.202153370264278210e-04 2.202151630183396091e-04 2.202149789950580514e-04 2.202147862849232821e-04 2.202145859893919278e-04 2.202143781426971572e-04 2.202141603843663130e-04 2.202139261499308357e-04 2.202136626648464989e-04 2.202133496270269831e-04 2.202129604830474919e-04 2.202124691876794428e-04 2.202118642149201902e-04 2.202111645364573174e-04 2.202104192618380368e-04 2.202096695309250780e-04 2.202088845576917725e-04 2.202079401457761852e-04 2.202067185136845297e-04 2.202052998314979102e-04 2.202038967196958449e-04 2.202023737220215268e-04 2.202005357857957340e-04 2.201987417607771582e-04 2.201966844631203003e-04 2.201945020873092825e-04 2.201926386307904711e-04 2.201901683542772600e-04 2.201868182799166537e-04 2.201828107648417111e-04 2.201776661211904634e-04 2.201718794229490575e-04 2.201669232430285967e-04 2.201594099877372183e-04 2.201520159273602224e-04 2.201435639059460094e-04 2.201349606865047432e-04 2.201245820561523354e-04 2.201137436858338875e-04 2.201025648011247209e-04 2.200897933759024365e-04 2.200788668116413611e-04 2.200678287490882140e-04 2.200573170465283917e-04 2.200480214897340150e-04 2.200402776020392163e-04 2.200336767328280453e-04 2.200289993265901894e-04 2.200263422909840873e-04
2.284218212192105002e-04 2.260276959730827498e-04 2.233355936051863427e-04 2.225303971332498140e-04 2.228018323208878402e-04 2.244518756066642107e-04 2.324131519972068933e-04 2.296867345052419705e-04 2.235015134888039133e-04 2.203269453515903484e-04 2.202181006135553269e-04 2.201828367696570098e-04 2.201667950323224390e-04 2.201565672797605171e-04 2.201518880787793522e-04 2.201491584986251361e-04 2.201466972620444375e-04 2.201444982769239244e-04 2.201446082980680564e-04 2.201437623082188916e-04 2.201424960449104365e-04 2.201418154757701950e-04 2.201413670997326162e-04 2.201413516417025508e-04 2.201412428006738859e-04 2.201408140820710041e-04 2.201404501951186141e-04 2.201402402396755546e-04 2.201399724937642564e-04 2.201395377013191533e-04 2.201390336856906039e-04 2.201386435880130818e-04 2.201384008344802032e-04 2.201382265314905996e-04 2.201380440391507835e-04 2.201378134843826084e-04 2.201375340335298507e-04 2.201372348039817828e-04 2.201369530162383074e-04 2.201367143838686106e-04 2.201365270572246948e-04 2.201363861515860296e-04 2.201362809931884962e-04 2.201362003917122108e-04 2.201361351295185039e-04 2.201360785669280906e-04 2.201360263718629804e-04 2.201359759884930324e-04 2.201359261152621076e-04 2.201358762773863108e-04 2.201358490893759229e-04 2.201357904156717356e-04 2.201357255431185512e-04 2.201356541195065178e-04 2.201355760636186469e-04 2.201354915896964321e-04 2.201354012168305844e-04 2.201353057595919539e-04 2.201352062979744636e-04 2.201351041269640962e-04 2.201350006884472568e-04 2.201348974903562879e-04 2.201347960195749120e-04 2.201346976559350062e-04 2.201346035944976563e-04 2.201345147822514163e-04 2.201344318735523587e-04 2.201343552063692315e-04 2.201342847990414228e-04 2.201342203651782570e-04 2.201341902224341078e-04 2.201341344130510868e-04 2.201340777153758862e-04 2.201340194105720302e-04 2.201339578035851300e-04 2.201338897387450702e-04 2.201338100402590867e-04 2.201337110125817253e-04 2.201335823626682491e-04 2.201334123006922459e-04 2.201331909746171301e-04 2.201329170717264189e-04 2.201326059659479645e-04 2.201322925310616834e-04 2.201320176899982555e-04 2.201317952211870603e-04 2.201315777786131040e-04 2.201312574813643651e-04 2.201307330156251625e-04 2.201300541904199683e-04 2.201294722708549163e-04 2.201290607103925027e-04 2.201284244338295982e-04 2.201273906132597026e-04 2.201263880170934307e-04 2.201251553819178332e-04 2.201236482515678966e-04 2.201219996695616367e-04 2.201198953503197210e-04 2.201182359007552785e-04 2.201167830073058758e-04 2.201143287606359433e-04 2.201106756855138386e-04 2.201077861727479264e-04 2.201042987373143646e-04 2.200995145037300878e-04 2.200953994311153933e-04 2.200900068809205450e-04 2.200835997458642590e-04 2.200772925156376349e-04 2.200707732377660513e-04 2.200639310603040740e-04 2.200565873372614493e-04 2.200492881264574734e-04 2.200424132866417445e-04 2.200360113819913293e-04 2.200301423192059459e-04 2.200250700688092837e-04 2.200212162937860633e-04 2.200180596174643329e-04
2.239492821566919250e-04 2.220578125326588099e-04 2.214358145563416448e-04 2.217402977749186835e-04 2.230766314707969611e-04 2.293201740566049376e-04 2.272561259982790649e-04 2.224290729310867418e-04 2.202002266439937600e-04 2.201364071216542950e-04 2.201140204043287125e-04 2.201045758800310994e-04 2.200978326270433929e-04 2.200948468082942458e-04 2.200933832991433558e-04 2.200914954450069918e-04 2.200905093689007523e-04 2.200899235941567746e-04 2.200895541475143607e-04 2.200890204147070068e-04 2.200892594913956559e-04 2.200891632155341053e-04 2.200884912014772362e-04 2.200879634436006646e-04 2.200876562840500762e-04 2.200873985741703812e-04 2.200870572630957633e-04 2.200867191657182760e-04 2.200865008239219999e-04 2.200864044248001064e-04 2.200863093011854734e-04 2.200861762010957400e-04 2.200860317264592757e-04 2.200858984705700966e-04 2.200857921446127536e-04 2.200857181811362426e-04 2.200856654226333268e-04 2.200856154002143940e-04 2.200855552326255466e-04 2.200854816629122912e-04 2.200853978206142238e-04 2.200853088027124229e-04 2.200852191230482833e-04 2.200851319934670370e-04 2.200850494728193597e-04 2.200849727948540316e-04 2.200849026205952937e-04 2.200848391955100686e-04 2.200847824537370046e-04 2.200847321016284001e-04 2.200847071604331592e-04 2.200846587490660946e-04 2.200846125861706754e-04 2.200845689480907094e-04 2.200845280127591960e-04 2.200844898419772311e-04 2.200844543713290297e-04 2.200844214092171215e-04 2.200843906454319661e-04 2.200843616685312803e-04 2.200843339902622340e-04 2.200843070744571458e-04 2.200842803673838796e-04 2.200842533264941970e-04 2.200842254448855811e-04 2.200841962695131225e-04 2.200841654121490410e-04 2.200841325531406936e-04 2.200840974390126442e-04 2.200840598757471849e-04 2.200840401291685180e-04 2.200839992618172398e-04 2.200839513108297665e-04 2.200838948811302033e-04 2.200838283556151261e-04 2.200837499367574285e-04 2.200836577988067577e-04 2.200835504498457927e-04 2.200834274122910931e-04 2.200832902331626036e-04 2.200831435185144150e-04 2.200829951209573143e-04 2.200828541279417389e-04 2.200827258129972402e-04 2.200826050740575877e-04 2.200824727551984846e-04 2.200822983167722701e-04 2.200820481801078776e-04 2.200817057356930660e-04 2.200813149713415253e-04 2.200809845962541306e-04 2.200807349736243537e-04 2.200803875517016344e-04 2.200797947220063612e-04 2.200791859218600792e-04 2.200786788565903967e-04 2.200777988313359869e-04 2.200773652654861251e-04 2.200765906853375956e-04 2.200754543917414876e-04 2.200738223280521340e-04 2.200730383102721826e-04 2.200711911945773017e-04 2.200689383248179587e-04 2.200668869515188663e-04 2.200650186669224470e-04 2.200624421370719712e-04 2.200595992153319910e-04 2.200557688575720706e-04 2.200524679412874031e-04 2.200486224216896872e-04 2.200443301957852879e-04 2.200398329464877962e-04 2.200350865644875827e-04 2.200307648522820602e-04 2.200263948170495343e-04 2.200222384927002269e-04 2.200185919641983560e-04 2.200157887472068709e-04 2.200131800859814960e-04
2.212491927200904783e-04 2.207998527274804084e-04 2.210797108352178923e-04 2.220767574257831781e-04 2.268204373207785758e-04 2.254840865651008429e-04 2.217486185354512025e-04 2.201232721581595001e-04 2.200843698082669106e-04 2.200714981243449006e-04 2.200650488838455947e-04 2.200612261845903098e-04 2.200593207917681644e-04 2.200581003918052471e-04 2.200573523125306141e-04 2.200566655314397952e-04 2.200561133856534547e-04 2.200559633423670926e-04 2.200559699108607800e-04 2.200555047448928881e-04 2.200551879350845475e-04 2.200552494969895353e-04 2.200552497261215427e-04 2.200549446738484687e-04 2.200546342734258727e-04 2.200544953792563509e-04 2.200545599381911006e-04 2.200545645604728246e-04 2.200544190383716195e-04 2.200541315683625593e-04 2.200538543813769011e-04 2.200537437071233666e-04 2.200537821441131501e-04 2.200538645479860464e-04 2.200539162094322990e-04 2.200539072280837565e-04 2.200538325214282625e-04 2.200537032373155774e-04 2.200535425404835427e-04 2.200533776305487138e-04 2.200532310367908021e-04 2.200531158439793765e-04 2.200530356762539182e-04 2.200529874823874588e-04 2.200529648698038325e-04 2.200529606870097203e-04 2.200529685218865106e-04 2.200529833115545902e-04 2.200530014029718976e-04 2.200530203514738177e-04 2.200530304818735920e-04 2.200530510512335822e-04 2.200530711015611643e-04 2.200530895949015411e-04 2.200531055898834372e-04 2.200531182400005021e-04 2.200531267848310625e-04 2.200531305381214114e-04 2.200531288768732866e-04 2.200531212352511967e-04 2.200531071063052452e-04 2.200530860532867315e-04 2.200530577308586427e-04 2.200530219149365830e-04 2.200529785384215296e-04 2.200529277288708438e-04 2.200528698433511698e-04 2.200528054954327645e-04 2.200527355695775379e-04 2.200526612190389540e-04 2.200526228136189151e-04 2.200525456700456745e-04 2.200524603420946437e-04 2.200523685503071481e-04 2.200522736043929260e-04 2.200521808178027201e-04 2.200520976684363944e-04 2.200520333753083356e-04 2.200519975019580383e-04 2.200519973393816515e-04 2.200520342933385816e-04 2.200521001844248428e-04 2.200521746206815347e-04 2.200522236691201039e-04 2.200521993068008943e-04 2.200520444731955932e-04 2.200517228650518582e-04 2.200512893132170443e-04 2.200509402188934461e-04 2.200508890568413122e-04 2.200510774417955412e-04 2.200511094369950811e-04 2.200506556614172582e-04 2.200500412650904206e-04 2.200499080054846236e-04 2.200496495660549362e-04 2.200489783879115994e-04 2.200491095541366976e-04 2.200482027697038372e-04 2.200475150271687694e-04 2.200469007771476695e-04 2.200467097028366737e-04 2.200452467426632596e-04 2.200442087027324736e-04 2.200435016794681032e-04 2.200423140979276446e-04 2.200405777525170933e-04 2.200388594918491214e-04 2.200371508705192510e-04 2.200351398245837045e-04 2.200326376318112258e-04 2.200304071811813426e-04 2.200275542451163541e-04 2.200248777922989235e-04 2.200221090362132470e-04 2.200193598866850505e-04 2.200167273067518139e-04 2.200141423383343542e-04 2.200117547012751796e-04 2.200098728433908944e-04
2.204686686305391233e-04 2.206612335512133153e-04 2.213564156875260942e-04 2.250244554032263249e-04 2.240871042937697579e-04 2.212326437929259507e-04 2.200776202337489094e-04 2.200530262136563019e-04 2.200446542228125843e-04 2.200405739920976544e-04 2.200382749981886999e-04 2.200372023949446023e-04 2.200362590288622213e-04 2.200356632243355209e-04 2.200354367135155191e-04 2.200352131001251550e-04 2.200350062555173070e-04 2.200350352934435860e-04 2.200348576869636072e-04 2.200346007061124848e-04 2.200345300772707340e-04 2.200343656661857001e-04 2.200342036132334526e-04 2.200340974018903195e-04 2.200340577600164973e-04 2.200339755635489559e-04 2.200339413827439325e-04 2.200337772980328905e-04 2.200337167551228226e-04 2.200337234260148515e-04 2.200336501766971074e-04 2.200335718913069469e-04 2.200335523348833549e-04 2.200335381115570621e-04 2.200334829889162894e-04 2.200334067179458473e-04 2.200333467611198578e-04 2.200333152830730719e-04 2.200333007296499351e-04 2.200332868867815417e-04 2.200332649148945311e-04 2.200332346050138136e-04 2.200332004716369161e-04 2.200331677123695579e-04 2.200331399748962967e-04 2.200331188264734129e-04 2.200331041669555913e-04 2.200330949229517270e-04 2.200330896575136035e-04 2.200330869722543078e-04 2.200330861689854523e-04 2.200330851909056932e-04 2.200330843033314180e-04 2.200330825798899330e-04 2.200330791340824915e-04 2.200330731977132568e-04 2.200330641888439769e-04 2.200330517627833082e-04 2.200330358412536699e-04 2.200330166170114089e-04 2.200329945336072389e-04 2.200329702424133182e-04 2.200329445412574066e-04 2.200329183007676179e-04 2.200328923856649803e-04 2.200328675786424417e-04 2.200328445141036646e-04 2.200328236279593965e-04 2.200328051280090185e-04 2.200327889873500593e-04 2.200327817328064952e-04 2.200327687931216626e-04 2.200327561616489448e-04 2.200327433265950158e-04 2.200327293018007775e-04 2.200327126405657503e-04 2.200326917099740720e-04 2.200326653714195521e-04 2.200326340797969387e-04 2.200326010131691066e-04 2.200325721393813058e-04 2.200325535009126619e-04 2.200325447006077760e-04 2.200325314533171689e-04 2.200324868160580022e-04 2.200323920241184050e-04 2.200322675878136388e-04 2.200321675810762098e-04 2.200321062301684844e-04 2.200320228628123073e-04 2.200319147499612518e-04 2.200318489034034991e-04 2.200317003398722575e-04 2.200314876017433867e-04 2.200313639859417640e-04 2.200311704567235597e-04 2.200309534368347379e-04 2.200306520787673312e-04 2.200304807112937072e-04 2.200301176507981672e-04 2.200298221110709820e-04 2.200294622689348588e-04 2.200290854827228733e-04 2.200283862094001147e-04 2.200278479494490185e-04 2.200272328025901930e-04 2.200262366693471895e-04 2.200253596918606825e-04 2.200245440750560647e-04 2.200231306463026047e-04 2.200218461437890001e-04 2.200204982187240323e-04 2.200189024149100164e-04 2.200172726834415322e-04 2.200156747757878715e-04 2.200138287062365769e-04 2.200120585178608115e-04 2.200101824703934526e-04 2.200086700504180618e-04 2.200073380501346341e-04
