2.201142096285559828e-04 2.201433005235635908e-04 2.201742527313445968e-04 2.202054729911983287e-04 2.202355233211315680e-04 2.202632453223193724e-04 2.202876994598301438e-04 2.203088349609900022e-04 2.203263824213258797e-04 2.203405658432422377e-04 2.203516325883491127e-04 2.203600580550040661e-04 2.203661887730112173e-04 2.203704679396604961e-04 2.203733272350715585e-04 2.203750298715241487e-04 2.203758590019386481e-04 2.203761679389755978e-04 2.203759544293172666e-04 2.203754759425675871e-04 2.203747911663348803e-04 2.203739479234181171e-04 2.203730254472789673e-04 2.203720675220215402e-04 2.203710964335918465e-04 2.203701286622277149e-04 2.203691779161779285e-04 2.203682546982486316e-04 2.203673665193264851e-04 2.203665184165500555e-04 2.203657132358404869e-04 2.203649526886542766e-04 2.203642372412061652e-04 2.203635664475005901e-04 2.203629394796191967e-04 2.203623551157832304e-04 2.203618117036409605e-04 2.203613073479141274e-04 2.203608400902314134e-04 2.203604079562139061e-04 2.203600089407920198e-04 2.203596410120625443e-04 2.203593021454062378e-04 2.203589903644604775e-04 2.203587037704409380e-04 2.203584405563067201e-04 2.203581990106017331e-04 2.203579775166813874e-04 2.203577745507965928e-04 2.203575886802895103e-04 2.203574939641967940e-04 2.203573037137917644e-04 2.203571123712243229e-04 2.203569199336752457e-04 2.203567263964302861e-04 2.203565317527790730e-04 2.203563359942219764e-04 2.203561391109695993e-04 2.203559410926702504e-04 2.203557419292606363e-04 2.203555416118129482e-04 2.203553401332349591e-04 2.203551374887110224e-04 2.203549336757884016e-04 2.203547286940867316e-04 2.203545225446510477e-04 2.203543152290414898e-04 2.203541067482943654e-04 2.203538971019190459e-04 2.203536862871017556e-04 2.203535804398932076e-04 2.203533709707876538e-04 2.203531395309838358e-04 2.203528836634824416e-04 2.203526006016732065e-04 2.203522872266174297e-04 2.203519400221134311e-04 2.203515550282857875e-04 2.203511277892932310e-04 2.203506532794992519e-04 2.203501257808131901e-04 2.203495386949022171e-04 2.203488843389462680e-04 2.203481538605505871e-04 2.203473373155409739e-04 2.203464235082058342e-04 2.203453990878608676e-04 2.203442478978943811e-04 2.203429520193013360e-04 2.203414908925190269e-04 2.203398382398306617e-04 2.203379653352809239e-04 2.203358360856412014e-04 2.203334081520075998e-04 2.203306295104117340e-04 2.203274412367740940e-04 2.203237761918332442e-04 2.203195692032692784e-04 2.203147514875533294e-04 2.203092025240632149e-04 2.203027229465853742e-04 2.202952528575166267e-04 2.202867552466534768e-04 2.202768281479682141e-04 2.202656624350489867e-04 2.202529365036954385e-04 2.202386363430052678e-04 2.202228463930513557e-04 2.202056476889565956e-04 2.201872861272980136e-04 2.201681323211305847e-04 2.201486281644585532e-04 2.201293252229221396e-04 2.201106918181663442e-04 2.200933141161945980e-04 2.200774076355793718e-04 2.200633369869807432e-04 2.200511257331466838e-04 2.200407104320963850e-04 2.200321003492061278e-04 
2.201283937748494963e-04 2.201662861286214396e-04 2.202086715306305037e-04 2.202538045345638410e-04 2.202991649478754262e-04 2.203429390795885853e-04 2.203832599984165890e-04 2.204190173279079530e-04 2.204497428549167702e-04 2.204753197315470438e-04 2.204959600370793432e-04 2.205121197143382881e-04 2.205243434126174802e-04 2.205332715057997737e-04 2.205395218311565300e-04 2.205436521343748680e-04 2.205461481934606891e-04 2.205474232418285483e-04 2.205478026007134300e-04 2.205475406006451693e-04 2.205468293198228154e-04 2.205458139137830744e-04 2.205446004807806401e-04 2.205432665190373549e-04 2.205418687622540726e-04 2.205404481515818972e-04 2.205390342073422917e-04 2.205376475573869505e-04 2.205363031670080898e-04 2.205350105630997674e-04 2.205337768532054596e-04 2.205326058252702758e-04 2.205314993722453981e-04 2.205304585897862398e-04 2.205294828583584019e-04 2.205285706041761051e-04 2.205277200872526140e-04 2.205269291928754706e-04 2.205261952657495018e-04 2.205255153427898790e-04 2.205248864220077539e-04 2.205243055605274468e-04 2.205237698630811379e-04 2.205232764638691615e-04 2.205228225388122223e-04 2.205224053375035389e-04 2.205220222155879174e-04 2.205216706572012944e-04 2.205213482862076796e-04 2.205210528691653698e-04 2.205209022539466679e-04 2.205205995627338073e-04 2.205202949173454372e-04 2.205199883130100650e-04 2.205196797477509193e-04 2.205193692212365593e-04 2.205190567333012105e-04 2.205187422823830527e-04 2.205184258641397748e-04 2.205181074704881618e-04 2.205177870892461992e-04 2.205174647044709382e-04 2.205171402974562050e-04 2.205168138482478007e-04 2.205164853374359042e-04 2.205161547479144617e-04 2.205158220663001357e-04 2.205154872837367835e-04 2.205151503959136442e-04 2.205148114022517539e-04 2.205146411162033082e-04 2.205143039735285549e-04 2.205139312554908878e-04 2.205135189665212675e-04 2.205130626042548501e-04 2.205125570753706612e-04 2.205119965958697158e-04 2.205113745822626992e-04 2.205106835481130648e-04 2.205099150179452557e-04 2.205090594344416067e-04 2.205081059570160123e-04 2.205070420169722529e-04 2.205058527268163946e-04 2.205045207241248183e-04 2.205030266920841029e-04 2.205013486969465970e-04 2.204994592693400378e-04 2.204973264969439556e-04 2.204949162308358912e-04 2.204921825549970818e-04 2.204890769634950483e-04 2.204855374967041822e-04 2.204814968849454530e-04 2.204768665406596972e-04 2.204715525417275384e-04 2.204654408243393094e-04 2.204583956232564678e-04 2.204502630760471851e-04 2.204408718380661476e-04 2.204300389387759795e-04 2.204175552154132912e-04 2.204032238595725454e-04 2.203868592023032588e-04 2.203683191942416505e-04 2.203475298631187636e-04 2.203245247105771389e-04 2.202994885881730117e-04 2.202727584597866019e-04 2.202448554660646593e-04 2.202164566862647803e-04 2.201883240507995808e-04 2.201612274957777989e-04 2.201358645403612762e-04 2.201127560326535647e-04 2.200922477303883333e-04 2.200744784377729139e-04 2.200593479720616349e-04 2.200467536280880493e-04 2.200364173198536468e-04 
2.201402514224318544e-04 2.201869738526818817e-04 2.202420670499104878e-04 2.203039555491907253e-04 2.203695879034062318e-04 2.204358010903881976e-04 2.204994747816844849e-04 2.205581797184621290e-04 2.206102899547031414e-04 2.206550298892858645e-04 2.206922549706469251e-04 2.207223025247878460e-04 2.207458190667405400e-04 2.207636312345736315e-04 2.207766357965523438e-04 2.207857373267825096e-04 2.207917540214960055e-04 2.207953868794349309e-04 2.207972380533579034e-04 2.207977995459839524e-04 2.207974151236481914e-04 2.207963784412403862e-04 2.207948977245923503e-04 2.207931259994857186e-04 2.207911826812273984e-04 2.207891511571706186e-04 2.207870880003896753e-04 2.207850332835663949e-04 2.207830163815927005e-04 2.207810587669117191e-04 2.207791756510040448e-04 2.207773772664680290e-04 2.207756699069530842e-04 2.207740569234949407e-04 2.207725393913979677e-04 2.207711166672093178e-04 2.207697869020956217e-04 2.207685473546821251e-04 2.207673946079431325e-04 2.207663247927963974e-04 2.207653337780109181e-04 2.207644172924268797e-04 2.207635710036143055e-04 2.207627905833679479e-04 2.207620717679931849e-04 2.207614104084422392e-04 2.207608025064272173e-04 2.207602442374162011e-04 2.207597319639516677e-04 2.207592622425967024e-04 2.207590226611380537e-04 2.207585409773276210e-04 2.207580559201586298e-04 2.207575674742180076e-04 2.207570756226187635e-04 2.207565803466288656e-04 2.207560816256759842e-04 2.207555794377539864e-04 2.207550737601874074e-04 2.207545645706008078e-04 2.207540518478874549e-04 2.207535355729420528e-04 2.207530157289576249e-04 2.207524923011802665e-04 2.207519652761174612e-04 2.207514346403533455e-04 2.207509003792163871e-04 2.207503624756151147e-04 2.207498209093470198e-04 2.207492756571062011e-04 2.207490016407864482e-04 2.207484588738601824e-04 2.207478584228255044e-04 2.207471936992989837e-04 2.207464572748025133e-04 2.207456407630949830e-04 2.207447346816219483e-04 2.207437282781359012e-04 2.207426093018686791e-04 2.207413637081992658e-04 2.207399753302983385e-04 2.207384256020026691e-04 2.207366933292036963e-04 2.207347541813638625e-04 2.207325795726906891e-04 2.207301358421643223e-04 2.207273847490302593e-04 2.207242818113208844e-04 2.207207727977120138e-04 2.207167962035700673e-04 2.207122766665735726e-04 2.207071275584942031e-04 2.207012442357064882e-04 2.206945042676540666e-04 2.206867589912295334e-04 2.206778450189485197e-04 2.206675761749136544e-04 2.206557398849338860e-04 2.206420728827568833e-04 2.206262860981343308e-04 2.206081143042873209e-04 2.205872355004389815e-04 2.205634012533393205e-04 2.205364074099600339e-04 2.205061330059712331e-04 2.204726163871322117e-04 2.204361519645116005e-04 2.203972363863496468e-04 2.203565959543059532e-04 2.203152443278966807e-04 2.202742680154590410e-04 2.202348062048270787e-04 2.201978618010049817e-04 2.201642100854789221e-04 2.201343373597688675e-04 2.201084294490756937e-04 2.200864263654109742e-04 2.200680729677184774e-04 2.200530470687516219e-04 2.200408965007439894e-04 
2.201492813003929413e-04 2.202042163478112153e-04 2.202723169178020949e-04 2.203526611669935707e-04 2.204427228185264155e-04 2.205382068442700056e-04 2.206346487921972011e-04 2.207273975063291387e-04 2.208128976967138385e-04 2.208887981771462611e-04 2.209539461155653650e-04 2.210081761776460350e-04 2.210519330236150148e-04 2.210861810049639237e-04 2.211121216563750034e-04 2.211310637258796427e-04 2.211443147555856587e-04 2.211530671835600136e-04 2.211583665414363622e-04 2.211610704470392532e-04 2.211618728946999001e-04 2.211613196776551890e-04 2.211598143996240066e-04 2.211576580855702603e-04 2.211550811082525802e-04 2.211522510057518953e-04 2.211492872770858746e-04 2.211462755552758355e-04 2.211432774543289957e-04 2.211403370811525009e-04 2.211374855498398305e-04 2.211347442585282885e-04 2.211321273141518930e-04 2.211296433375130668e-04 2.211272968132065530e-04 2.211250891063108661e-04 2.211230192368507093e-04 2.211210844761322654e-04 2.211192808101455443e-04 2.211176033028880656e-04 2.211160463829354311e-04 2.211146040697792076e-04 2.211132701521862612e-04 2.211120383281312029e-04 2.211109023137329836e-04 2.211098559270386504e-04 2.211088931512915573e-04 2.211080081814839713e-04 2.211071954573413749e-04 2.211064496853412577e-04 2.211060690996071603e-04 2.211053035060571242e-04 2.211045319885039380e-04 2.211037545132033271e-04 2.211029710461123732e-04 2.211021815528942851e-04 2.211013859989277499e-04 2.211005843493179645e-04 2.210997765689095380e-04 2.210989626223052481e-04 2.210981424738861804e-04 2.210973160878333308e-04 2.210964834281523527e-04 2.210956444586901993e-04 2.210947991431529863e-04 2.210939474451187846e-04 2.210930893280423646e-04 2.210922247552624055e-04 2.210913536900071337e-04 2.210904760954041071e-04 2.210900348380490706e-04 2.210891603743566681e-04 2.210881923275426805e-04 2.210871198885949209e-04 2.210859308374558767e-04 2.210846113268050139e-04 2.210831456268414071e-04 2.210815158229932121e-04 2.210797014566371352e-04 2.210776790967512967e-04 2.210754218279742367e-04 2.210728986378307070e-04 2.210700736819108290e-04 2.210669053996472237e-04 2.210633454473976778e-04 2.210593374156560561e-04 2.210548152962439974e-04 2.210497016530921178e-04 2.210439054471067817e-04 2.210373193934851211e-04 2.210298166773724848e-04 2.210212469857307060e-04 2.210114318357941086e-04 2.210001597598922236e-04 2.209871840503136082e-04 2.209722286430758787e-04 2.209549909746649429e-04 2.209350963380837893e-04 2.209121112068465761e-04 2.208855976405851157e-04 2.208552508805002924e-04 2.208205215194989084e-04 2.207812152253859066e-04 2.207370407082205783e-04 2.206883432193400729e-04 2.206352171440800921e-04 2.205785841559246968e-04 2.205193807072245555e-04 2.204591150176758284e-04 2.203994415966020336e-04 2.203419446727867290e-04 2.202881571581130908e-04 2.202391505384443436e-04 2.201956441230130262e-04 2.201579140042297098e-04 2.201258724468505197e-04 2.200991581293642251e-04 2.200772500015622042e-04 2.200595561662236862e-04 2.200454613852848072e-04 
2.201554978179700965e-04 2.202173991050416406e-04 2.202974476349177347e-04 2.203966403087996974e-04 2.205135787557091368e-04 2.206446405433867613e-04 2.207838423893668971e-04 2.209242646384965288e-04 2.210593807144563380e-04 2.211838752537257106e-04 2.212944196278384171e-04 2.213893017648482754e-04 2.214682567085911530e-04 2.215319875963415021e-04 2.215818637983526889e-04 2.216196405053756462e-04 2.216472330498276734e-04 2.216665326722666758e-04 2.216792821306035369e-04 2.216869963930551048e-04 2.216909352344234607e-04 2.216921072628813072e-04 2.216912969736606039e-04 2.216891005828095082e-04 2.216859637063792405e-04 2.216822150822255583e-04 2.216780950415549222e-04 2.216737781696706316e-04 2.216693906166903824e-04 2.216650229912200791e-04 2.216607398135662726e-04 2.216565863859886278e-04 2.216525937730595816e-04 2.216487824228066282e-04 2.216451648195784461e-04 2.216417474489244105e-04 2.216385322718579314e-04 2.216355178460015414e-04 2.216327001890488666e-04 2.216300734509376376e-04 2.216276304413899404e-04 2.216253630460154032e-04 2.216232625551268120e-04 2.216213199231932952e-04 2.216195259725772804e-04 2.216178715521526215e-04 2.216163476592669895e-04 2.216149455318047854e-04 2.216136567159523508e-04 2.216124731142227308e-04 2.216118687433681533e-04 2.216106522701636499e-04 2.216094254349453550e-04 2.216081881730949546e-04 2.216069404193508506e-04 2.216056821078308744e-04 2.216044131720703431e-04 2.216031335450518200e-04 2.216018431592368010e-04 2.216005419466001651e-04 2.215992298386590409e-04 2.215979067665095343e-04 2.215965726608621277e-04 2.215952274520691914e-04 2.215938710701664816e-04 2.215925034449045278e-04 2.215911245057817017e-04 2.215897341820854429e-04 2.215883324029192564e-04 2.215869190972463785e-04 2.215862080997404993e-04 2.215847983271480523e-04 2.215832365319247391e-04 2.215815049196913627e-04 2.215795833267175370e-04 2.215774488482008585e-04 2.215750753978961026e-04 2.215724331848713952e-04 2.215694880896683112e-04 2.215662009185223515e-04 2.215625265093837165e-04 2.215584126578963337e-04 2.215537988248533633e-04 2.215486145790824635e-04 2.215427777214869838e-04 2.215361920276691170e-04 2.215287445393886894e-04 2.215203023313326374e-04 2.215107086831448675e-04 2.214997786037403748e-04 2.214872936940191393e-04 2.214729964041271045e-04 2.214565838498153117e-04 2.214377015019513097e-04 2.214159373965749204e-04 2.213908187246221349e-04 2.213618147117103101e-04 2.213283448598758101e-04 2.212897877082469389e-04 2.212455165504409709e-04 2.211949736839722322e-04 2.211377068472811670e-04 2.210734768375546464e-04 2.210023985557385518e-04 2.209251182068923435e-04 2.208425548413940588e-04 2.207566219739775148e-04 2.206687612152160595e-04 2.205809108947979905e-04 2.204979405671260830e-04 2.204189844127427307e-04 2.203478774730764276e-04 2.202848816025354474e-04 2.202299645372600477e-04 2.201833129425487625e-04 2.201444100949924410e-04 2.201125085732824279e-04 2.200867385641121644e-04 2.200662064280621067e-04 2.200500618323264588e-04 
2.201591885025283558e-04 2.202264369106335016e-04 2.203166133732175291e-04 2.204331789392305883e-04 2.205775772851853520e-04 2.207479668285481896e-04 2.209388391240297872e-04 2.211415676993290632e-04 2.213460571708289752e-04 2.215428007436848743e-04 2.217241348179683873e-04 2.218851256816635703e-04 2.220233243968985969e-04 2.221383136858185922e-04 2.222311282092708981e-04 2.223037653336306198e-04 2.223587820759284606e-04 2.223989660248470101e-04 2.224270733217849805e-04 2.224456409123184584e-04 2.224568757903002520e-04 2.224626121242673834e-04 2.224643189529074507e-04 2.224631387820303838e-04 2.224599400779074651e-04 2.224553716979456536e-04 2.224499123522418755e-04 2.224439120696127448e-04 2.224376251313859719e-04 2.224312352658316223e-04 2.224248744316865479e-04 2.224186365911421021e-04 2.224125877179057662e-04 2.224067730511218122e-04 2.224012223690836508e-04 2.223959538526063711e-04 2.223909769464304273e-04 2.223862945061704898e-04 2.223819044310227885e-04 2.223778009212199998e-04 2.223739754569365183e-04 2.223704175665450352e-04 2.223671154326110953e-04 2.223640563707400401e-04 2.223612272074476203e-04 2.223586145768562854e-04 2.223562051517049740e-04 2.223539858209507545e-04 2.223519438238697528e-04 2.223500668487283865e-04 2.223491078144557902e-04 2.223471762343754994e-04 2.223452265368816062e-04 2.223432585982381554e-04 2.223412722932864745e-04 2.223392674955210408e-04 2.223372440771585995e-04 2.223352019092159548e-04 2.223331408615816362e-04 2.223310608030891358e-04 2.223289616016025608e-04 2.223268431240834741e-04 2.223247052366815067e-04 2.223225478047993829e-04 2.223203706931881941e-04 2.223181737660183334e-04 2.223159568869657161e-04 2.223137199192914688e-04 2.223114627259312952e-04 2.223091851695719386e-04 2.223080387123133571e-04 2.223057641778446809e-04 2.223032423286978821e-04 2.223004437992240779e-04 2.222973352317919680e-04 2.222938786355111167e-04 2.222900306241484955e-04 2.222857415076863517e-04 2.222809542062427945e-04 2.222756029482158191e-04 2.222696117062634242e-04 2.222628923150994759e-04 2.222553422040626184e-04 2.222468416653428081e-04 2.222372505666012066e-04 2.222264044059694423e-04 2.222141096015300922e-04 2.222001379115417586e-04 2.221842199050298131e-04 2.221660374588918237e-04 2.221452153687104229e-04 2.221213123567301992e-04 2.220938120831179852e-04 2.220621152675383012e-04 2.220255347597484892e-04 2.219832963888540849e-04 2.219345496383094685e-04 2.218783935654032005e-04 2.218139244348722239e-04 2.217403117177584320e-04 2.216569064949441923e-04 2.215633819416964838e-04 2.214598963706181068e-04 2.213472505156918973e-04 2.212270013881981515e-04 2.211014811518930367e-04 2.209737552928588416e-04 2.208472430478763482e-04 2.207250597785865795e-04 2.206112073791245123e-04 2.205053818433876285e-04 2.204224786879765573e-04 2.203316736033696045e-04 2.202696254549778906e-04 2.202102134944705365e-04 2.201638504625739806e-04 2.201263216467039133e-04 2.200964217042664247e-04 2.200729071094509250e-04 2.200546382741396412e-04 
2.201609051018266368e-04 2.202318323059543402e-04 2.203297933894705061e-04 2.204610981276682654e-04 2.206308727986589012e-04 2.208411731979886610e-04 2.210893081997152574e-04 2.213672477412331101e-04 2.216625042140254510e-04 2.219603620850545351e-04 2.222468688808389679e-04 2.225109659794503826e-04 2.227454258401170709e-04 2.229466943343767673e-04 2.231141608937958233e-04 2.232493331326042556e-04 2.233551195183883285e-04 2.234352440026195327e-04 2.234937665954547412e-04 2.235347012791937373e-04 2.235617425576951519e-04 2.235781045581248193e-04 2.235864585951685506e-04 2.235889442191184892e-04 2.235872253701673515e-04 2.235825668478832497e-04 2.235759136107457856e-04 2.235679628228948537e-04 2.235592242460817921e-04 2.235500682021548740e-04 2.235407622638400655e-04 2.235314986094355440e-04 2.235224140808354625e-04 2.235136047587365235e-04 2.235051365269198512e-04 2.234970527526904723e-04 2.234893799133442474e-04 2.234821317634211367e-04 2.234753124614113429e-04 2.234689189475696190e-04 2.234629427751872192e-04 2.234573715362483395e-04 2.234521899802503233e-04 2.234473808967397577e-04 2.234429258126956782e-04 2.234388055428131290e-04 2.234350006216089836e-04 2.234314916398447842e-04 2.234282595031881059e-04 2.234252856274791300e-04 2.234237650618533795e-04 2.234207003304238871e-04 2.234176039372548126e-04 2.234144756456990554e-04 2.234113152159762790e-04 2.234081224053573070e-04 2.234048969683217112e-04 2.234016386567233428e-04 2.233983472199772759e-04 2.233950224052210279e-04 2.233916639575005819e-04 2.233882716199619110e-04 2.233848451340027393e-04 2.233813842394962671e-04 2.233778886749538826e-04 2.233743581777234354e-04 2.233707924841820888e-04 2.233671913299177883e-04 2.233635544499475384e-04 2.233598815788883274e-04 2.233580315637119832e-04 2.233543588477250163e-04 2.233502831856642166e-04 2.233457559967387182e-04 2.233407219524178103e-04 2.233351178665665118e-04 2.233288713724217688e-04 2.233218993408253204e-04 2.233141059842536373e-04 2.233053805789939148e-04 2.232955947239532806e-04 2.232845990383877134e-04 2.232722191834083205e-04 2.232582510742787138e-04 2.232424551349948116e-04 2.232245494379476156e-04 2.232042015776642416e-04 2.231810191615681146e-04 2.231545388831288870e-04 2.231242143044431152e-04 2.230894027616832625e-04 2.230493522760396499e-04 2.230031900815292309e-04 2.229499154428741842e-04 2.228884008842052511e-04 2.228174077495786672e-04 2.227356239558131250e-04 2.226417333410964647e-04 2.225345261443383916e-04 2.224130572833356268e-04 2.222768512355998685e-04 2.221261378495767045e-04 2.219620830440454631e-04 2.217869572389036151e-04 2.216041715480069208e-04 2.214181191938668805e-04 2.212338007459166639e-04 2.210562668849756459e-04 2.208901062346721358e-04 2.207388743334511526e-04 2.206077803605607812e-04 2.204823465534878186e-04 2.203851392434299627e-04 2.203185110403473013e-04 2.202430353012385341e-04 2.201839181663634850e-04 2.201404232800519760e-04 2.201061782476229568e-04 2.200795725960391917e-04 2.200591380170439622e-04 
2.201609830898044746e-04 2.202342502772549270e-04 2.203376360935406346e-04 2.204802964825462535e-04 2.206715148123546675e-04 2.209188116910765090e-04 2.212250383029109430e-04 2.215864277729650970e-04 2.219912368951364515e-04 2.224212133465443329e-04 2.228549983406390308e-04 2.232722588202567843e-04 2.236568821033999011e-04 2.239983426256529934e-04 2.242914645247290372e-04 2.245353578219291683e-04 2.247322196263888011e-04 2.248862834602925525e-04 2.250029744969897472e-04 2.250882052014496878e-04 2.251478209007412405e-04 2.251872028781159020e-04 2.252110322792426561e-04 2.252231991897965014e-04 2.252268193473409255e-04 2.252243160513950945e-04 2.252175314021459692e-04 2.252078416877530511e-04 2.251962622813898746e-04 2.251835356003087081e-04 2.251702009698291443e-04 2.251566480682109226e-04 2.251431567702967182e-04 2.251299263615103604e-04 2.251170967653925395e-04 2.251047639290114713e-04 2.250929910083072417e-04 2.250818165619968068e-04 2.250712606204149252e-04 2.250613292389390418e-04 2.250520179608614217e-04 2.250433144843093554e-04 2.250352007384044987e-04 2.250276545126890407e-04 2.250206507423508848e-04 2.250141625238815573e-04 2.250081619164485220e-04 2.250026205711891066e-04 2.249975102211807356e-04 2.249928030581231772e-04 2.249903943691096062e-04 2.249855357927419623e-04 2.249806219139060658e-04 2.249756522806721092e-04 2.249706264342383132e-04 2.249655439093089073e-04 2.249604042344693715e-04 2.249552069325945307e-04 2.249499515212450196e-04 2.249446375130679230e-04 2.249392644162253067e-04 2.249338317347986246e-04 2.249283389692321034e-04 2.249227856167629542e-04 2.249171711718418525e-04 2.249114951265963815e-04 2.249057569712779934e-04 2.248999561946970463e-04 2.248940922847035930e-04 2.248881647286206831e-04 2.248851769230601316e-04 2.248792412834591274e-04 2.248726480574765900e-04 2.248653166668443675e-04 2.248571550898004505e-04 2.248480579342930095e-04 2.248379041344163447e-04 2.248265541891649550e-04 2.248138468451450647e-04 2.247995951044436699e-04 2.247835814153698345e-04 2.247655518783926558e-04 2.247452092735588403e-04 2.247222046931181760e-04 2.246961275504019944e-04 2.246664937449336578e-04 2.246327318131498469e-04 2.245941670140802167e-04 2.245500035346795578e-04 2.244993054159522602e-04 2.244409774849967661e-04 2.243737486388743506e-04 2.242961613745017015e-04 2.242065735709823909e-04 2.241031811606674327e-04 2.239840731582205184e-04 2.238473327566538557e-04 2.236911983301767006e-04 2.235142938888298996e-04 2.233159270843935735e-04 2.230964323042697675e-04 2.228575072140557742e-04 2.226024587823550093e-04 2.223362549480438575e-04 2.220652935890848965e-04 2.217968572898849845e-04 2.215383195146369084e-04 2.212962747780823441e-04 2.210758102677883236e-04 2.208801356538560540e-04 2.207102558677652817e-04 2.205689443017871888e-04 2.204536883761745421e-04 2.203424078196394127e-04 2.202688662453323272e-04 2.202038511330010526e-04 2.201546304836814508e-04 2.201158850279491227e-04 2.200861257182796247e-04 2.200635137442837920e-04 
2.201600349806000472e-04 2.202344426184042010e-04 2.203411523081975313e-04 2.204917184223079043e-04 2.206995010812594479e-04 2.209778824376517812e-04 2.213380795085572231e-04 2.217840807837148306e-04 2.223104076806854657e-04 2.228999627609568220e-04 2.235261700029562797e-04 2.241579230503831734e-04 2.247656097847437566e-04 2.253257658437635028e-04 2.258230607252115305e-04 2.262499573335583825e-04 2.266051579679396219e-04 2.268918594913787914e-04 2.271162387292350281e-04 2.272861875452205293e-04 2.274103133550208790e-04 2.274971332650330223e-04 2.275544863771579332e-04 2.275891902121572423e-04 2.276069098647564432e-04 2.276121826796398092e-04 2.276085376065050694e-04 2.275986572571361388e-04 2.275845459515127528e-04 2.275676824492173613e-04 2.275491480118884031e-04 2.275297281272745890e-04 2.275099903346761967e-04 2.274903422502071843e-04 2.274710741146655541e-04 2.274523897110147916e-04 2.274344287733294414e-04 2.274172832782413265e-04 2.274010093792491272e-04 2.273856362457132385e-04 2.273711726946296490e-04 2.273576122339456137e-04 2.273449369465417114e-04 2.273331205139264750e-04 2.273221305891656371e-04 2.273119306686127380e-04 2.273024815709905771e-04 2.272937426044549731e-04 2.272856724830399334e-04 2.272782300401736790e-04 2.272744183961028855e-04 2.272667232330368022e-04 2.272589315303013397e-04 2.272510424262381512e-04 2.272430550439988111e-04 2.272349684924470064e-04 2.272267818670382043e-04 2.272184942507152845e-04 2.272101047148553457e-04 2.272016123201910879e-04 2.271930161178179548e-04 2.271843151501224279e-04 2.271755084518117199e-04 2.271665950509104011e-04 2.271575739697926678e-04 2.271484442261970744e-04 2.271392048343004900e-04 2.271298548057700450e-04 2.271203931508190095e-04 2.271108188792871725e-04 2.271059892030438199e-04 2.270963871432395403e-04 2.270857100518737417e-04 2.270738239113408445e-04 2.270605752316991991e-04 2.270457876956616730e-04 2.270292581370620300e-04 2.270107517094031759e-04 2.269899960714960683e-04 2.269666743829771910e-04 2.269404168653703943e-04 2.269107906466692368e-04 2.268772875743226751e-04 2.268393096631657704e-04 2.267961518579854981e-04 2.267469818623075236e-04 2.266908169599950011e-04 2.266264980996726816e-04 2.265526621186004347e-04 2.264677139803295285e-04 2.263698024455450437e-04 2.262568048501990576e-04 2.261263297365341074e-04 2.259757499024680886e-04 2.258022825415177605e-04 2.256031363988690889e-04 2.253757460947701833e-04 2.251181076116211472e-04 2.248292122960238713e-04 2.245095465011304160e-04 2.241615815872496432e-04 2.237901334440214819e-04 2.234024396624243738e-04 2.230078189513830006e-04 2.226168755120120886e-04 2.222403485862736836e-04 2.218878422747131763e-04 2.215667648859094379e-04 2.212817375538208176e-04 2.210345615712099694e-04 2.208246564836501274e-04 2.206497469405633639e-04 2.205099967244628925e-04 2.203777155559617676e-04 2.203274910511915504e-04 2.202223493692727764e-04 2.201688291629320775e-04 2.201254282987002140e-04 2.200924980322743491e-04 2.200677264510553222e-04 
2.201584296062380911e-04 2.202330815492362396e-04 2.203414302822674273e-04 2.204968284790590220e-04 2.207162549278892153e-04 2.210188174806656700e-04 2.214242638351727977e-04 2.219486982315062198e-04 2.225982710064016855e-04 2.233647956485776875e-04 2.242234082213963135e-04 2.251354018147967728e-04 2.260554720823722611e-04 2.269404959520108427e-04 2.277562975745153144e-04 2.284805483618447639e-04 2.291022669083961718e-04 2.296195843612015971e-04 2.300371388810468199e-04 2.303639015158595257e-04 2.306113995336841636e-04 2.307921866550239384e-04 2.309186484088580329e-04 2.310021856745846840e-04 2.310527265889150748e-04 2.310785270754453404e-04 2.310861996585434719e-04 2.310808857932949588e-04 2.310664927180524882e-04 2.310459391562899351e-04 2.310213782906252341e-04 2.309943844749953160e-04 2.309661014224907781e-04 2.309373555291098837e-04 2.309087403497615235e-04 2.308806785385398750e-04 2.308534668586370835e-04 2.308273088072438999e-04 2.308023383355727780e-04 2.307786372260965473e-04 2.307562479634672618e-04 2.307351833918938264e-04 2.307154340595610697e-04 2.306969738750598478e-04 2.306797645109039021e-04 2.306637588594215196e-04 2.306489037587941928e-04 2.306351421471966861e-04 2.306224147625300278e-04 2.306106614771700114e-04 2.306046362686018281e-04 2.305924605331263137e-04 2.305801163660919245e-04 2.305676021281462696e-04 2.305549161464366561e-04 2.305420567166163238e-04 2.305290221048636359e-04 2.305158105500004751e-04 2.305024202656433003e-04 2.304888494423578359e-04 2.304750962499226691e-04 2.304611588396368658e-04 2.304470353465979879e-04 2.304327238920589587e-04 2.304182225858597663e-04 2.304035295288084254e-04 2.303886428151668631e-04 2.303735605351013517e-04 2.303582807771951198e-04 2.303428016309858734e-04 2.303349866911239680e-04 2.303194365854595858e-04 2.303021256229412130e-04 2.302828302619632948e-04 2.302612937157589050e-04 2.302372200957351737e-04 2.302102673753761864e-04 2.301800389228346498e-04 2.301460733005404981e-04 2.301078319761913204e-04 2.300646845344112902e-04 2.300158909306102917e-04 2.299605803017937603e-04 2.298977258681737389e-04 2.298261155644443308e-04 2.297443182941566442e-04 2.296506462000285167e-04 2.295431142248097536e-04 2.294193996864021595e-04 2.292768068334174515e-04 2.291122446184465226e-04 2.289222303847993469e-04 2.287029377168419808e-04 2.284503127271930961e-04 2.281602879490326032e-04 2.278291236852013802e-04 2.274538981082023829e-04 2.270331427658702720e-04 2.265675733042257897e-04 2.260607991834890675e-04 2.255198345518250871e-04 2.249552082434695774e-04 2.243804885854534976e-04 2.238111265339937886e-04 2.232627622496588234e-04 2.227493815896209629e-04 2.222817741554932185e-04 2.218666697685770049e-04 2.215066915418834395e-04 2.212009684906990792e-04 2.209460896289588722e-04 2.207371104741751749e-04 2.205679796542823286e-04 2.204429989653062291e-04 2.203122626416075056e-04 2.202225260170526219e-04 2.201830658553208329e-04 2.201347104706056362e-04 2.200986335906545842e-04 2.200717465479702672e-04 
2.201563740301155795e-04 2.202307109648029507e-04 2.203394477086116447e-04 2.204972743355782341e-04 2.207234554590338039e-04 2.210429936078882568e-04 2.214835857533832368e-04 2.220742758547995354e-04 2.228380114622323101e-04 2.237840321506845778e-04 2.249003800478748352e-04 2.261508483661990360e-04 2.274790571281652034e-04 2.288190273212802267e-04 2.301079774212621296e-04 2.312960823832635980e-04 2.323508812557930942e-04 2.332563728450072460e-04 2.340097370389585939e-04 2.346178603554034095e-04 2.350938042774809527e-04 2.354542781105217937e-04 2.357175529860444673e-04 2.359016993733492216e-04 2.360233429668680673e-04 2.360969448740685649e-04 2.361345231043334087e-04 2.361457028016896169e-04 2.361379691447444695e-04 2.361170116300144591e-04 2.360870809774608255e-04 2.360513132867608798e-04 2.360120016969898687e-04 2.359708121143603036e-04 2.359289482404057601e-04 2.358872746130640592e-04 2.358464068321657254e-04 2.358067771256504774e-04 2.357686818745894763e-04 2.357323161657377407e-04 2.356977991039182802e-04 2.356651925597621361e-04 2.356345152359374932e-04 2.356057533642187782e-04 2.355788689436670883e-04 2.355538061538252261e-04 2.355304963878871642e-04 2.355088622225354981e-04 2.354888205551444269e-04 2.354702850790633495e-04 2.354607729419848025e-04 2.354415303267757913e-04 2.354219940536629325e-04 2.354021610105376462e-04 2.353820280111098065e-04 2.353615917995723582e-04 2.353408490551718796e-04 2.353197963971324328e-04 2.352984303895466972e-04 2.352767475464683867e-04 2.352547443371300257e-04 2.352324171912050443e-04 2.352097625042832421e-04 2.351867766433009071e-04 2.351634559521550039e-04 2.351397967574055082e-04 2.351157953739348063e-04 2.350914481108624249e-04 2.350667512772976176e-04 2.350417011882985471e-04 2.350290425245542335e-04 2.350038315426911627e-04 2.349757305393970752e-04 2.349443655313455134e-04 2.349093055856713746e-04 2.348700525719533343e-04 2.348260288291893251e-04 2.347765623086249455e-04 2.347208686741359893e-04 2.346580297621152190e-04 2.345869677327799580e-04 2.345064142062773982e-04 2.344148737045872034e-04 2.343105808735292876e-04 2.341914513304623369e-04 2.340550267116994971e-04 2.338984157797982207e-04 2.337182355647868346e-04 2.335105597850089881e-04 2.332708865646063905e-04 2.329941439650505325e-04 2.326747599312476919e-04 2.323068319789944002e-04 2.318844389303943005e-04 2.314021377017707400e-04 2.308556753441765486e-04 2.302429110944773647e-04 2.295648777277717301e-04 2.288268195782638243e-04 2.280389512952655032e-04 2.272166248697284985e-04 2.263796133610307979e-04 2.255504072021486891e-04 2.247517782796693930e-04 2.240041023972461510e-04 2.233230908149035467e-04 2.227185448213309582e-04 2.221942840893227796e-04 2.217490397204426814e-04 2.213778433736138165e-04 2.210734596950184223e-04 2.208275809648041423e-04 2.206318354992701332e-04 2.204774375159971559e-04 2.203576976240884252e-04 2.202529001700864113e-04 2.201962062831173007e-04 2.201436406221630201e-04 2.201044876177730557e-04 2.200755530044500084e-04 
2.201541161351467399e-04 2.202277373449167358e-04 2.203360014455472808e-04 2.204939281191002826e-04 2.207237736308548064e-04 2.210536900007146859e-04 2.215188725893931052e-04 2.221606319196824618e-04 2.230209001374925271e-04 2.241331838302509114e-04 2.255109487300150143e-04 2.271367809040779351e-04 2.289579313595288437e-04 2.308923200725291475e-04 2.328438909259265594e-04 2.347210206973772883e-04 2.364514479394862201e-04 2.379876413200560309e-04 2.393063342824998765e-04 2.404035788615604735e-04 2.412893002942698921e-04 2.419824614709813432e-04 2.425074038922467290e-04 2.428907828149385229e-04 2.431589526731340570e-04 2.433361271950629701e-04 2.434433483949944741e-04 2.434981032634199287e-04 2.435144033880902242e-04 2.435031502039545017e-04 2.434726322803994810e-04 2.434290428038661676e-04 2.433769509210267717e-04 2.433196973709632013e-04 2.432597088776521717e-04 2.431987387023286612e-04 2.431380459858354759e-04 2.430785272412373560e-04 2.430208118925134388e-04 2.429653315138666941e-04 2.429123701624550714e-04 2.428621012467812429e-04 2.428146148309997209e-04 2.427699381198174440e-04 2.427280510359104400e-04 2.426888982165544299e-04 2.426523983522233799e-04 2.426184515156861409e-04 2.425869449427920212e-04 2.425577576004795993e-04 2.425427613816199656e-04 2.425123888236839010e-04 2.424815046566812559e-04 2.424501029905712964e-04 2.424181777711973079e-04 2.423857227906219957e-04 2.423527316978726605e-04 2.423191980099658545e-04 2.422851151234019836e-04 2.422504763258349284e-04 2.422152748081889519e-04 2.421795036769075276e-04 2.421431559666061147e-04 2.421062246528521097e-04 2.420687026652595421e-04 2.420305829006985329e-04 2.419918582367204009e-04 2.419525215451170204e-04 2.419125657056522415e-04 2.418719836198690153e-04 2.418514555257049784e-04 2.418105313852963784e-04 2.417648537958108233e-04 2.417137951755569459e-04 2.416566300787850231e-04 2.415925172332959074e-04 2.415204779013532615e-04 2.414393698085028344e-04 2.413478557685773309e-04 2.412443660314675289e-04 2.411270533223314107e-04 2.409937395815840461e-04 2.408418536371194265e-04 2.406683595795661623e-04 2.404696766725063759e-04 2.402415935044624061e-04 2.399791821733064429e-04 2.396767230764913152e-04 2.393276578678918431e-04 2.389245976657931902e-04 2.384594254686205148e-04 2.379235444622294438e-04 2.373083338865113873e-04 2.366058743338166667e-04 2.358099842773073824e-04 2.349175569717129055e-04 2.339300951805784845e-04 2.328552178538345467e-04 2.317077802301191155e-04 2.305101401008264890e-04 2.292911113583627003e-04 2.280834612333991485e-04 2.269203505838477081e-04 2.258314466123139308e-04 2.248396354483148509e-04 2.239591893070122335e-04 2.231956706847478445e-04 2.225472308203188272e-04 2.220066332816033878e-04 2.215633401978876619e-04 2.212052524338394910e-04 2.209199699480574768e-04 2.206956098143584611e-04 2.205211786414428097e-04 2.203962662695010586e-04 2.202961930432436417e-04 2.202062495894872873e-04 2.201521832197959048e-04 2.201100318369045099e-04 2.200791328022440329e-04 
2.201517710912266504e-04 2.202244467012770806e-04 2.203316802663167083e-04 2.204888158208957770e-04 2.207179796608160327e-04 2.210546315768442780e-04 2.215346778257739268e-04 2.222120162626580288e-04 2.231466652183534591e-04 2.243995374663298147e-04 2.260194440470826517e-04 2.280259932670243204e-04 2.303938143470248597e-04 2.330461765295346605e-04 2.358634226376886010e-04 2.387056121044920645e-04 2.414395255580730306e-04 2.439597835990065910e-04 2.461969629712188910e-04 2.481175755572716116e-04 2.497157526681457627e-04 2.510056510973801666e-04 2.520150499776997862e-04 2.527795592140314861e-04 2.533379596033235237e-04 2.537285684870365190e-04 2.539866335765027759e-04 2.541428056982317717e-04 2.542225586284560133e-04 2.542463016011938534e-04 2.542299129755152512e-04 2.541854654607650713e-04 2.541219798584290436e-04 2.540461114189215743e-04 2.539627260209427386e-04 2.538753581183198068e-04 2.537865611698344364e-04 2.536981689097597779e-04 2.536114869060373481e-04 2.535274317333737425e-04 2.534466318286888683e-04 2.533695008018507062e-04 2.532962911315817011e-04 2.532271339302132941e-04 2.531620687753417310e-04 2.531010663944485749e-04 2.530440461342924703e-04 2.529908895599958436e-04 2.529414511272604560e-04 2.528955666001966082e-04 2.528719604624120212e-04 2.528240868943513781e-04 2.527753226253424620e-04 2.527256565461115075e-04 2.526750771836751980e-04 2.526235727246923211e-04 2.525711310400896321e-04 2.525177397102696623e-04 2.524633860515398281e-04 2.524080571431608355e-04 2.523517398553520559e-04 2.522944208778068022e-04 2.522360867490713887e-04 2.521767238864705205e-04 2.521163186165366744e-04 2.520548572060625167e-04 2.519923258933697268e-04 2.519287109201145567e-04 2.518639985633327810e-04 2.517981751677677866e-04 2.517648425896386018e-04 2.516983204082533839e-04 2.516239615877003885e-04 2.515407096190579801e-04 2.514473393046030435e-04 2.513424252408031755e-04 2.512243038455952014e-04 2.510910276594988761e-04 2.509403105016847001e-04 2.507694619782813920e-04 2.505753098978535866e-04 2.503541094732818348e-04 2.501014389751000542e-04 2.498120830457842517e-04 2.494799076175317916e-04 2.490977348820972771e-04 2.486572337334601594e-04 2.481488512883457068e-04 2.475618250193435156e-04 2.468843322229211600e-04 2.461038521336250673e-04 2.452078301799447526e-04 2.441847340841726182e-04 2.430255624922499200e-04 2.417257920837594023e-04 2.402876167034649862e-04 2.387221469114705061e-04 2.370510296608285394e-04 2.353068077237151559e-04 2.335314099883488371e-04 2.317725738538984714e-04 2.300786254354259311e-04 2.284927566142230500e-04 2.270482960668830717e-04 2.257660307733990943e-04 2.246540600423778020e-04 2.237096899740225191e-04 2.229223804925221919e-04 2.222767835938900625e-04 2.217552777697655156e-04 2.213398036936380922e-04 2.210130599126888709e-04 2.207592088743724203e-04 2.205642024137109529e-04 2.204147628288263860e-04 2.202902924101217711e-04 2.202185880957557395e-04 2.201602818159284828e-04 2.201152458992587213e-04 2.200824798737823916e-04 
2.201494340770020403e-04 2.202210334117231405e-04 2.203268601624822206e-04 2.204778989138137836e-04 2.207072571610949356e-04 2.210485476721269708e-04 2.215359328267873303e-04 2.222350536677943729e-04 2.232214992927313284e-04 2.245826979995770272e-04 2.264073543872323715e-04 2.287665611494839606e-04 2.316888987191197352e-04 2.351374328706973033e-04 2.390001998164428332e-04 2.431034326537520921e-04 2.472425682003631729e-04 2.512246327426698699e-04 2.548948874131025041e-04 2.581531984374496385e-04 2.609505367947565673e-04 2.632782436907797228e-04 2.651567721513357705e-04 2.666266286242165964e-04 2.677399911348089562e-04 2.685534130124031288e-04 2.691225291922640138e-04 2.694985290151300557e-04 2.697260236948848932e-04 2.698421494138111398e-04 2.698766730847670697e-04 2.698527471434466161e-04 2.697879659057318192e-04 2.696954696266037985e-04 2.695849493855815562e-04 2.694634891819145447e-04 2.693362341469549286e-04 2.692069012778822656e-04 2.690781599437477140e-04 2.689519107450456434e-04 2.688294880707776924e-04 2.687118068759383879e-04 2.685994693727763853e-04 2.684928431818132738e-04 2.683921192108236140e-04 2.682973550814531419e-04 2.682085081543746216e-04 2.681254609645803344e-04 2.680480410231150324e-04 2.679760363581955990e-04 2.679389377109993526e-04 2.678635907056722224e-04 2.677866939907355931e-04 2.677082267074001052e-04 2.676281671912203474e-04 2.675464930252378936e-04 2.674631810955367434e-04 2.673782076494606421e-04 2.672915483560579482e-04 2.672031783685260408e-04 2.671130723891306348e-04 2.670212047356067134e-04 2.669275494095562349e-04 2.668320801663091879e-04 2.667347705860558188e-04 2.666355941464474116e-04 2.665345242959556832e-04 2.664315345281643771e-04 2.663265984566630211e-04 2.662196898905117904e-04 2.661654878093463669e-04 2.660571901001827105e-04 2.659359405641068723e-04 2.657999549439163628e-04 2.656471574523927982e-04 2.654751254866963804e-04 2.652810230960919572e-04 2.650615211376942796e-04 2.648127019322613507e-04 2.645299463172787169e-04 2.642078014582349287e-04 2.638398289157532902e-04 2.634184347049588421e-04 2.629346870556942793e-04 2.623781340739305204e-04 2.617366435629219098e-04 2.609963021800207447e-04 2.601414313455145113e-04 2.591548023577613328e-04 2.580181615443663122e-04 2.567131978431580822e-04 2.552230880602186281e-04 2.535347121930932117e-04 2.516415146773723203e-04 2.495467718094024801e-04 2.472667471223421835e-04 2.448329616473215098e-04 2.422927090578831991e-04 2.397069958873712517e-04 2.371453925066427414e-04 2.346783127256387791e-04 2.323686560387602578e-04 2.302649514221252909e-04 2.283974758298031873e-04 2.267780209357200794e-04 2.254026615333502696e-04 2.242560450986816681e-04 2.233158175213581173e-04 2.225563140722675709e-04 2.219512328076319132e-04 2.214753758541518954e-04 2.211056776977859961e-04 2.208217335160116352e-04 2.206059764583753312e-04 2.204433117128067065e-04 2.202970048934175347e-04 2.202161097953996265e-04 2.201677772237194467e-04 2.201201196836022756e-04 2.200855938983742094e-04 
2.201471566459337916e-04 2.202176267811075208e-04 2.203218833724379091e-04 2.204754414129382438e-04 2.207032839787057216e-04 2.210380949550558153e-04 2.215270177290289740e-04 2.222368716450665678e-04 2.232550495032877566e-04 2.246916832377185793e-04 2.266741059172024770e-04 2.293315163662861997e-04 2.327674484380546369e-04 2.370234849762805403e-04 2.420460360488424793e-04 2.476718491435503768e-04 2.536476748720047623e-04 2.596761587582578136e-04 2.654759702312354565e-04 2.708209458212546081e-04 2.755666371244830382e-04 2.796413107311923108e-04 2.830310084778834287e-04 2.857665167049344419e-04 2.879075482017323879e-04 2.895295657944798023e-04 2.907144067070716346e-04 2.915431166638347447e-04 2.920904815326223194e-04 2.924216253915807640e-04 2.925906663123994229e-04 2.926409318152753750e-04 2.926061073593274795e-04 2.925117934938044274e-04 2.923771152767791395e-04 2.922161820402067295e-04 2.920393101259952107e-04 2.918539937101101954e-04 2.916656474249177474e-04 2.914781600212726169e-04 2.912943003523578867e-04 2.911160123828263275e-04 2.909446290099526968e-04 2.907810275106792203e-04 2.906257434114443592e-04 2.904790548204853992e-04 2.903410456980322222e-04 2.902116539694120064e-04 2.900907085777331730e-04 2.899779583279619814e-04 2.899197705997386154e-04 2.898013978176767623e-04 2.896803308163575482e-04 2.895565305971440251e-04 2.894299563695462837e-04 2.893005656708743300e-04 2.891683144921255587e-04 2.890331574108033139e-04 2.888950477299705340e-04 2.887539376228486030e-04 2.886097782830004932e-04 2.884625200792176108e-04 2.883121127148665611e-04 2.881585053913660196e-04 2.880016469744484846e-04 2.878414861642919270e-04 2.876779716676149839e-04 2.875110523723406822e-04 2.873406775233314616e-04 2.871667968994456779e-04 2.870785264173651209e-04 2.869019352687215150e-04 2.867038811264353468e-04 2.864813403912355944e-04 2.862307842407297589e-04 2.859480817029762061e-04 2.856283833406238486e-04 2.852659823696292608e-04 2.848541501541298191e-04 2.843849437029096470e-04 2.838489844540159840e-04 2.832352109440626270e-04 2.825306137899935696e-04 2.817199708316260728e-04 2.807856148750292316e-04 2.797072883272554871e-04 2.784621682661180984e-04 2.770251807388588545e-04 2.753697641313381460e-04 2.734692711150948181e-04 2.712992021596490120e-04 2.688404120132269833e-04 2.660832625097718615e-04 2.630324245053768800e-04 2.597115684161700158e-04 2.561667485070486601e-04 2.524670189821980634e-04 2.487011916615774402e-04 2.449704264462320129e-04 2.413773029047825585e-04 2.380134998447174010e-04 2.349496564919652036e-04 2.322298721748611164e-04 2.298713147116572151e-04 2.278682636872979836e-04 2.261983563598240739e-04 2.248290336044103904e-04 2.237229156802233337e-04 2.228416955587702653e-04 2.221486747210034082e-04 2.216102605747605680e-04 2.211967357639696625e-04 2.208825336365127356e-04 2.206461814963998468e-04 2.204711515898009845e-04 2.203403716884362357e-04 2.202436757042774279e-04 2.201748206097372629e-04 2.201246546477196684e-04 2.200884790637399962e-04 
2.201449759249475698e-04 2.202143106273068518e-04 2.203168450071822779e-04 2.204724251324972526e-04 2.206912226977794525e-04 2.210244573896245240e-04 2.215114902679489602e-04 2.222238873888293729e-04 2.232576963419501733e-04 2.247405436052889497e-04 2.268328266526103770e-04 2.297199944556976403e-04 2.335902278762692777e-04 2.385943697478757220e-04 2.447928988464505274e-04 2.521076394571224026e-04 2.603015606417778487e-04 2.690044403319419579e-04 2.777853458990310002e-04 2.862318796346502393e-04 2.940164325291753705e-04 3.009290084514334735e-04 3.068627362595110174e-04 3.117997811979597014e-04 3.157849369756732618e-04 3.189035416609821731e-04 3.212652209582303312e-04 3.229899695361309925e-04 3.241964256994762776e-04 3.249935717741764913e-04 3.254760650551305522e-04 3.257225382962991599e-04 3.257959933756811180e-04 3.257454584520162104e-04 3.256082221051723787e-04 3.254121536821838077e-04 3.251778178719718694e-04 3.249202516368363404e-04 3.246503777343461386e-04 3.243760870648413654e-04 3.241030460046227563e-04 3.238352884858867282e-04 3.235756462222651978e-04 3.233260605041118939e-04 3.230878088292232753e-04 3.228616708794359593e-04 3.226480514167824306e-04 3.224470724705150062e-04 3.222586434266538793e-04 3.220825149973484338e-04 3.219914504701389883e-04 3.218058546302863393e-04 3.216155790996763370e-04 3.214205514219374582e-04 3.212206951537344255e-04 3.210159301313412128e-04 3.208061727562513390e-04 3.205913362965151113e-04 3.203713312078293506e-04 3.201460654660654511e-04 3.199154449149099158e-04 3.196793736246952150e-04 3.194377542627379859e-04 3.191904884730931494e-04 3.189374772655176197e-04 3.186786214136325471e-04 3.184138218592934863e-04 3.181429801226351699e-04 3.178659987151695584e-04 3.175827815526635796e-04 3.174388050225731444e-04 3.171503751841161806e-04 3.168262828533190871e-04 3.164613879591683492e-04 3.160496731410951604e-04 3.155840742251644730e-04 3.150562778004155655e-04 3.144564814395573956e-04 3.137731130963281392e-04 3.129925086256717462e-04 3.120985512188446226e-04 3.110722851757646411e-04 3.098915303209233700e-04 3.085305444513861584e-04 3.069598131373225437e-04 3.051460905895458562e-04 3.030528649473660614e-04 3.006414769477121565e-04 2.978731756751886285e-04 2.947123743899317423e-04 2.911312905596483646e-04 2.871159441642970973e-04 2.826730455005181165e-04 2.778368188708910721e-04 2.726740739508268382e-04 2.672854199657150086e-04 2.618005397587215718e-04 2.563669243961758755e-04 2.511338094597740669e-04 2.462346785936640769e-04 2.417724545409494642e-04 2.378113440334422683e-04 2.343763450622501833e-04 2.314591198051603341e-04 2.290270926226886270e-04 2.270328397572206878e-04 2.254219180727881568e-04 2.241385352581545321e-04 2.231292426074288273e-04 2.223451155514365423e-04 2.217428738304080219e-04 2.212852825180831667e-04 2.209410712347661032e-04 2.206845401307553245e-04 2.204948342265849808e-04 2.203528264552257821e-04 2.202623512331159826e-04 2.201814298777751255e-04 2.201288542600114879e-04 2.200911428841605350e-04 
2.201429114692206768e-04 2.202111361891928945e-04 2.203125646706757649e-04 2.204599430944648522e-04 2.206824239565575627e-04 2.210096431784089809e-04 2.214920037319939073e-04 2.222012727244717452e-04 2.232387856725955109e-04 2.247443968629574563e-04 2.269039834371204545e-04 2.299511555475201982e-04 2.341560066438196216e-04 2.397925904707058425e-04 2.470806834840588999e-04 2.561085018593574651e-04 2.667613862034634857e-04 2.786965515629810414e-04 2.913705924286216190e-04 3.041604004030045230e-04 3.164618802117011385e-04 3.278014918827153461e-04 3.378672241182845279e-04 3.465091984288984199e-04 3.537018155078000092e-04 3.595072675999569627e-04 3.640489195816196816e-04 3.674874823675542660e-04 3.699987019373773812e-04 3.717555813944131704e-04 3.729166540555001273e-04 3.736195656744414266e-04 3.739787211093325821e-04 3.740858399949587563e-04 3.740123288825455018e-04 3.738125081703972058e-04 3.735269799097868867e-04 3.731857043141502406e-04 3.728105876972851547e-04 3.724175419219736540e-04 3.720180615980142884e-04 3.716204005088831887e-04 3.712304343262811659e-04 3.708522874786781979e-04 3.704887874097105484e-04 3.701417947117728894e-04 3.698124448901887241e-04 3.695013273811006884e-04 3.692086198388938546e-04 3.689341902308602679e-04 3.687920018604500558e-04 3.685016104317611566e-04 3.682030949830624291e-04 3.678963220191014774e-04 3.675811491945772821e-04 3.672574259021470027e-04 3.669249939094091739e-04 3.665836880438036504e-04 3.662333369226433103e-04 3.658737637236395717e-04 3.655047869906765138e-04 3.651262214690325801e-04 3.647378789667865768e-04 3.643395692395391683e-04 3.639311008979165501e-04 3.635122823359895742e-04 3.630829226791100137e-04 3.626428327445137961e-04 3.621918260097398709e-04 3.617297195787993027e-04 3.614944480500834902e-04 3.610224311628251834e-04 3.604909872376686622e-04 3.598913519660189254e-04 3.592132362463112960e-04 3.584445312784900859e-04 3.575709592512872148e-04 3.565756646155101217e-04 3.554387443881620802e-04 3.541367227733358772e-04 3.526419879582995886e-04 3.509222301572341310e-04 3.489399515430033957e-04 3.466521615263389359e-04 3.440104328381902651e-04 3.409615815706390626e-04 3.374493114819969615e-04 3.334172028597421028e-04 3.288134635575327026e-04 3.235977037951686406e-04 3.177496194728118427e-04 3.112790061810199148e-04 3.042355782667453910e-04 2.967164041917728619e-04 2.888678826699657073e-04 2.808790683299446133e-04 2.729651297210330279e-04 2.653434317130583383e-04 2.582081536388530557e-04 2.517092406940131403e-04 2.459402071333527807e-04 2.409374440733249743e-04 2.366887983641217821e-04 2.331468136690327520e-04 2.302424131358617523e-04 2.278962996551300835e-04 2.260272132455357953e-04 2.245573089186246607e-04 2.234153318518900715e-04 2.225382483855190918e-04 2.218718297551715312e-04 2.213705342096510735e-04 2.209969321557997564e-04 2.207208575301257262e-04 2.205183680804411318e-04 2.203694469767951934e-04 2.202621267250546167e-04 2.201881035675096708e-04 2.201327361535372162e-04 2.200935951154127141e-04 
2.201409727117655890e-04 2.202081299723845020e-04 2.203067283281039915e-04 2.204642148102936257e-04 2.206656609363855798e-04 2.209943898869455559e-04 2.214704404720085635e-04 2.221728934721945044e-04 2.232058496341851660e-04 2.247168544595682532e-04 2.269095932469525313e-04 2.300547833644473014e-04 2.344926675903021484e-04 2.406166428217817543e-04 2.488258134447077414e-04 2.594402802379505713e-04 2.725892973307295379e-04 2.881043718717521602e-04 3.054863617100930795e-04 3.239487529813257923e-04 3.425721035344324100e-04 3.604931581521639782e-04 3.770096138556214803e-04 3.916678310003966442e-04 4.042546964581035865e-04 4.147313559339426358e-04 4.231873281331178984e-04 4.298024934355626080e-04 4.348111439517335711e-04 4.384691349424236963e-04 4.410282733918631775e-04 4.427194191127225556e-04 4.437431082089180866e-04 4.442660491794661820e-04 4.444218903488202977e-04 4.443146665249656066e-04 4.440235063757567427e-04 4.436075467771068235e-04 4.431104200047212465e-04 4.425640262305231788e-04 4.419915348826928018e-04 4.414096828940586043e-04 4.408304882914513461e-04 4.402625064112503572e-04 4.397117426440357501e-04 4.391823138818429185e-04 4.386769292131498243e-04 4.381972419187746509e-04 4.377441101155805014e-04 4.373177922833378951e-04 4.370963766698550195e-04 4.366431148963248357e-04 4.361757578237925601e-04 4.356940618930524572e-04 4.351977639532702332e-04 4.346865825557219153e-04 4.341602193624056853e-04 4.336183606741897682e-04 4.330606790768332624e-04 4.324868352014782282e-04 4.318964795923221000e-04 4.312892546604550604e-04 4.306647967048061131e-04 4.300227379853408709e-04 4.293627088351520600e-04 4.286843398098060844e-04 4.279872638783991734e-04 4.272711186551098896e-04 4.265355486635022397e-04 4.257802076148041524e-04 4.253950177986407237e-04 4.246210048220218228e-04 4.237476768762457342e-04 4.227600492673121244e-04 4.216404873192989363e-04 4.203681974029171032e-04 4.189186311693236233e-04 4.172628010974500446e-04 4.153665159103445224e-04 4.131895618278265620e-04 4.106848836074760605e-04 4.077978652597686725e-04 4.044658826955295277e-04 4.006183937015854847e-04 3.961779269844099122e-04 3.910624524732747402e-04 3.851897516625578540e-04 3.784843535637586777e-04 3.708873700280014324e-04 3.623692445875993868e-04 3.529443232180651062e-04 3.426851184699440493e-04 3.317331779835804191e-04 3.203017607734934052e-04 3.086661393121026818e-04 2.971396676849874063e-04 2.860389384829234959e-04 2.756467088207732318e-04 2.661813837967664945e-04 2.577791785773361592e-04 2.504930520511712772e-04 2.443052799607235486e-04 2.391467303808528070e-04 2.349167823157044847e-04 2.314999353761463576e-04 2.287778348277468303e-04 2.266371023349024526e-04 2.249739597216526832e-04 2.236966035856535252e-04 2.227260548975192240e-04 2.219959869231967898e-04 2.214518877399590763e-04 2.210498241324986447e-04 2.207550129609877753e-04 2.205404634718202749e-04 2.203769901644755773e-04 2.202828271094681579e-04 2.201927030625695835e-04 2.201363071823580900e-04 2.200958474489884650e-04 
2.201391631542166732e-04 2.202053052913024208e-04 2.203027433151029564e-04 2.204461125852243022e-04 2.206660784607253887e-04 2.209789428913790533e-04 2.214480810364852865e-04 2.221414890990431939e-04 2.231645183277826655e-04 2.246688860190093791e-04 2.268694785601455986e-04 2.300629479320517629e-04 2.346435776504752601e-04 2.411069208946179320e-04 2.500259992043405983e-04 2.619821005457993474e-04 2.774411816652635771e-04 2.965917722641028928e-04 3.191906963529988215e-04 3.445048359122856053e-04 3.713994479490856609e-04 3.985194719490859966e-04 4.246235846885993521e-04 4.486807175272815350e-04 4.700322092214863834e-04 4.883660251031630983e-04 5.036243936924139977e-04 5.159387806396244138e-04 5.255723691860364260e-04 5.328668716268375504e-04 5.381949317982771862e-04 5.419230858581067928e-04 5.443872764903811721e-04 5.458793116960310556e-04 5.466418343053734306e-04 5.468694441944503852e-04 5.467136854304714905e-04 5.462898643599521436e-04 5.456841742032276371e-04 5.449602130403780227e-04 5.441644761449831178e-04 5.433307299167138395e-04 5.424833623772143528e-04 5.416398819526539298e-04 5.408127493654487066e-04 5.400107087281713668e-04 5.392397523597931234e-04 5.385038219633998683e-04 5.378053218837531907e-04 5.371454989261039304e-04 5.368018637451476161e-04 5.360965185356372916e-04 5.353667407413310224e-04 5.346120908359225073e-04 5.338320856821393698e-04 5.330262014295625121e-04 5.321938767276772515e-04 5.313345162043643611e-04 5.304474941727698421e-04 5.295321585564032344e-04 5.285878350507070347e-04 5.276138315467678768e-04 5.266094428275881149e-04 5.255739555170037269e-04 5.245066532176041350e-04 5.234068217486216460e-04 5.222737543945643601e-04 5.211067570978505795e-04 5.199051535768048956e-04 5.186682903832463267e-04 5.180364396889064168e-04 5.167646196089116647e-04 5.153263169676846082e-04 5.136958375860289569e-04 5.118428831222443694e-04 5.097316835010099433e-04 5.073199998893580505e-04 5.045580090936761190e-04 5.013871068860627743e-04 4.977387136318625442e-04 4.935332352773861078e-04 4.886794250322645935e-04 4.830745118316432610e-04 4.766056395657774624e-04 4.691533716025222305e-04 4.605980855119404076e-04 4.508300001676535888e-04 4.397635321592571148e-04 4.273558851990439246e-04 4.136280599957698314e-04 3.986856141117629294e-04 3.827345193189911560e-04 3.660850582213402270e-04 3.491378945758129640e-04 3.323494521634924787e-04 3.161811562408264431e-04 3.010450474665887126e-04 2.872591441607650264e-04 2.750217509407060158e-04 2.644099778048587378e-04 2.553979672539313903e-04 2.478849946323329035e-04 2.417244893380179058e-04 2.367482146206798747e-04 2.327837832186427434e-04 2.296660611765233262e-04 2.272439001792663524e-04 2.253835946991584148e-04 2.239701183843691601e-04 2.229068727520315974e-04 2.221144670012685561e-04 2.215289174417149349e-04 2.210995665235663318e-04 2.207869478683372019e-04 2.205606848177861263e-04 2.204020089180405088e-04 2.202820823901151053e-04 2.201983267491909992e-04 2.201395849265156443e-04 2.200979116757217761e-04 
2.201374825295045494e-04 2.202026717685641325e-04 2.203011076488971785e-04 2.204453585765872808e-04 2.206514190093078400e-04 2.209640934977688878e-04 2.214257700883531679e-04 2.221089253789237928e-04 2.231187814273786563e-04 2.246086910657381646e-04 2.267996159982468992e-04 2.300045210915615721e-04 2.346554605037145971e-04 2.413266939074294683e-04 2.507399857361012913e-04 2.637299910429169295e-04 2.811434446974803115e-04 3.036596571501877419e-04 3.315504343101867814e-04 3.644676388597822337e-04 4.013355674253012498e-04 4.405101297851802384e-04 4.800140986107103791e-04 5.180339855313825142e-04 5.530698780625026983e-04 5.841686954585713007e-04 6.108778471790919738e-04 6.331115377760799644e-04 6.510557261715241642e-04 6.650880927031322656e-04 6.757054183232149040e-04 6.834542963874226402e-04 6.888733644725667134e-04 6.924547639557349435e-04 6.946240582446238819e-04 6.957338335283533553e-04 6.960663397366363518e-04 6.958413182611930016e-04 6.952260583401162269e-04 6.943457339694457343e-04 6.932928133283458366e-04 6.921349792479794278e-04 6.909214402826868761e-04 6.896877712640745502e-04 6.884595320071056762e-04 6.872549262202397096e-04 6.860867360484633123e-04 6.849637259413943668e-04 6.838916646877702668e-04 6.828740748675107180e-04 6.823423918271554183e-04 6.812476415066047323e-04 6.801104712278200487e-04 6.789301034305315072e-04 6.777056642424878537e-04 6.764361893916085019e-04 6.751206308811448249e-04 6.737578645074078065e-04 6.723466982834182737e-04 6.708858817485888280e-04 6.693741160595168471e-04 6.678100646723965795e-04 6.661923644190921459e-04 6.645196368391903486e-04 6.627904997237581575e-04 6.610035789106038758e-04 6.591575203968388528e-04 6.572510027715813309e-04 6.552827498637855182e-04 6.532515433847268464e-04 6.522119707156061839e-04 6.501157171383551477e-04 6.477393784043486945e-04 6.450388108355493240e-04 6.419619067226245293e-04 6.384471462636284820e-04 6.344219815619100153e-04 6.298011119271252657e-04 6.244847719298464526e-04 6.183572432116386970e-04 6.112859327756076620e-04 6.031215646774778193e-04 5.937003036223776307e-04 5.828488369484192749e-04 5.703934713613457736e-04 5.561743921602368924e-04 5.400662700915375303e-04 5.220050973003274907e-04 5.020190154404190501e-04 4.802596096439227169e-04 4.570263984529155440e-04 4.327731305701520330e-04 4.080862445339602422e-04 3.836321527416951217e-04 3.600826448511834773e-04 3.380369630165968057e-04 3.179579698268706180e-04 3.001345356209160248e-04 2.846789861277777573e-04 2.715535476130505614e-04 2.606114683379145134e-04 2.516392282358812654e-04 2.443917663113025522e-04 2.386179891650052720e-04 2.340773772033486225e-04 2.305497862547565646e-04 2.278404807985028859e-04 2.257819329569849811e-04 2.242334552704607683e-04 2.230794227698823583e-04 2.222266500595430157e-04 2.216013602336448427e-04 2.211460753074128392e-04 2.208166595156895189e-04 2.205796685892666767e-04 2.204094047692200370e-04 2.202898207157899838e-04 2.202043837246875173e-04 2.201425968545159999e-04 2.200998012663500311e-04 
2.201359267617251339e-04 2.202002202577420437e-04 2.202935063433945537e-04 2.204316468604402028e-04 2.206413869252153552e-04 2.209497938145888656e-04 2.214040461831654426e-04 2.220764321730970116e-04 2.230713561873476347e-04 2.245420801001286979e-04 2.267119473718580641e-04 2.299027704829242425e-04 2.345703610518768171e-04 2.413439887018936679e-04 2.510600478290023673e-04 2.647698109045293824e-04 2.836889886969988224e-04 3.090505643685026189e-04 3.418466675487260740e-04 3.824677946604972860e-04 4.304140555789777835e-04 4.841160038980643100e-04 5.411686621361144582e-04 5.987096054742682737e-04 6.541084826434043339e-04 7.051500707372182573e-04 7.504200258139542877e-04 7.892855477518320945e-04 8.216597397720635685e-04 8.478292481026620349e-04 8.683288139245359761e-04 8.838517456099416860e-04 8.951732729859918601e-04 9.030746721832633899e-04 9.082806806872775101e-04 9.114210969704813819e-04 9.130168363434608501e-04 9.134829327213502079e-04 9.131408108890388606e-04 9.122340510814341613e-04 9.109442819734867806e-04 9.094053732152650735e-04 9.077151848259248750e-04 9.059448387738913786e-04 9.041457745344475081e-04 9.023549814486739188e-04 9.005988264029651151e-04 8.988958390205533701e-04 8.972587360428720040e-04 8.956958962039268885e-04 8.948762093536241332e-04 8.931823132420869601e-04 8.914147505696545922e-04 8.895721668813602254e-04 8.876529997845746325e-04 8.856554920354925940e-04 8.835777071102310191e-04 8.814175470113546230e-04 8.791727718870651206e-04 8.768410210207044399e-04 8.744198348512866037e-04 8.719066779501160594e-04 8.692989630941822150e-04 8.665940766274784959e-04 8.637894051824954178e-04 8.608823635266558147e-04 8.578704229833665918e-04 8.547511397234588797e-04 8.515221822639379478e-04 8.481813577905628456e-04 8.464683542864364111e-04 8.430080571440526360e-04 8.390762616872794993e-04 8.345973207245605896e-04 8.294819339185148651e-04 8.236247977809986118e-04 8.169020858114761901e-04 8.091689166233376456e-04 8.002570924731621221e-04 7.899735930268975744e-04 7.781006263436817750e-04 7.643984353759744306e-04 7.486123754282446524e-04 7.304859650838152821e-04 7.097819432789271221e-04 6.863134304234739082e-04 6.599851890848011790e-04 6.308408810137141557e-04 5.991092437797748086e-04 5.652380514290211147e-04 5.298973938078093728e-04 4.939393847737521279e-04 4.583251285341871867e-04 4.240262561211361088e-04 3.919157005735476916e-04 3.626700548630216190e-04 3.367103058459768473e-04 3.141996856707134360e-04 2.950830439179694879e-04 2.791465612126277211e-04 2.660791510125847729e-04 2.555238421897401062e-04 2.471148881975018135e-04 2.405019600414809986e-04 2.353644169257775173e-04 2.314186319523460023e-04 2.284206095993706958e-04 2.261654486414297119e-04 2.244847512782310330e-04 2.232428020997012348e-04 2.223321529517539624e-04 2.216690937473541126e-04 2.211893459710991808e-04 2.208441872287394178e-04 2.205971089279811935e-04 2.204201551625556898e-04 2.202938540540900223e-04 2.202064938979887763e-04 2.201453414879938752e-04 2.201015278402227555e-04 
2.201344909004320427e-04 2.201979587064945552e-04 2.202883672167490223e-04 2.204241378066696018e-04 2.206359510475609396e-04 2.209362561913608776e-04 2.213832396379130198e-04 2.220447942305615711e-04 2.230240337326137596e-04 2.244730104665618522e-04 2.266149349593903268e-04 2.297750876966133597e-04 2.344221654887820199e-04 2.412200368851795060e-04 2.510852193415571369e-04 2.652359457135235556e-04 2.852035119917614736e-04 3.127586115110453087e-04 3.496969773654473980e-04 3.974651786682900732e-04 4.566333727767485058e-04 5.264630397870549618e-04 6.046943728276550547e-04 6.878239682795281220e-04 7.715636863695122909e-04 8.522183249972721140e-04 9.266894468014651469e-04 9.927569894186770005e-04 1.049370114316445189e-03 1.096397571318774231e-03 1.134331436934022091e-03 1.164045546497391014e-03 1.186602075923287114e-03 1.203123361667613996e-03 1.214709809088148056e-03 1.222380063455525898e-03 1.227029230199974457e-03 1.229408172247053403e-03 1.230122256338268914e-03 1.229644068493237780e-03 1.228333502277144428e-03 1.226459319827875611e-03 1.224219386250944772e-03 1.221758058159684839e-03 1.219180015628690663e-03 1.216560754831133573e-03 1.213954376884407091e-03 1.211399301978348299e-03 1.208922425185731103e-03 1.206542125875194500e-03 1.205288284474363876e-03 1.202686691414380513e-03 1.199958358001959342e-03 1.197101015070972576e-03 1.194111912374590896e-03 1.190987845747712437e-03 1.187725190743548929e-03 1.184319941683994321e-03 1.180767755128481764e-03 1.177063997271038430e-03 1.173203795343340065e-03 1.169182093407584782e-03 1.164993712650091735e-03 1.160633415601004022e-03 1.156095972882653341e-03 1.151376230543863476e-03 1.146469176209567774e-03 1.141370002953550006e-03 1.136074170849475347e-03 1.130577466959272045e-03 1.127752575582367019e-03 1.122033713083841035e-03 1.115516670132198421e-03 1.108070519934671334e-03 1.099540723007082351e-03 1.089745398297141833e-03 1.078471601760939372e-03 1.065472067955702947e-03 1.050463192287798275e-03 1.033125511193142476e-03 1.013108517748379737e-03 9.900420976418993456e-04 9.635569778486047839e-04 9.333165430431336878e-04 8.990620944847541735e-04 8.606710726743611308e-04 8.182211433195540852e-04 7.720467508822728914e-04 7.227781396774196794e-04 6.713586321767937067e-04 6.190094127498554618e-04 5.671319617953532281e-04 5.171653255128356389e-04 4.703901673006222499e-04 4.277933672149156902e-04 3.899823210187079075e-04 3.571955145332083421e-04 3.293525676488604664e-04 3.061417174412856424e-04 2.871097764909009476e-04 2.717367284949859761e-04 2.594897948366031194e-04 2.498586893361399736e-04 2.423763877036487924e-04 2.366297878952794561e-04 2.322635183191600484e-04 2.289791515929438771e-04 2.265314285635788882e-04 2.247226915108307553e-04 2.233964527325312064e-04 2.224307974603068245e-04 2.217321114079088152e-04 2.212294363646281122e-04 2.208696030906885297e-04 2.206131690839855655e-04 2.204323409687278408e-04 2.203000195959320428e-04 2.202110034707314024e-04 2.201478583831888744e-04 2.201031041626879184e-04 
2.201331689397576787e-04 2.201958698269277043e-04 2.202916224196834296e-04 2.204211164516804071e-04 2.206267823177358997e-04 2.209235769637387335e-04 2.213635393410361076e-04 2.220144920586787207e-04 2.229779569337469948e-04 2.244040906826653308e-04 2.265143420601487944e-04 2.296337972048225569e-04 2.342362032938297394e-04 2.410041921496115824e-04 2.509046708932679507e-04 2.652725593398649428e-04 2.858822635743690343e-04 3.149643924265571669e-04 3.550978205472326643e-04 4.089000036039772156e-04 4.784738446593821354e-04 5.646611213738537234e-04 6.663928446647202465e-04 7.802331810432572854e-04 9.014695342792445557e-04 1.023695516809040255e-03 1.140894111882641759e-03 1.248993305795292842e-03 1.345213228447318188e-03 1.427965887302987385e-03 1.496871436100058938e-03 1.552454343805220391e-03 1.595859779695599787e-03 1.628641761625593872e-03 1.652526625576942109e-03 1.669207119566202885e-03 1.680217887652289905e-03 1.686879163421566279e-03 1.690279336341282993e-03 1.691287473392523400e-03 1.690580371888287647e-03 1.688672939079000762e-03 1.685949855208725406e-03 1.682695118205249519e-03 1.679116668032782332e-03 1.675365778191066331e-03 1.671551918697984944e-03 1.667753877242573839e-03 1.664027907579226830e-03 1.660413632796016014e-03 1.658498345029655241e-03 1.654502235138210087e-03 1.650283126882349464e-03 1.645837381188245069e-03 1.641160363361781000e-03 1.636246490564998617e-03 1.631089294774793396e-03 1.625681498717227585e-03 1.620015103420649038e-03 1.614081488022228597e-03 1.607871523793730261e-03 1.601375704210570650e-03 1.594584290788669638e-03 1.587487471379121556e-03 1.580075525027815507e-03 1.572338986556784347e-03 1.564268805244595347e-03 1.555856494626341830e-03 1.547094273369786169e-03 1.537975198921249717e-03 1.533279933173022818e-03 1.523758360546393362e-03 1.512884642296713359e-03 1.500435639286342446e-03 1.486149252970051350e-03 1.469719244880201160e-03 1.450790709036899268e-03 1.428957190389171022e-03 1.403760968090357868e-03 1.374698669582924415e-03 1.341234996544188708e-03 1.302827873840804512e-03 1.258969496228071845e-03 1.209250439748467279e-03 1.153454054871674416e-03 1.091671762367206261e-03 1.024394870814844581e-03 9.525489197495614528e-04 8.775302880743626049e-04 8.011949256588143291e-04 7.255981228070387768e-04 6.528178273910394515e-04 5.846948539505438186e-04 5.226480626563764125e-04 4.675746417226761976e-04 4.198186670642598114e-04 3.792651113242863727e-04 3.454588800798461153e-04 3.177395964733993605e-04 2.953495821696406004e-04 2.775127808594739730e-04 2.634858713087468210e-04 2.525885958327434293e-04 2.442192595052195599e-04 2.378602661692663179e-04 2.330769668157448699e-04 2.295121553225309540e-04 2.268779577216149888e-04 2.249464632871432245e-04 2.235401151099213686e-04 2.225225740049183393e-04 2.217904974630738834e-04 2.212664508668044951e-04 2.208930009589179502e-04 2.206279385240889166e-04 2.204404948737399383e-04 2.203094670168883717e-04 2.202169645634532188e-04 2.201501567279342175e-04 2.201045423792056675e-04 
2.201319531250962738e-04 2.201939372623546527e-04 2.202887744686485435e-04 2.204350992404105936e-04 2.206170830903965614e-04 2.209117184600249120e-04 2.213450407302011019e-04 2.219858011895321814e-04 2.229338255744438247e-04 2.243369851724832259e-04 2.264139676651491702e-04 2.294872928416642277e-04 2.340304240367988996e-04 2.407333459388943660e-04 2.505902901409811983e-04 2.650095617068073928e-04 2.859355007096620114e-04 3.159527586640286127e-04 3.583103829211154194e-04 4.167658072687814293e-04 4.951292715113714054e-04 5.964844302159956306e-04 7.219557258162080616e-04 8.703030247788391422e-04 1.036232419989812671e-03 1.212073949599046891e-03 1.390247136639155123e-03 1.561955409174003561e-03 1.719847633089656045e-03 1.859681497022780969e-03 1.979560150347629312e-03 2.079285501758881567e-03 2.159845365232322331e-03 2.223031940662167829e-03 2.271034040482683078e-03 2.306201129910261279e-03 2.330858510064409868e-03 2.347174746296671211e-03 2.357055485828780678e-03 2.362098472940736028e-03 2.363594791330470013e-03 2.362552857796003034e-03 2.359740291085349762e-03 2.355731044468122558e-03 2.350948141242570864e-03 2.345699766870272280e-03 2.340208622734434637e-03 2.334634713517527108e-03 2.329092317101526081e-03 2.323662326867003292e-03 2.320767197556036689e-03 2.314693543049292212e-03 2.308239210297871689e-03 2.301398671983449426e-03 2.294164013454428989e-03 2.286525065815330372e-03 2.278469589353581109e-03 2.269983487679904429e-03 2.261051037279763944e-03 2.251655127353595527e-03 2.241777515152919807e-03 2.231399107389556245e-03 2.220500276460769026e-03 2.209061212509201219e-03 2.197062303261865766e-03 2.184484527003498124e-03 2.171309842822123030e-03 2.157521565742546478e-03 2.143104719816445874e-03 2.128046366651177926e-03 2.120273213771921815e-03 2.104472284008797843e-03 2.086372115195073932e-03 2.065587674754090514e-03 2.041668549805246858e-03 2.014092085841785382e-03 1.982258862381298947e-03 1.945492720888029230e-03 1.903048784422948754e-03 1.854134769090706823e-03 1.797953264768875582e-03 1.733774345402554857e-03 1.661044820377704546e-03 1.579523812693715921e-03 1.489401824682632302e-03 1.391365364671804565e-03 1.286701642908079975e-03 1.177524105495963199e-03 1.066553892119895784e-03 9.564854894468895674e-04 8.504340969395435875e-04 7.511833975249969635e-04 6.608202515294423537e-04 5.805866569780016376e-04 5.110320368268488848e-04 4.519614875322407795e-04 4.027229411900730329e-04 3.623506442414788477e-04 3.297403113917383197e-04 3.037619513038842937e-04 2.833327171140699119e-04 2.674617185714308525e-04 2.552725485743180967e-04 2.460113161567524975e-04 2.390449600246139200e-04 2.338532225540198759e-04 2.300168317832375440e-04 2.272038525236641439e-04 2.251556885794272231e-04 2.236737752710390417e-04 2.226076052762975801e-04 2.218444039235920691e-04 2.213005266010678043e-04 2.209144897457951666e-04 2.206414570719715160e-04 2.204482593385800036e-04 2.203196440738643808e-04 2.202194265090265965e-04 2.201522482100286098e-04 2.201058535823319673e-04 
2.201308380994637117e-04 2.201921706141926095e-04 2.202821612736592248e-04 2.204263420923473628e-04 2.206110664689140647e-04 2.209006937892728879e-04 2.213277768720496586e-04 2.219588603708202068e-04 2.228920409193817405e-04 2.242727130630334481e-04 2.263162357903883057e-04 2.293411072245094212e-04 2.338170518318253861e-04 2.404336400368750279e-04 2.501958085440844268e-04 2.645516482638564631e-04 2.855523940523997661e-04 3.160301435365830860e-04 3.597498141106833546e-04 4.214440497314887691e-04 5.065892893529288761e-04 6.207235444965089697e-04 7.683755276438771192e-04 9.512779310687243363e-04 1.166709116316454230e-03 1.409087333393344238e-03 1.666519195423018032e-03 1.925007816685474519e-03 2.173509711830213381e-03 2.403364524670511745e-03 2.607853226436328276e-03 2.783469610639419892e-03 2.929626841857879260e-03 3.047481442139768695e-03 3.139528338737279916e-03 3.209107133854817526e-03 3.259859047824763181e-03 3.295386589127244359e-03 3.318944856181505355e-03 3.333302586252298669e-03 3.340738670762111433e-03 3.343073842916466018e-03 3.341728812012413445e-03 3.337792721426339690e-03 3.332086305850607156e-03 3.325218498000492417e-03 3.317636430073511635e-03 3.309666672624154461e-03 3.301546876737989321e-03 3.293449072305155729e-03 3.289084556228944259e-03 3.279840234835391596e-03 3.269906948025279748e-03 3.259278201105067062e-03 3.247942687202599269e-03 3.235884484650519005e-03 3.223083468175113979e-03 3.209515872663209514e-03 3.195154930947285803e-03 3.179971521012751358e-03 3.163934791180092118e-03 3.147012765551737267e-03 3.129172950857463890e-03 3.110382964231823370e-03 3.090611184726748707e-03 3.069827411590950791e-03 3.048003500459028903e-03 3.025113950624526860e-03 3.001136429807222533e-03 2.976052240454593600e-03 2.963090401144053126e-03 2.936718827812326554e-03 2.906478384921238646e-03 2.871721819754531439e-03 2.831694369288552046e-03 2.785525075888663042e-03 2.732225364270464071e-03 2.670701629751456429e-03 2.599791440721155485e-03 2.518333654433207915e-03 2.425275689268213426e-03 2.319802169549295759e-03 2.201455947478293904e-03 2.070276634152252646e-03 1.927116652207051806e-03 1.774169029444933173e-03 1.614938528799941993e-03 1.453131372307569407e-03 1.292769398920028557e-03 1.138415024258654156e-03 9.935432900960410995e-04 8.621794874065519948e-04 7.451668941033524592e-04 6.438818625171486426e-04 5.578343396837575751e-04 4.861295324580469125e-04 4.273251373915636130e-04 3.798291205578672221e-04 3.419922617272513096e-04 3.122382257293653766e-04 2.891232039201745456e-04 2.713706460352588706e-04 2.578824980108301878e-04 2.477366948833252796e-04 2.401754880062851184e-04 2.345882236043962405e-04 2.304914571740317988e-04 2.275085623941226905e-04 2.253503470407495471e-04 2.237976118903371714e-04 2.226861126529603807e-04 2.218940304883793317e-04 2.213318219788612908e-04 2.209341865089278995e-04 2.206538287236556881e-04 2.204566146365506988e-04 2.203195597855721333e-04 2.202210416687161031e-04 2.201541549673326334e-04 2.201070477168987224e-04 
2.201298148886363928e-04 2.201905409152498381e-04 2.202777206576071083e-04 2.204075177657188549e-04 2.206051339281743702e-04 2.208905043713157979e-04 2.213117402250698476e-04 2.219337178379122174e-04 2.228528050260835010e-04 2.242118587235846568e-04 2.262226306154973654e-04 2.291987705006838549e-04 2.336041447922728386e-04 2.401228771811519361e-04 2.497592966968168056e-04 2.639770783283210262e-04 2.848854133120893271e-04 3.154720334035841702e-04 3.598623125959562455e-04 4.235402184096387097e-04 5.134033089631132897e-04 6.374097173293763680e-04 8.037424657880272655e-04 1.018576928659688848e-03 1.285218462613757495e-03 1.600118150964383772e-03 1.951309022039539711e-03 2.324917523718705251e-03 2.703763602024619912e-03 3.067814901955468951e-03 3.403025572001455376e-03 3.700834128169119483e-03 3.955899013292950642e-03 4.166980974336042219e-03 4.336677423096668531e-03 4.469091940213236816e-03 4.569500252181192372e-03 4.643457190707397930e-03 4.695903268045674601e-03 4.731087472724501176e-03 4.752746311414384264e-03 4.764102100589432710e-03 4.767819982951680517e-03 4.766027898669760073e-03 4.760373719274021455e-03 4.752097867563075465e-03 4.742114164441276966e-03 4.731087974680840517e-03 4.719501683533393159e-03 4.707704323982559586e-03 4.701269822540835898e-03 4.687504555373667517e-03 4.672550532228129765e-03 4.656406722710729890e-03 4.639061616766151919e-03 4.620492750941171574e-03 4.600666768029333491e-03 4.579540074881719748e-03 4.557060020994661668e-03 4.533166437861025147e-03 4.507793376827587753e-03 4.480870941870401629e-03 4.452327188825317208e-03 4.422090110764301425e-03 4.390089728502692863e-03 4.356260262324340021e-03 4.320542302042784145e-03 4.282884847515166377e-03 4.243247079978066175e-03 4.201599747597171107e-03 4.180016754589494996e-03 4.135994241163191455e-03 4.085365003330112751e-03 4.027032981862964031e-03 3.959736813131774745e-03 3.882042119965241345e-03 3.792343780764628833e-03 3.688887810536907626e-03 3.569835587121207490e-03 3.433419493963761008e-03 3.278267830893499043e-03 3.103941675811451757e-03 2.911490774486863616e-03 2.703418610379721126e-03 2.482642724115378518e-03 2.251993109440197666e-03 2.016471748202795008e-03 1.783450450902903566e-03 1.557728581329195913e-03 1.346556619161090726e-03 1.155338873992814647e-03 9.851658398481119312e-04 8.372426538939204332e-04 7.120318413489766128e-04 6.076130572429896569e-04 5.219427384320774865e-04 4.527848807429439831e-04 3.976762485516469482e-04 3.543377615656146404e-04 3.206716997470506337e-04 2.948162338187505392e-04 2.751718008376182237e-04 2.603953414294909248e-04 2.493831887615352593e-04 2.412459342357062774e-04 2.352794593732007960e-04 2.309352296024938750e-04 2.277920576741287008e-04 2.255306988728594765e-04 2.239119473683749695e-04 2.227583869650780202e-04 2.219396078596236018e-04 2.213605075420394376e-04 2.209522118366788490e-04 2.206651430439424025e-04 2.204638919138675573e-04 2.203189416129089828e-04 2.202235231670892084e-04 2.201558947007610783e-04 2.201081349855088282e-04 
2.201288789746765626e-04 2.201890586716849171e-04 2.202757864894516640e-04 2.203968778029533808e-04 2.205987904111559781e-04 2.208811018634661771e-04 2.212968970880769767e-04 2.219103625865553929e-04 2.228161881343361560e-04 2.241547164072741434e-04 2.261340031686510108e-04 2.290624441931318040e-04 2.333968440990944946e-04 2.398127932027867650e-04 2.493066860238006208e-04 2.633413080953734848e-04 2.840485204873709375e-04 3.145004965938313782e-04 3.590492024269872386e-04 4.237038189693434508e-04 5.164543976924862142e-04 6.473453599936100254e-04 8.279970000209883321e-04 1.070142792234075923e-03 1.383728093512700272e-03 1.771342853057301849e-03 2.228831789077300157e-03 2.743762174772275929e-03 3.289978254720375261e-03 3.839899788178098225e-03 4.366038554123757333e-03 4.850830690540446424e-03 5.283816899632417380e-03 5.657528935505109352e-03 5.972195220086535389e-03 6.227066954770924499e-03 6.425044182591018241e-03 6.573260577793685333e-03 6.680106060524373598e-03 6.753683672194606309e-03 6.801353843328210649e-03 6.829427170176945346e-03 6.842997043006632946e-03 6.846038722639858146e-03 6.841617280861664145e-03 6.832064175562111395e-03 6.819114147813124839e-03 6.804028349791325404e-03 6.787708342856068992e-03 6.770793043254636628e-03 6.761477508208920371e-03 6.741388912248001165e-03 6.719369769052571835e-03 6.695414699316387143e-03 6.669494183131619881e-03 6.641554211767259144e-03 6.611516464372124528e-03 6.579279466750694895e-03 6.544720991117480152e-03 6.507701644629683251e-03 6.468069332302421592e-03 6.425664177139944408e-03 6.380323555962315492e-03 6.331887093302457359e-03 6.280201638602197177e-03 6.225126341510105014e-03 6.166537902482186785e-03 6.104335939615155443e-03 6.038448243601165361e-03 5.968835557502841227e-03 5.932630065580537029e-03 5.858561022904781347e-03 5.773101907163499802e-03 5.674431141131387572e-03 5.560533628142122833e-03 5.429240681071410314e-03 5.278289989276666906e-03 5.105389178036665379e-03 4.908257406363295515e-03 4.684659070638498395e-03 4.432616034234228633e-03 4.151295566559627497e-03 3.843044528093832440e-03 3.515440142827275499e-03 3.179149629186120776e-03 2.839870765000106212e-03 2.498076467130827191e-03 2.166437191457654642e-03 1.861332732580393747e-03 1.582813747469692884e-03 1.334378696056051769e-03 1.119225693751257130e-03 9.368101267199299568e-04 7.842376089048751090e-04 6.597036501973883166e-04 5.590430938715311611e-04 4.787758065702971740e-04 4.156494584735399801e-04 3.666205129600924898e-04 3.289632237661284982e-04 3.003523407796799063e-04 2.788315356626665676e-04 2.627933003042849007e-04 2.509421817057600141e-04 2.422526421698535995e-04 2.359257619158377692e-04 2.313481058283427879e-04 2.280547172897206165e-04 2.256972135968258184e-04 2.240172052534269054e-04 2.228247641952791800e-04 2.219813844059808435e-04 2.213867588961956250e-04 2.209686861672035033e-04 2.206754725649410739e-04 2.204702817936973530e-04 2.203223145870832804e-04 2.202264253523361322e-04 2.201574879031014786e-04 2.201091264589934940e-04 
2.201280214962794105e-04 2.201876906371258013e-04 2.202746302711249080e-04 2.203949650839376014e-04 2.205930586689512011e-04 2.208724394196023713e-04 2.212831974493410184e-04 2.218887455255784467e-04 2.227821742106523152e-04 2.241013883943301400e-04 2.260507819649501136e-04 2.289333676726933284e-04 2.331982975242568581e-04 2.395108752987219736e-04 2.488550648015540171e-04 2.626820894134613118e-04 2.831225043726533610e-04 3.132814952897282823e-04 3.576339697269046748e-04 4.225191993052785505e-04 5.166914345167688150e-04 6.517932070114808860e-04 8.424371122114184592e-04 1.105633369292339727e-03 1.458529443469950074e-03 1.914343525397726401e-03 2.480633147826104973e-03 3.149171943756613311e-03 3.895471993562773030e-03 4.683019230307167505e-03 5.488846991171513270e-03 6.266006262101643520e-03 6.983405230897695749e-03 7.614653527223771458e-03 8.154501590847436712e-03 8.602444879231166061e-03 8.964578129554536326e-03 9.250436103777535946e-03 9.467960195920412797e-03 9.625969139557658677e-03 9.735269264664243166e-03 9.807065673146335774e-03 9.851109464962532272e-03 9.874905961592688949e-03 9.883910759813917604e-03 9.882081422187046632e-03 9.872354290996518400e-03 9.856952456866687265e-03 9.837576176193430291e-03 9.815530890707481124e-03 9.802742800674781390e-03 9.773930062370010316e-03 9.740792187221984297e-03 9.703309626624410586e-03 9.661456748335401148e-03 9.615203514151980657e-03 9.564514915150923446e-03 9.509348469539991022e-03 9.449650810328136599e-03 9.385354593785494998e-03 9.316376623445884672e-03 9.242617452747054971e-03 9.163962160324477108e-03 9.080281769290350982e-03 8.991434988725474295e-03 8.897270460120780544e-03 8.797630230570204282e-03 8.692355486611170329e-03 8.581295511993072139e-03 8.464320373750557416e-03 8.403583623783499740e-03 8.279459779973788111e-03 8.136348579159666250e-03 7.971112911205613383e-03 7.780312821119783444e-03 7.560396162350738365e-03 7.308032680526474478e-03 7.020560322201212233e-03 6.696377107679883992e-03 6.334965650907644318e-03 5.936379603519109996e-03 5.500940570258462149e-03 5.031245092989746273e-03 4.537153814536038811e-03 4.036418791131437221e-03 3.540882205103415559e-03 3.053434994990586286e-03 2.607162056613568108e-03 2.211991663927161469e-03 1.838741288655410628e-03 1.530818171586811795e-03 1.264924761295679011e-03 1.041877813088697797e-03 8.606180622068488901e-04 7.137170685020622013e-04 5.968310772633406147e-04 5.049671748747739958e-04 4.335443793827949361e-04 3.786968350679090624e-04 3.370261788938894837e-04 3.056824319962026361e-04 2.823239579273032493e-04 2.650638254589996086e-04 2.524083480904092255e-04 2.431939106820291368e-04 2.365270681774146353e-04 2.317306376674754960e-04 2.282972250157078078e-04 2.258505080433528443e-04 2.241138748530110936e-04 2.228856060554118611e-04 2.220196158710001160e-04 2.214107514422762786e-04 2.209837271964553774e-04 2.206848939404887887e-04 2.204761972009310078e-04 2.203277483749860387e-04 2.202291299744531922e-04 2.201589246455403122e-04 2.201100272231578151e-04 
2.201272381881522818e-04 2.201864459573973215e-04 2.202732728657934877e-04 2.203961407115685180e-04 2.205882374324830131e-04 2.208644752742774855e-04 2.212705817106903601e-04 2.218687938276709261e-04 2.227506917542801260e-04 2.240518513211846492e-04 2.259731159343597411e-04 2.288121649455032507e-04 2.330103099351868022e-04 2.392217083815730916e-04 2.484153403306492815e-04 2.620243207642131752e-04 2.821623620660154339e-04 3.119326827771120919e-04 3.558583296901503094e-04 4.204575557272793016e-04 5.149652419459067095e-04 6.521363994393237313e-04 8.489146659556853292e-04 1.126685214854862950e-03 1.509997839746323378e-03 2.024010091782916035e-03 2.689296157764655814e-03 3.513566707607443211e-03 4.478576012085549313e-03 5.577386238128034801e-03 6.746071987412994436e-03 7.914747812908129454e-03 9.038557208401720375e-03 1.007464591809733266e-02 1.099440711277074011e-02 1.177862003119112613e-02 1.241575833443645492e-02 1.291972301710498164e-02 1.331038196021805224e-02 1.360710146146366928e-02 1.382853150698613517e-02 1.399007172260469979e-02 1.410322111191907209e-02 1.417686247119277244e-02 1.421852393010309204e-02 1.423496259669947139e-02 1.423225188823126416e-02 1.421566619069016164e-02 1.418956681721788605e-02 1.415738139690052994e-02 1.413819983466492632e-02 1.409451852267906528e-02 1.404429757863329305e-02 1.398810214941606511e-02 1.392634020383462165e-02 1.385922746766934076e-02 1.378677200472544669e-02 1.370877643487696494e-02 1.362485415338005219e-02 1.353445580165228181e-02 1.343690293768942147e-02 1.333142654851921134e-02 1.321720826131828411e-02 1.309342188303899701e-02 1.295927268056467838e-02 1.281403212597609018e-02 1.265706693077409302e-02 1.248786290053406460e-02 1.230604586714512984e-02 1.211140297149385960e-02 1.200925537774076741e-02 1.179859993518905976e-02 1.155322824744813362e-02 1.126770195978655034e-02 1.093655763192688014e-02 1.055501993053357956e-02 1.012006650852831369e-02 9.631602633532002425e-03 9.092994318044323593e-03 8.509752800014385235e-03 7.885802379287643743e-03 7.219904357003148476e-03 6.509567993376054115e-03 5.768410781938699411e-03 5.039952324949349867e-03 4.359131748803802414e-03 3.708986433543096008e-03 3.115332708163923072e-03 2.577437426910998870e-03 2.131638756196006790e-03 1.737699379761825169e-03 1.419697749940135745e-03 1.154044903021761870e-03 9.395880301056564561e-04 7.691538741549265720e-04 6.352464031026763564e-04 5.310123712758976983e-04 4.511387371866767905e-04 3.904410807208388108e-04 3.447892517991681810e-04 3.107689307369501338e-04 2.856307890822233240e-04 2.671991604706481908e-04 2.537792101391012534e-04 2.440696477978089628e-04 2.370841817370798212e-04 2.320838209142244086e-04 2.285204791669957552e-04 2.259912948142205199e-04 2.242024829465654487e-04 2.229412849982590069e-04 2.220545577004008197e-04 2.214326565917063558e-04 2.209974480989634101e-04 2.206934824346415208e-04 2.204816922783015974e-04 2.203330387186406181e-04 2.202314476226683822e-04 2.201602387538254999e-04 2.201108484289544028e-04 
2.201265224446634990e-04 2.201853048908038678e-04 2.202715758900868038e-04 2.203967952783593702e-04 2.205840770343835795e-04 2.208571660481951080e-04 2.212589852551770061e-04 2.218504206958990955e-04 2.227216346970382237e-04 2.240060010457220854e-04 2.259009710285665707e-04 2.286990528696933105e-04 2.328337901041560359e-04 2.389479203824017089e-04 2.479941870657128254e-04 2.613838783022005147e-04 2.812043202525898143e-04 3.105342183195613278e-04 3.538936265002206607e-04 4.178709507650068536e-04 5.119617556946878291e-04 6.496196982368504340e-04 8.494171466946438343e-04 1.136091312033881253e-03 1.540567097870297001e-03 2.099226352433573688e-03 2.849066527428016551e-03 3.814197861347992571e-03 5.018429442991590925e-03 6.445945201592647757e-03 8.033919628217357084e-03 9.716062387658000454e-03 1.139452159398804919e-02 1.300420112199208306e-02 1.446046862004467422e-02 1.578301707954530078e-02 1.696623859239795862e-02 1.799911154735599206e-02 1.886920176485420292e-02 1.955228126967036711e-02 2.004279976852913966e-02 2.036490127951654308e-02 2.055768133119004193e-02 2.065960631444942880e-02 2.070143084603127959e-02 2.070513624889335630e-02 2.068536056248033994e-02 2.065141618599318149e-02 2.060909398800086709e-02 2.056199795673960967e-02 2.053513736417801258e-02 2.047558852265633431e-02 2.040831923769158979e-02 2.033323464083471727e-02 2.025010105128977403e-02 2.015857526911528710e-02 2.005822081584156258e-02 1.994851289475182629e-02 1.982883298497946020e-02 1.969845296579880375e-02 1.955650919894364945e-02 1.940196976810371066e-02 1.923360236301103338e-02 1.904995432544784664e-02 1.884935817945409750e-02 1.862997428793191843e-02 1.838987707209028405e-02 1.812718362436564062e-02 1.784021533121854866e-02 1.752767611205461110e-02 1.736156024323950650e-02 1.701481875326576326e-02 1.660475506349743877e-02 1.612094443491637885e-02 1.555351023496017587e-02 1.489481661872390714e-02 1.414170610187003192e-02 1.329788569049170262e-02 1.237566309229170235e-02 1.139568158328398834e-02 1.038223214954298208e-02 9.352026080668486910e-03 8.306505147540185416e-03 7.258494219530746763e-03 6.260966750627891195e-03 5.311192754936095578e-03 4.401668326580290662e-03 3.674991623146520343e-03 2.998896689218124873e-03 2.439473052541086227e-03 1.962744705635764003e-03 1.573175286537679659e-03 1.269189792700468411e-03 1.019270143620944419e-03 8.245120126572331272e-04 6.727473233155962075e-04 5.566496668114423148e-04 4.682215133383852562e-04 4.017432665351307504e-04 3.521973589596712889e-04 3.155850867784666365e-04 2.887407315741826385e-04 2.691956960581054817e-04 2.550546336448682931e-04 2.448810237087987204e-04 2.375985527831042817e-04 2.324089638182730776e-04 2.287255175392354423e-04 2.261203410855004302e-04 2.242835719569710772e-04 2.229921730432471666e-04 2.220864595299267257e-04 2.214526391657768581e-04 2.210099563703050096e-04 2.207013080648065340e-04 2.204867152562323509e-04 2.203373741644827101e-04 2.202334100798905266e-04 2.201614349921645166e-04 2.201115942214688719e-04 
2.201258677620336135e-04 2.201842577119024686e-04 2.202697321173482329e-04 2.203960109575742936e-04 2.205802950151448060e-04 2.208504665551561639e-04 2.212483415522807683e-04 2.218335320198881343e-04 2.226948766267620452e-04 2.239636830847507203e-04 2.258341955592216277e-04 2.285939818201817404e-04 2.326690537670778307e-04 2.386908346886054038e-04 2.475954345726343649e-04 2.607704903952723623e-04 2.802715319423045091e-04 3.091388075331142509e-04 3.518566490233373525e-04 4.150090686753172067e-04 5.081936506528572130e-04 6.452442620332636894e-04 8.457597191241653448e-04 1.136819322472320832e-03 1.554448043766850978e-03 2.143435809864576401e-03 2.958573687507006118e-03 4.045509217508083677e-03 5.463624554190676247e-03 7.217481520133497454e-03 9.283442088333190845e-03 1.154602858067127653e-02 1.394007494485088525e-02 1.645242725902187550e-02 1.894132427160783241e-02 2.116727985715688085e-02 2.314619767684027857e-02 2.484474780897516846e-02 2.625151166836475064e-02 2.739897978584315830e-02 2.830388309017379048e-02 2.898056543502437396e-02 2.946315939526876135e-02 2.979846618913066167e-02 3.003002622847798092e-02 3.018996569368962227e-02 3.029894589975891048e-02 3.036945805206795607e-02 3.040921054712874758e-02 3.042349051825839895e-02 3.042206296977899641e-02 3.040009854713236759e-02 3.035040550893224054e-02 3.027039096736392973e-02 3.015782819255864028e-02 3.001106015958246442e-02 2.982910883685181008e-02 2.961168534811234321e-02 2.935911381720050436e-02 2.907219447615303973e-02 2.875203655631963437e-02 2.839988890355981885e-02 2.801698928253882476e-02 2.760444609128121299e-02 2.716316167256992153e-02 2.669380500437381135e-02 2.619684116813074046e-02 2.567262235317059951e-02 2.512153783371936372e-02 2.454420840642121404e-02 2.424601129749615752e-02 2.364063059721616816e-02 2.295062018813977256e-02 2.216673816260113575e-02 2.128166236731243721e-02 2.029180692322978680e-02 1.919886910403779262e-02 1.800943056151350571e-02 1.672942847537072647e-02 1.535021173785875576e-02 1.383392818972156886e-02 1.214376710571413512e-02 1.037869215509907433e-02 8.845968835333050187e-03 7.638529970457413887e-03 6.390693413228054447e-03 5.243188538124135718e-03 4.265939668814081216e-03 3.439797943459277797e-03 2.759135396666987251e-03 2.205701291393886900e-03 1.755828830354504849e-03 1.378259955526981708e-03 1.100470229319387575e-03 8.798029511943040440e-04 7.103389260469381624e-04 5.814384139235605599e-04 4.847132720253565646e-04 4.125387016684484414e-04 3.592117755510649516e-04 3.201145156711260038e-04 2.916485277872961097e-04 2.710532363504444733e-04 2.562363226391433388e-04 2.456301503308650435e-04 2.380720865657538939e-04 2.327075777702399559e-04 2.289134574110282658e-04 2.262384368172001663e-04 2.243576836767066716e-04 2.230386337487380328e-04 2.221155613979006844e-04 2.214708557145811493e-04 2.210213531498781932e-04 2.207084355980773178e-04 2.204912550735075769e-04 2.203407730510345032e-04 2.202351139166274549e-04 2.201625213655253072e-04 2.201122746336939425e-04 
2.201252710916756891e-04 2.201833093022012718e-04 2.202679331610891283e-04 2.203941219337039693e-04 2.205767432087048620e-04 2.208443318682714858e-04 2.212385842571700000e-04 2.218180309035041307e-04 2.226702804810114982e-04 2.239247133283008256e-04 2.257725645257015819e-04 2.284967308482187384e-04 2.325160285648848269e-04 2.384509110481981137e-04 2.472210084542665262e-04 2.601897277214513214e-04 2.793781447050629760e-04 3.077801753084207859e-04 3.498241577752260337e-04 4.120420194921738761e-04 5.040244561905235596e-04 6.397534838464327125e-04 8.393811535668717220e-04 1.131545487460407402e-03 1.555534926429917499e-03 2.163590669991790737e-03 3.022776808712324560e-03 4.210333684532609547e-03 5.801568827033936129e-03 7.867586349146983224e-03 1.038577142767111751e-02 1.330385325738169845e-02 1.680098305368740025e-02 2.053226711809370830e-02 2.417095720157441327e-02 2.783665291397912842e-02 3.124232244887512749e-02 3.424160191164744155e-02 3.671001093327600634e-02 3.862501194643943453e-02 4.010005345321459441e-02 4.125034085662471900e-02 4.213685740999268542e-02 4.278978303651941734e-02 4.323452112610591536e-02 4.350047110619029156e-02 4.362061118250800534e-02 4.362863090942897815e-02 4.355601222358475993e-02 4.342987045274381702e-02 4.334643177605897874e-02 4.314600148505737948e-02 4.290901989004049927e-02 4.264501920639457433e-02 4.236205667578959305e-02 4.206556820227642240e-02 4.175754064055055281e-02 4.143614602529602231e-02 4.109589997677162015e-02 4.072832188418060162e-02 4.032300277089526097e-02 3.986893657664698776e-02 3.935594319362807625e-02 3.877600429568964918e-02 3.812434318586121335e-02 3.740010714502012279e-02 3.660655623105371625e-02 3.575072597883815345e-02 3.484260811823213649e-02 3.389397182587507162e-02 3.340829039733750339e-02 3.243601456468180044e-02 3.135462128428274237e-02 3.016214809801945340e-02 2.885566861392316676e-02 2.742733673210610845e-02 2.585867244717804034e-02 2.411383881944336935e-02 2.213749083265354259e-02 1.988080334308389707e-02 1.740141983916819110e-02 1.500056667253728271e-02 1.304667858820828669e-02 1.127733679660628159e-02 9.114185898010409431e-03 7.373534509212203818e-03 6.213980238511933318e-03 4.888627479344735335e-03 3.944116640456565501e-03 3.099683250470398107e-03 2.435847989265734100e-03 1.899993952118020054e-03 1.510464343287720723e-03 1.182370167791997389e-03 9.331858134102251389e-04 7.467445922995934095e-04 6.057048029402851020e-04 5.004304959884333260e-04 4.227539689467237419e-04 3.658083877510161014e-04 3.243495327708946019e-04 2.943538939271623470e-04 2.727742628693062251e-04 2.573273527221979235e-04 2.463198023439206298e-04 2.385069841938426173e-04 2.329812899222982433e-04 2.290854492451548227e-04 2.263463710523771013e-04 2.244253475764413361e-04 2.230810166960686279e-04 2.221420912969592387e-04 2.214874535324427504e-04 2.210317328987954229e-04 2.207149250715281699e-04 2.204953443584999084e-04 2.203434833753253495e-04 2.202366287570699927e-04 2.201635083061600747e-04 2.201128916118872498e-04 
2.201247266266937190e-04 2.201824394142720860e-04 2.202662817439645249e-04 2.203916975278040556e-04 2.205733791213714261e-04 2.208387187515507377e-04 2.212296486084084702e-04 2.218038207227847271e-04 2.226477051408796851e-04 2.238888921569933506e-04 2.257158097823964147e-04 2.284069722390133451e-04 2.323743926513362852e-04 2.382280439977779653e-04 2.468715782527984158e-04 2.596443982677162335e-04 2.785322863012102334e-04 3.064789738375079233e-04 3.478452354819611342e-04 4.090815236146462660e-04 4.997024490066760043e-04 6.336797823758910176e-04 8.313758781945022273e-04 1.122214420324187849e-03 1.547795936033079635e-03 2.165792736583553417e-03 3.049632194763101517e-03 4.302499242698480664e-03 6.029247006314917938e-03 8.362653945797276708e-03 1.129442606980355680e-02 1.501990207930823523e-02 1.961181922247895101e-02 2.462999178531182637e-02 3.004465598856404310e-02 3.532715547341627044e-02 4.036067185440839894e-02 4.464290986310107123e-02 4.808279167692593170e-02 5.088471432477349732e-02 5.322984717412977684e-02 5.528073722283768920e-02 5.712895166302293243e-02 5.875845292635167166e-02 6.010438426821202579e-02 6.112598211038084567e-02 6.183256596181425230e-02 6.227068015360209124e-02 6.250091200723406626e-02 6.258099833253084887e-02 6.257877632302863424e-02 6.249742922205478446e-02 6.232651042441906403e-02 6.208036874900963592e-02 6.177120415173459334e-02 6.140873281890516650e-02 6.100009802034830203e-02 6.054972017904518278e-02 6.005892285970152594e-02 5.952536006018712550e-02 5.894243622639089297e-02 5.829900557448542547e-02 5.757964020338401240e-02 5.676567029363480815e-02 5.583704581101956582e-02 5.477488095273100321e-02 5.356436014670076795e-02 5.219754890877823655e-02 5.067559896202802894e-02 4.900988438025347810e-02 4.812943431203456357e-02 4.631823541428854024e-02 4.424438694349155932e-02 4.191735711619154481e-02 3.936875126507628081e-02 3.664775154356739867e-02 3.380585957640711708e-02 3.088024006297815371e-02 2.790501255669164057e-02 2.496548539850544299e-02 2.218046340570201808e-02 1.940685764056150620e-02 1.613577589442795682e-02 1.277900147381413366e-02 1.087171406322793438e-02 9.135243369052591794e-03 6.830449083465505063e-03 5.705439360033589397e-03 4.395060769118460005e-03 3.444135599276381202e-03 2.713481731003276800e-03 2.103274102039257715e-03 1.624469392805783690e-03 1.257403890938875446e-03 9.883902403099074051e-04 7.815678967724933339e-04 6.285119774700123748e-04 5.152946522759793398e-04 4.323612459937086687e-04 3.719770278234647842e-04 3.282896994336905990e-04 2.968604419108990689e-04 2.743632541902157125e-04 2.583317647044857594e-04 2.469531853245752985e-04 2.389056153768020639e-04 2.332317757591903962e-04 2.292426421711737656e-04 2.264449148902264463e-04 2.244870727717917873e-04 2.231196539239889897e-04 2.221662637401383038e-04 2.215025701883731009e-04 2.210411833328298201e-04 2.207208320527651079e-04 2.204990319234691621e-04 2.203457310577927716e-04 2.202380013838519507e-04 2.201644144133441507e-04 2.201134542160684284e-04 
2.201242289348904221e-04 2.201816417208976237e-04 2.202648177819824216e-04 2.203891655635149989e-04 2.205702070644608847e-04 2.208335862677804210e-04 2.212214723332963512e-04 2.217908071606962211e-04 2.226270098843521883e-04 2.238560140448612546e-04 2.256636405986957501e-04 2.283243154498276273e-04 2.322436687121730433e-04 2.380217646625431812e-04 2.465469901934946298e-04 2.591354759154667763e-04 2.777380359202724831e-04 3.052469853400814029e-04 3.459500362960434613e-04 4.061990523994014868e-04 4.953906378199533864e-04 6.273848549434227337e-04 8.225325385825896099e-04 1.110419164530029000e-03 1.534314448008112543e-03 2.154486460836862755e-03 3.052597746651047189e-03 4.343296965370275868e-03 6.169717458266005781e-03 8.694887491529450924e-03 1.198456453584879552e-02 1.649407220409224162e-02 2.202474747312255926e-02 2.866887806612544026e-02 3.559386949835025710e-02 4.282330951835126159e-02 4.931684557045779016e-02 5.530335018219507959e-02 6.134793636235466585e-02 6.757369545145865131e-02 7.378157393972838152e-02 7.945992080529556967e-02 8.410456961727032221e-02 8.754120740052943883e-02 8.992204734629118124e-02 9.153384053788513053e-02 9.263825016397571332e-02 9.341402850089108867e-02 9.396583941866676337e-02 9.435227230831819134e-02 9.450661045699808305e-02 9.472849446015431385e-02 9.482940484886716315e-02 9.480297359292368109e-02 9.464387035400825821e-02 9.434765320306584546e-02 9.390983935425539775e-02 9.332511522129513515e-02 9.258733610540220704e-02 9.169043983278205023e-02 9.062986120490104658e-02 8.940370551189058546e-02 8.801294588808322716e-02 8.646025227807532798e-02 8.474762010833536419e-02 8.287354004428307275e-02 8.083080849922949507e-02 7.860605077235825744e-02 7.618157906968026083e-02 7.353947679913050428e-02 7.213249133260889179e-02 6.918865557397060884e-02 6.570053697394408199e-02 6.159714477335387350e-02 5.685067314253158116e-02 5.152606343529682331e-02 4.584642879281397576e-02 4.023662756277269353e-02 3.522428092642173464e-02 3.104776239718630773e-02 2.722773875570470153e-02 2.313700422963723205e-02 1.937161674141596804e-02 1.630388071894382090e-02 1.243977465699414899e-02 9.858305727743720687e-03 8.545903248600815807e-03 6.083417131677068372e-03 4.992068028574955449e-03 3.877835651378324592e-03 2.889294455808149621e-03 2.256220288980468214e-03 1.713918842938339177e-03 1.332359294768040896e-03 1.038290428282733152e-03 8.150895597415917966e-04 6.498678102841344301e-04 5.292915807763352116e-04 4.413451660535215159e-04 3.777164470583314350e-04 3.319403350972779661e-04 2.991746943189787546e-04 2.758260954950620650e-04 2.592542270331410883e-04 2.475337504087374036e-04 2.392704202220092668e-04 2.334607088277478580e-04 2.293861591874424050e-04 2.265348097863323601e-04 2.245433428304068936e-04 2.231548578402993497e-04 2.221882790770473139e-04 2.215163334279513711e-04 2.210497855337967190e-04 2.207262077914608233e-04 2.205023656884833711e-04 2.203476674236821541e-04 2.202392498104748810e-04 2.201652268411479472e-04 2.201139664966323176e-04 
2.201237751509041505e-04 2.201809190254084506e-04 2.202635363202650560e-04 2.203867640404544531e-04 2.205672412664453166e-04 2.208288959625725057e-04 2.212139962067425573e-04 2.217788995250552758e-04 2.226080573495701684e-04 2.238258740448405249e-04 2.256157576436832520e-04 2.282483370483451399e-04 2.321232879233291809e-04 2.378313778251102894e-04 2.462465613501539012e-04 2.586627339384573701e-04 2.769968107705722635e-04 3.040901759694864025e-04 3.441556457471508070e-04 4.034385723643983852e-04 4.911926534180150036e-04 6.211030209546516620e-04 8.133640109524921825e-04 1.097461690936865327e-03 1.517113124200674323e-03 2.134765901983164214e-03 3.040132755060681591e-03 4.349367945579285695e-03 6.237329703594512303e-03 8.896263012515252463e-03 1.253525935037069251e-02 1.743937501357621309e-02 2.422047346897150677e-02 3.200108828546704282e-02 4.075856484871653168e-02 4.957673179212494091e-02 5.968317815414873190e-02 7.156831429183396764e-02 8.422395042810984500e-02 9.656345998757522031e-02 1.075254133190646916e-01 1.165686359886289880e-01 1.237436320574443888e-01 1.293126685934520015e-01 1.334977780348293730e-01 1.364627311775096774e-01 1.383741627470469748e-01 1.394313870674357136e-01 1.398510480628654407e-01 1.398355530286528592e-01 1.397044472099902568e-01 1.392419412879374319e-01 1.385765231783457063e-01 1.377736487887846750e-01 1.368773214971031049e-01 1.359061367001095644e-01 1.348547442881918024e-01 1.336989266577024993e-01 1.324019650358095879e-01 1.309205440638134266e-01 1.292096261894472020e-01 1.272267751084245335e-01 1.249367200938628214e-01 1.223163682042692768e-01 1.193593607997790185e-01 1.160783774271107599e-01 1.125034524789913642e-01 1.086758810769818950e-01 1.046394094285600374e-01 1.004322285264823977e-01 9.827406279425976443e-02 9.392863487732884542e-02 8.903635494471906497e-02 8.356236816374396081e-02 7.750879504500629569e-02 7.092217529629037120e-02 6.383063432225918876e-02 5.611861700520052315e-02 4.761714756475093208e-02 3.883447796371264360e-02 3.161410088738164648e-02 2.722601874956549414e-02 2.337463566678400426e-02 1.847822718093687297e-02 1.521483507173575049e-02 1.144145616065444029e-02 8.862887055331473626e-03 7.447082941502830393e-03 5.319202743452499521e-03 4.162199550138407159e-03 3.185613268802435505e-03 2.446478526357837285e-03 1.849183272535086849e-03 1.420575696310820727e-03 1.086318152065513572e-03 8.461235437050639930e-04 6.702654969021323633e-04 5.423640495097443266e-04 4.497013027764200886e-04 3.830334793826120198e-04 3.353109565796067175e-04 3.013052189417745165e-04 2.771695854826608497e-04 2.600997658251688691e-04 2.480650512771425298e-04 2.396038360209042139e-04 2.336697246213237887e-04 2.295170801220331857e-04 2.266167599899402969e-04 2.245946127305565579e-04 2.231869202259102302e-04 2.222083233509357055e-04 2.215288613353469025e-04 2.210576141814118729e-04 2.207310993912160941e-04 2.205053869665534632e-04 2.203493824553084718e-04 2.202403973461505491e-04 2.201659722982594327e-04 2.201144310613150745e-04 
2.201233621330065716e-04 2.201802621885142494e-04 2.202624135310577986e-04 2.203845938471183806e-04 2.205644908704393727e-04 2.208246118848254940e-04 2.212071643662683019e-04 2.217680115622094232e-04 2.225907154541153805e-04 2.237982721042290288e-04 2.255718624311309445e-04 2.281786010812383002e-04 2.320126335740376356e-04 2.376560549303645268e-04 2.459692790784460785e-04 2.582251797493918051e-04 2.763082874450812037e-04 3.030105995121292720e-04 3.424707067889588407e-04 4.008249665002158344e-04 4.871718567413695815e-04 6.149845775886891765e-04 8.042013255981334636e-04 1.084155702084545290e-03 1.497952541896009496e-03 2.110203006352517636e-03 3.013204840852041003e-03 4.324893775773295222e-03 6.235437960298980016e-03 8.974009542733951336e-03 1.286803912670551539e-02 1.816571802365100213e-02 2.575122059197293770e-02 3.488028568570962495e-02 4.466137680679471006e-02 5.722362297911889883e-02 7.421823512725735095e-02 9.343934080940510811e-02 1.133042365450350197e-01 1.317193664545191212e-01 1.471298645841958574e-01 1.591548733243312586e-01 1.679622281362317671e-01 1.740322003572578879e-01 1.780772829459476014e-01 1.808445092900853590e-01 1.829377650453827275e-01 1.847455984972694865e-01 1.864553229834901293e-01 1.881106604962232975e-01 1.889805103868946179e-01 1.907309990542755407e-01 1.923864445894117037e-01 1.937806589109044852e-01 1.947331307787908139e-01 1.950783635448545827e-01 1.946898859082194788e-01 1.934943161783928556e-01 1.914740875465900938e-01 1.886601929197243843e-01 1.851179064580872335e-01 1.809291247980079620e-01 1.761753575959618123e-01 1.709256811178653523e-01 1.652335480140847968e-01 1.591442357667658403e-01 1.527105719565378661e-01 1.460096098869724524e-01 1.391498841589434987e-01 1.322606868298195348e-01 1.288440909942864532e-01 1.222200094839515083e-01 1.151370349841968066e-01 1.075223652797386437e-01 9.915864766131940455e-02 8.978018279078719965e-02 7.944917321525067633e-02 6.899263993945611850e-02 5.962179215155632289e-02 5.122487382325884714e-02 4.183516737092649040e-02 3.174274586065811699e-02 2.541093248118098114e-02 2.202227339856376379e-02 1.690553994226618242e-02 1.371465195273305696e-02 9.647495794195623184e-03 8.192785532218025898e-03 5.810211891025599679e-03 4.604227467713373038e-03 3.501493401604101590e-03 2.582788367326955235e-03 1.967718970659499637e-03 1.493177697003856804e-03 1.132773281368227875e-03 8.753699027976134415e-04 6.895290628661899330e-04 5.545159711081170967e-04 4.574424427864331858e-04 3.879419300086851255e-04 3.384139886126726559e-04 3.032619151106268518e-04 2.784010435841925766e-04 2.608735564766214094e-04 2.485506375204447438e-04 2.399082446507263752e-04 2.338603957640218289e-04 2.296364306181967216e-04 2.266914281143442972e-04 2.246413074106122986e-04 2.232161120267240641e-04 2.222265685346504660e-04 2.215402626709619364e-04 2.210647378623390282e-04 2.207355500261238017e-04 2.205081301536617030e-04 2.203509273950137457e-04 2.202414472713845150e-04 2.201666553089193441e-04 2.201148539601391070e-04 
2.201229856625741067e-04 2.201796596881343130e-04 2.202614264832668310e-04 2.203826778433074223e-04 2.205619567512804192e-04 2.208207005463439605e-04 2.212009244558561956e-04 2.217580619157268182e-04 2.225748585799691519e-04 2.237730158597378127e-04 2.255316636040810075e-04 2.281146728273271830e-04 2.319110707188266104e-04 2.374948977871646656e-04 2.457139364288446742e-04 2.578213377701575300e-04 2.756710111341702024e-04 3.020077754072082472e-04 3.408982883023706527e-04 3.983707723408813498e-04 4.833643879433777418e-04 6.091234432058566066e-04 7.952691363917761607e-04 1.070922079770495524e-03 1.478261677883371209e-03 2.082498779624686758e-03 2.974674195597207336e-03 4.280359460053879614e-03 6.189964411485962548e-03 8.974449591386423133e-03 1.292919772031057672e-02 1.869929993799951742e-02 2.682809289294677338e-02 3.677339939734092927e-02 4.808794046266851724e-02 6.613516300748346899e-02 8.949645113894058590e-02 1.160374730552876238e-01 1.420130622820282018e-01 1.640180761318420222e-01 1.831763446375412607e-01 2.016318325761394525e-01 2.199612709188422111e-01 2.376961448571975888e-01 2.541218156965249220e-01 2.686315084483009152e-01 2.808474117973833173e-01 2.906229151104348096e-01 2.979995204037168000e-01 3.031630947934467746e-01 3.051483265275870549e-01 3.077509680779831336e-01 3.085098566179936275e-01 3.075369879423602848e-01 3.050946236666905453e-01 3.015503566036970562e-01 2.972973752880883613e-01 2.926627429795289892e-01 2.878334552221304410e-01 2.828250660165660402e-01 2.775024411966166005e-01 2.716427529266924878e-01 2.650151199414506609e-01 2.574461187975645715e-01 2.488485874962369782e-01 2.392098865288319887e-01 2.285568526094910735e-01 2.169274048232389118e-01 2.043751177418888787e-01 1.910127572734888479e-01 1.840944844902920041e-01 1.702090126401819281e-01 1.550343269666949186e-01 1.392668028028780647e-01 1.239504784540694238e-01 1.100060797416934216e-01 9.742010165806093414e-02 8.494984463766126759e-02 7.159068098879897701e-02 5.889405341370194946e-02 4.946723566911390146e-02 4.126011287495857244e-02 3.057914687330124878e-02 2.286510772034171593e-02 1.980835097408230328e-02 1.478564680905759821e-02 1.183167741849558245e-02 7.869732784967215303e-03 7.051709797119825630e-03 4.782726724529307374e-03 3.690637173092147470e-03 2.696857487910382222e-03 2.062294000908486066e-03 1.546987586714322193e-03 1.174855827028329974e-03 9.033686138308831375e-04 7.074008768542101823e-04 5.657913651639008036e-04 4.645909216203082497e-04 3.924604429282929673e-04 3.412638428331756088e-04 3.050554463606589776e-04 2.795280074143089918e-04 2.615807684833933210e-04 2.489939780255069146e-04 2.401859364322896670e-04 2.340342159690991200e-04 2.297451756830556717e-04 2.267594330243252884e-04 2.246838214657845181e-04 2.232426836971257303e-04 2.222431730223422826e-04 2.215506373215196060e-04 2.210712194245752281e-04 2.207395991876266684e-04 2.205106240212336267e-04 2.203523317772384887e-04 2.202424056656976446e-04 2.201672699615474281e-04 2.201152397627880765e-04 
2.201226419475695419e-04 2.201791077141319192e-04 2.202605549222296497e-04 2.203810017987220765e-04 2.205596328813032997e-04 2.208171308520417639e-04 2.211952276505920747e-04 2.217489743358968407e-04 2.225603682414756528e-04 2.237499223631092863e-04 2.254948810053255159e-04 2.280561279508688127e-04 2.318179662175894648e-04 2.373469816361728610e-04 2.454792252215276787e-04 2.574494498230027744e-04 2.750828351249496695e-04 3.010796034844738685e-04 3.394376786882102827e-04 3.960805132642693455e-04 4.797888119957280156e-04 6.035742972620536818e-04 7.867158568249392383e-04 1.058003255353395181e-03 1.458882242965267367e-03 2.052981817688114864e-03 2.930711979254400565e-03 4.228123649838893931e-03 6.127430095397807391e-03 8.948174525089683251e-03 1.285147278712287303e-02 1.887525635283038641e-02 2.766069691959923554e-02 3.766078239035294123e-02 5.155930282585140245e-02 7.403024596222237963e-02 1.032022092847916933e-01 1.349496937668043517e-01 1.636487658393225852e-01 1.927084938136750525e-01 2.280156422735681587e-01 2.667823376437797878e-01 3.020804328032443142e-01 3.299490829279585480e-01 3.503637790756344850e-01 3.651289833235756843e-01 3.760435258585741458e-01 3.842005970262046821e-01 3.900859945573365017e-01 3.939241651456621418e-01 3.952301336657951247e-01 3.964123170330411949e-01 3.956383199011192509e-01 3.930562315376139315e-01 3.890417029272594251e-01 3.841172672985355141e-01 3.788256304756751902e-01 3.735966073847503677e-01 3.686408079284607675e-01 3.638910893459653129e-01 3.590040683861065451e-01 3.534289046847792215e-01 3.465417495738954412e-01 3.378250549781384171e-01 3.270444501680913052e-01 3.143568603574604658e-01 3.002903088338087501e-01 2.855768745671981024e-01 2.708843206049209584e-01 2.565496390645201075e-01 2.494920410083552031e-01 2.355103900739802247e-01 2.193756652633221116e-01 1.998211121607313678e-01 1.759037107505729836e-01 1.483626313902917104e-01 1.206882135477571755e-01 9.790169326466785504e-02 8.221824864778554121e-02 6.996517131095844610e-02 5.688032844976154828e-02 4.582081895694714579e-02 3.810621948592392977e-02 2.712599573824499288e-02 2.003744248754470506e-02 1.725448703121109165e-02 1.265590351033550262e-02 8.914199287805027461e-03 7.568903256694846891e-03 4.933553800676991098e-03 3.911287309979960373e-03 2.863794853442261975e-03 2.159130001495142108e-03 1.599060949832540983e-03 1.213193303967524759e-03 9.297782767415063666e-04 7.238640881395367460e-04 5.762255114991896628e-04 4.711739164183627142e-04 3.966104319083162805e-04 3.438760539413166493e-04 3.066967950055182507e-04 2.805580061032796990e-04 2.622264539078238230e-04 2.493984083547079174e-04 2.404390867660640937e-04 2.341925906429142537e-04 2.298442166106728294e-04 2.268213493943761587e-04 2.247225196484968479e-04 2.232668659161435440e-04 2.222582822849524106e-04 2.215600768161985162e-04 2.210771163541896272e-04 2.207432829438444851e-04 2.205128930862248929e-04 2.203536137430487155e-04 2.202432836514688346e-04 2.201678265620379794e-04 2.201155907135706987e-04 
2.201223282942268229e-04 2.201786058681720029e-04 2.202597797615257411e-04 2.203795376738316579e-04 2.205575087037793460e-04 2.208138740100765401e-04 2.211900285994236257e-04 2.217406777156174320e-04 2.225471333904132667e-04 2.237288190538329997e-04 2.254612481902643897e-04 2.280025584291490764e-04 2.317327020578740853e-04 2.372113843207410329e-04 2.452637985528703809e-04 2.571076106207915231e-04 2.745412020854244030e-04 3.002229491169014454e-04 3.380857911752281012e-04 3.939531688337966076e-04 4.764520221345842433e-04 5.983651612897113040e-04 7.786289006392954149e-04 1.045577571212778258e-03 1.440181318287495982e-03 2.023134185220643727e-03 2.886704196419233228e-03 4.174232292832633952e-03 6.056972340337532339e-03 8.904137786736088939e-03 1.276831250360334694e-02 1.877054629368721944e-02 2.807584186017984124e-02 3.819358170878105890e-02 5.426807005365243824e-02 8.027558966393981421e-02 1.134442728484828383e-01 1.469468869314350112e-01 1.825630043453089491e-01 2.311184869051830515e-01 2.881557099616612883e-01 3.374993381263198811e-01 3.728147187299502008e-01 3.995682669622110383e-01 4.251643893310170785e-01 4.529788275964339306e-01 4.822785995140229098e-01 5.105338307211612081e-01 5.354611513538544143e-01 5.559083767726135106e-01 5.651209032513507813e-01 5.808452102677147399e-01 5.929091783134066151e-01 6.015778971103800110e-01 6.072280371535101473e-01 6.100814899871846997e-01 6.100923945842661178e-01 6.070204272884763830e-01 6.006185134517636470e-01 5.908034336420983079e-01 5.776951362393036860e-01 5.614947268461225605e-01 5.422764531280662714e-01 5.198381679954330314e-01 4.937466439397192319e-01 4.636242863069575115e-01 4.295893382884024558e-01 3.926477602405865075e-01 3.548062612319537457e-01 3.187632607773430715e-01 3.022820214909154313e-01 2.741192974438845242e-01 2.506683964036708900e-01 2.329030776552015181e-01 2.183836721463199293e-01 2.006636278138140828e-01 1.725754481992150813e-01 1.337724050895614802e-01 9.584913130599059805e-02 7.340052602118837810e-02 6.443150236020352140e-02 5.325585413271331087e-02 4.111522411062866478e-02 3.356455720847002083e-02 2.172092742650382283e-02 1.833982910758319082e-02 1.366528358416613589e-02 1.050681799653190723e-02 7.279661813880638870e-03 5.476990785473353184e-03 4.165450198928805081e-03 3.053792616464581691e-03 2.257252081214284386e-03 1.656647060721864410e-03 1.249701916276419952e-03 9.541805637682646045e-04 7.390123641223769356e-04 5.858439154638721974e-04 4.772215073821557164e-04 4.004146907445527343e-04 3.462666030936018815e-04 3.081969242327495793e-04 2.814983973131251972e-04 2.628154706186845496e-04 2.497670967136560410e-04 2.406697424481379314e-04 2.343368324035613362e-04 2.299343903385559905e-04 2.268777084373625416e-04 2.247577379112242744e-04 2.232888705420251114e-04 2.222720296218723944e-04 2.215686648753001917e-04 2.210824811581303423e-04 2.207466341987977159e-04 2.205149586574092031e-04 2.203547856637114687e-04 2.202440865985256060e-04 2.201683371574207127e-04 2.201159092452616584e-04 
2.201220425639327971e-04 2.201781512218082605e-04 2.202590848695384462e-04 2.203782551342761697e-04 2.205555712060430957e-04 2.208109034267328053e-04 2.211852853129303630e-04 2.217331060070330936e-04 2.225350504682262198e-04 2.237095442033542507e-04 2.254305138434410649e-04 2.279535762116398486e-04 2.316546839869827496e-04 2.370872057422073983e-04 2.450663132901499002e-04 2.567938581808789592e-04 2.740433344553933580e-04 2.994340782579652731e-04 3.368380788629827161e-04 3.919841594925745358e-04 4.733527150423655046e-04 5.935057493071026159e-04 7.710496089587715344e-04 1.033778379709602256e-03 1.422299236476297878e-03 1.994238554342793630e-03 2.845250223807331297e-03 4.119433154245739047e-03 5.977979117880718660e-03 8.829338164008234888e-03 1.270527946871286007e-02 1.857771525576062260e-02 2.801108098932338433e-02 3.862330282537540516e-02 5.593682968426288288e-02 8.478396028394842576e-02 1.188113954864246508e-01 1.552536163071870645e-01 2.064152482910617259e-01 2.750151015259530984e-01 3.399591021046499684e-01 3.923476042735546954e-01 4.453448184308926860e-01 5.106749000784929216e-01 5.869210370858676251e-01 6.644573500471376848e-01 7.333312370837842264e-01 7.876875903445486049e-01 8.264600628701382901e-01 8.518907504370091255e-01 8.614132583761416884e-01 8.747998808454722219e-01 8.827070702367567634e-01 8.875111557859125533e-01 8.907933288166269836e-01 8.929366655225726701e-01 8.931812551677615897e-01 8.900474940092303333e-01 8.819327218491898046e-01 8.676776519409336030e-01 8.469455272708036331e-01 8.203123381947156068e-01 7.890243424023081209e-01 7.544663227155337104e-01 7.175101164911433793e-01 6.780286064770416621e-01 6.348727410703092211e-01 5.864531852179533100e-01 5.317782497044772905e-01 4.715167346045316399e-01 4.401073648009795058e-01 3.783875644567185614e-01 3.160567917471862609e-01 2.615547679494152344e-01 2.237669892222752810e-01 2.058079219869826670e-01 1.983063051792152975e-01 1.807369951389993235e-01 1.390343291006350679e-01 8.855210957824002915e-02 6.260868782625367279e-02 5.932039778897553461e-02 4.721746518459898900e-02 3.582479004710692472e-02 2.697898089776714151e-02 1.779972777152458510e-02 1.554426179984300972e-02 1.131203833718505587e-02 7.246478716524598976e-03 6.204601052958612015e-03 4.360147311646474233e-03 3.218631122017066599e-03 2.345496603722671547e-03 1.716571916564125014e-03 1.285182540249911161e-03 9.765048661803906512e-04 7.529483692598671783e-04 5.946798144517649034e-04 4.827660049039296172e-04 4.038964424517165917e-04 3.484514533111884469e-04 3.095665457867048903e-04 2.823562554238005372e-04 2.633524326846825797e-04 2.501030240105443672e-04 2.408798151426347020e-04 2.344681601433785576e-04 2.300164705086546219e-04 2.269289994231408103e-04 2.247897847966852445e-04 2.233088917069199974e-04 2.222845369599969485e-04 2.215764779677527731e-04 2.210873617418551858e-04 2.207496829439695347e-04 2.205168395545662222e-04 2.203558570500140611e-04 2.202448174724084239e-04 2.201688049285870238e-04 2.201161986456382056e-04 
2.201217825783922954e-04 2.201777381706922177e-04 2.202584584113902047e-04 2.203771264302157239e-04 2.205538063933854844e-04 2.208081945904679429e-04 2.211809590155889942e-04 2.217261980580938490e-04 2.225240232845870805e-04 2.236919469911040879e-04 2.254024424253274473e-04 2.279088152827586221e-04 2.315833468431080489e-04 2.369735804150716323e-04 2.448854585026258648e-04 2.565062361939619991e-04 2.735863731407880495e-04 2.987089513476074223e-04 3.356891060252102763e-04 3.901668293701915065e-04 4.704842603295385966e-04 5.889933502683346311e-04 7.639878732481295573e-04 1.022688136201836814e-03 1.405307661170470106e-03 1.967081204729580809e-03 2.806817744759581776e-03 4.063192978165041346e-03 5.890335726082808476e-03 8.718124797129633841e-03 1.262853796488530231e-02 1.840529429286344096e-02 2.763128761082958226e-02 3.882381732568437882e-02 5.693309461041960728e-02 8.715776509265536764e-02 1.204176740180327582e-01 1.640780252185419230e-01 2.322449555496468032e-01 3.084952485424347080e-01 3.764005429403889935e-01 4.574857504770329375e-01 5.701484266245037125e-01 7.029241556596074192e-01 8.327254717893088909e-01 9.429656560492259976e-01 1.027151982099640648e+00 1.086433633950972144e+00 1.126187087088517336e+00 1.152830603219951344e+00 1.163814010773607022e+00 1.182475343896234099e+00 1.198398601355919579e+00 1.212221087302189471e+00 1.223204883535591314e+00 1.230021582980054706e+00 1.231595927224667930e+00 1.227401530299518262e+00 1.217046547926226463e+00 1.199577601116445180e+00 1.173214038361061862e+00 1.135955754916019966e+00 1.086849963996834534e+00 1.027126393347005839e+00 9.603542562576603547e-01 8.913176975778484001e-01 8.241045097304084965e-01 7.604282835826995379e-01 6.991147073821706304e-01 6.370466635289876445e-01 6.046926166137547298e-01 5.371978325682913447e-01 4.580060474548377503e-01 3.702077225292718654e-01 2.843566562866676195e-01 2.176607210547501781e-01 1.850594036944493981e-01 1.820948531739677856e-01 1.751976543785984108e-01 1.307842845247931818e-01 7.248211158420549138e-02 5.502843801123085549e-02 5.497962554430486926e-02 3.802559906589120936e-02 3.110109549186420436e-02 1.880426286325907401e-02 1.678455211927225993e-02 1.167966797031453827e-02 7.826177102331171448e-03 6.751296169290560249e-03 4.484049981333108024e-03 3.346810724109936918e-03 2.420284853649941077e-03 1.773995409559082827e-03 1.319297466667306452e-03 9.968966746057776433e-04 7.657538089438982887e-04 6.027756779857304384e-04 4.878406811067605283e-04 4.070788083249343389e-04 3.504462126602189958e-04 3.108159623569518707e-04 2.831383000459185566e-04 2.638416814286982551e-04 2.504089743567415355e-04 2.410710800165034157e-04 2.345877005737889720e-04 2.300911696789724817e-04 2.269756717032289282e-04 2.248189430320767185e-04 2.233271069805686890e-04 2.222959156656379158e-04 2.215835858610699666e-04 2.210918017743026588e-04 2.207524564979850056e-04 2.205185525900059580e-04 2.203568359759763796e-04 2.202454816621686083e-04 2.201692295664636431e-04 2.201164621608081497e-04 
2.201215460144358832e-04 2.201773610915615210e-04 2.202578919628368857e-04 2.203761279366113295e-04 2.205522002256434368e-04 2.208057249494290710e-04 2.211770139765247716e-04 2.217198973973803875e-04 2.225139627793432313e-04 2.236758873275665959e-04 2.253768142829406954e-04 2.278679326036474979e-04 2.315181575580880786e-04 2.368696852201500553e-04 2.447199736921514966e-04 2.562428354173553607e-04 2.731674694171164468e-04 2.980434080104950247e-04 3.346329726185858942e-04 3.884933034509645603e-04 4.678369354612842927e-04 5.848176104831195226e-04 7.574348509145010502e-04 1.012342240588239928e-03 1.389262996894320831e-03 1.941969495108262101e-03 2.771003868992241628e-03 4.005753713412881639e-03 5.797050916917153088e-03 8.578575901063856951e-03 1.250850624207944239e-02 1.826267320585330325e-02 2.713532080185694292e-02 3.871252460460138101e-02 5.754562494717536253e-02 8.745391269224521424e-02 1.203441793383915742e-01 1.737766769816391499e-01 2.526572438790615771e-01 3.266639505054403925e-01 4.107451489487023988e-01 5.476931371666322601e-01 7.245327556266709657e-01 8.985641847560178475e-01 1.049198248920523602e+00 1.177558974150383575e+00 1.289065150439555385e+00 1.387611383032206325e+00 1.476271332246662293e+00 1.557223457537705746e+00 1.598405435279407261e+00 1.679624250195842272e+00 1.755077678455597479e+00 1.817470630432461265e+00 1.859463648146330250e+00 1.877163181878642728e+00 1.872395177692524504e+00 1.852030199951353540e+00 1.824315250886002771e+00 1.794112727067655122e+00 1.759829268802753699e+00 1.713965906786171445e+00 1.647118087240029505e+00 1.553229947403490518e+00 1.433236329664134612e+00 1.295271337999902128e+00 1.151629772087810588e+00 1.014335203255568585e+00 8.915501324147071527e-01 7.861550463708457670e-01 7.395758345996719108e-01 6.572559606930985510e-01 5.763113549393206192e-01 4.917093342341851692e-01 3.986534780052116700e-01 2.991532147094219662e-01 2.108607202307183903e-01 1.639941965540284152e-01 1.660186551455405113e-01 1.641300567391833498e-01 1.070359104478724732e-01 5.362687603162466510e-02 5.519040889672700845e-02 4.396513981579621561e-02 3.224082201703758893e-02 2.201893467138378233e-02 1.684747723306401906e-02 1.225635908599985620e-02 8.692701770791313315e-03 7.011816101988633393e-03 4.582007592406014788e-03 3.449626448289967989e-03 2.484602867537483509e-03 1.826203124025723053e-03 1.351346899767404477e-03 1.015538802752146948e-03 7.774969512886452123e-04 6.101788503814325462e-04 4.924786378290284955e-04 4.099843993873271484e-04 3.522658980599696404e-04 3.119549619508302186e-04 2.838508541327027586e-04 2.642872715863449243e-04 2.506875330729048629e-04 2.412451779884812247e-04 2.346964914461203478e-04 2.301591422720295963e-04 2.270181370324141437e-04 2.248454712237631819e-04 2.233436785527098223e-04 2.223062673454761020e-04 2.215900521529161793e-04 2.210958410354292168e-04 2.207549797322056633e-04 2.205201128964996943e-04 2.203577297267790753e-04 2.202460860058804825e-04 2.201696131632453963e-04 2.201167023674000444e-04 
2.201213305933043480e-04 2.201770159681705279e-04 2.202573789027802067e-04 2.203752401914988281e-04 2.205507391623938299e-04 2.208034737862178795e-04 2.211734173288586907e-04 2.217141519876288883e-04 2.225047867091373924e-04 2.236612355075734296e-04 2.253534253920840751e-04 2.278306082730281029e-04 2.314586165278802133e-04 2.367747437840755963e-04 2.445686600299514500e-04 2.560018200171389397e-04 2.727838429506832885e-04 2.974332958748862740e-04 3.336636150172993427e-04 3.869550204753089730e-04 4.653992519807459687e-04 5.809638965900022073e-04 7.513720379996232388e-04 1.002741878463007117e-03 1.374209283856211907e-03 1.918902657445746389e-03 2.737325543622596679e-03 3.948213113635772563e-03 5.702555117448883729e-03 8.425276199962132562e-03 1.234000335731516400e-02 1.812217478871223919e-02 2.663718748781615520e-02 3.835641776607249392e-02 5.782379033486249875e-02 8.630241167590919915e-02 1.198210531351208002e-01 1.825944726185176059e-01 2.643005031379713210e-01 3.348629614793843245e-01 4.499634370754511115e-01 6.430046997173309853e-01 8.549917971361087332e-01 1.044062689910363106e+00 1.226403999072358086e+00 1.423022306299288608e+00 1.631018784092781448e+00 1.836529098932850657e+00 2.029666315748730465e+00 2.206222681287064447e+00 2.294719720184104084e+00 2.464980766878194007e+00 2.616516626536538936e+00 2.734659601486697955e+00 2.806333926519899880e+00 2.826783146906021837e+00 2.803440632119104770e+00 2.753678526339251142e+00 2.696765144199837039e+00 2.644155761070705601e+00 2.593649521084728793e+00 2.530884953553043548e+00 2.437351793865032423e+00 2.300316605230817935e+00 2.119196307951848990e+00 1.905402062824879117e+00 1.676739108977919779e+00 1.450378047075088661e+00 1.238445672582657142e+00 1.047740099972302108e+00 9.615697765065622793e-01 8.113438588339798585e-01 6.779586207623159444e-01 5.681603331765240350e-01 4.797351319525511304e-01 3.949900952982985936e-01 2.935313596928301183e-01 1.900654058309809435e-01 1.420538855744318818e-01 1.592676737289644984e-01 1.441464040871667240e-01 7.010297692090435018e-02 4.902820261276626818e-02 5.017063590925794486e-02 3.283554816690767431e-02 2.566816029301869501e-02 1.651240628602656385e-02 1.311092093043329625e-02 9.500798304924030005e-03 7.077636112657980164e-03 4.690571193846334100e-03 3.540657044877991520e-03 2.542492874281036385e-03 1.872595674617605604e-03 1.380832931549435486e-03 1.032591561109744193e-03 7.882457626817024332e-04 6.169391853581826296e-04 4.967125065441523914e-04 4.126350036004033505e-04 3.539247742275721713e-04 3.129927547561130782e-04 2.844998233200240426e-04 2.646929683912816259e-04 2.509410899630341689e-04 2.414036204183140602e-04 2.347954858454508024e-04 2.302209879559492561e-04 2.270567720369202360e-04 2.248696055793480248e-04 2.233587543995791812e-04 2.223156846206396950e-04 2.215959347771786180e-04 2.210995157435260300e-04 2.207572752812627921e-04 2.205215341603888521e-04 2.203585450714700897e-04 2.202466364846342357e-04 2.201699604184869936e-04 2.201169212321330492e-04 
2.201211342618468545e-04 2.201767003029432264e-04 2.202569134416125507e-04 2.203744473652833691e-04 2.205494104501111061e-04 2.208014220929720270e-04 2.211701388848174904e-04 2.217089139626144518e-04 2.224964192884161941e-04 2.236478717538587110e-04 2.253320868523401969e-04 2.277965451517032652e-04 2.314042578469378884e-04 2.366880284761605109e-04 2.444303867534859697e-04 2.557814439211671966e-04 2.724328197539335403e-04 2.968745621972601308e-04 3.327749936160925436e-04 3.855431431134913453e-04 4.631587223294548485e-04 5.774152015644267843e-04 7.457762719215219440e-04 9.938668581685901598e-04 1.360169760860139914e-03 1.897736885759809377e-03 2.705489800585432741e-03 3.891943318222134112e-03 5.610774552233167844e-03 8.271823932272057492e-03 1.213503583250970068e-02 1.796149942548858763e-02 2.617025187770036579e-02 3.787852673084261129e-02 5.775070092319089382e-02 8.443393587516105636e-02 1.191429837603707603e-01 1.891908651907255601e-01 2.681751579683523956e-01 3.390753676744620582e-01 4.895221270564514837e-01 7.196861695452507757e-01 9.442638751230099103e-01 1.162636641375375701e+00 1.433795052871731368e+00 1.771895019254292380e+00 2.139572190047277722e+00 2.496573772196394092e+00 2.824391388653535451e+00 3.119800766397295977e+00 3.267271229086596840e+00 3.551480320340614227e+00 3.806955076844725561e+00 4.011255731888701881e+00 4.144860025978903906e+00 4.201952145881550749e+00 4.195194553550543048e+00 4.149940393554238049e+00 4.090029365613384371e+00 4.023276172730527733e+00 3.935831452773117078e+00 3.799677704591243987e+00 3.589517660027647494e+00 3.299314347759540134e+00 2.948691896775388344e+00 2.575447798487480622e+00 2.218765799510998615e+00 1.903089865433046146e+00 1.631719826506835336e+00 1.392779486572373049e+00 1.280882131400084889e+00 1.070625949582990177e+00 8.594663481909352587e-01 6.694807696179009282e-01 5.301220550785010754e-01 4.462527370497809676e-01 3.735891103134161839e-01 2.622056938744696253e-01 1.505824449817551314e-01 1.320726076516989256e-01 1.581930924973104224e-01 1.005161365841941989e-01 4.607043947038834408e-02 5.226995290043302822e-02 3.492103428375470386e-02 2.833206373467071423e-02 1.657315090774777455e-02 1.400438093064311669e-02 1.012147832349442889e-02 7.069671844875902340e-03 4.821490639714860402e-03 3.627841535070263409e-03 2.596549848291158751e-03 1.913734151266505666e-03 1.407595106774665915e-03 1.048186541278138843e-03 7.980701677094766307e-04 6.231067951845814913e-04 5.005741210397892434e-04 4.150513690813622007e-04 3.554362587519375094e-04 3.139379423225225566e-04 2.850906913725621155e-04 2.650622523621849053e-04 2.511718461508515455e-04 2.415477953605129615e-04 2.348855571145622449e-04 2.302772552389341864e-04 2.270919207222424916e-04 2.248915616064153290e-04 2.233724694112214837e-04 2.223242518638181666e-04 2.216012864807079795e-04 2.211028588609527737e-04 2.207593637382999289e-04 2.205228287965846530e-04 2.203592883657672411e-04 2.202471376644637253e-04 2.201702763920847033e-04 2.201171204253456735e-04 
2.201209552503645948e-04 2.201764123108050056e-04 2.202564903841806637e-04 2.203737365959250688e-04 2.205482022494560234e-04 2.207995524490866514e-04 2.211671509516804684e-04 2.217041393578890831e-04 2.224887908062417948e-04 2.236356856942058112e-04 2.253126242222483271e-04 2.277654681269315859e-04 2.313546487614097412e-04 2.366088607463270735e-04 2.443040941043635541e-04 2.555800602010123500e-04 2.721118565500725258e-04 2.963633123738131309e-04 3.319612111954250012e-04 3.842488597853021019e-04 4.611024273832084854e-04 5.741532316110125852e-04 7.406220227924166337e-04 9.856846919124243999e-04 1.347142905936969714e-03 1.878290230806704602e-03 2.675392158022692982e-03 3.838116895655717051e-03 5.524308067674404618e-03 8.127455454553759659e-03 1.191098009099797288e-02 1.777415661649143358e-02 2.572994503827265647e-02 3.737566232508449798e-02 5.735819534119450391e-02 8.235527481371547609e-02 1.182596003074160296e-01 1.932392453970280533e-01 2.667948359579060402e-01 3.422286223302258845e-01 5.223702379199697265e-01 7.695535673491277207e-01 1.006126555509125220e+00 1.289163258972283677e+00 1.697829910225014283e+00 2.217161513290969665e+00 2.779549850417557533e+00 3.337407581960587066e+00 3.876537687263011733e+00 4.393427475026633999e+00 4.663020658997966805e+00 5.202763359765184781e+00 5.710382082856918728e+00 6.139067849019424372e+00 6.451484314437528234e+00 6.637442132503506009e+00 6.717860590732820825e+00 6.730236427750527994e+00 6.702460683884852166e+00 6.630322696294504325e+00 6.473538491171310305e+00 6.175181797187696553e+00 5.695553372968803707e+00 5.042126758005880838e+00 4.278194499292596653e+00 3.504002113434049992e+00 2.819169210656763624e+00 2.285398594053307697e+00 1.908061676497511128e+00 1.644666591685681523e+00 1.536276687218805614e+00 1.334810413651140504e+00 1.105500607593398854e+00 8.510494049976989883e-01 6.212014690330364131e-01 4.771268455327136171e-01 4.128192813780958148e-01 3.354807854648526599e-01 1.989966060934127978e-01 1.154666451282924111e-01 1.463844175553094540e-01 1.297370070522219920e-01 5.271751684770110274e-02 4.998551986277949277e-02 3.831203708101699190e-02 2.984136189586361967e-02 1.725478544472052594e-02 1.475171540420332737e-02 1.056817064912625621e-02 7.064558128598135908e-03 4.971059683051393986e-03 3.713610531728803784e-03 2.647900760603125962e-03 1.950517600014393558e-03 1.431713925049735853e-03 1.062434197687358575e-03 8.070394100697279123e-04 6.287300070507377938e-04 5.040939610913197557e-04 4.172530437181995499e-04 3.568128795226407782e-04 3.147985108648866659e-04 2.856285272458967462e-04 2.653983292386396836e-04 2.513818231870017564e-04 2.416789747362977519e-04 2.349675040886240482e-04 2.303284451214790310e-04 2.271238969471400966e-04 2.249115357543341549e-04 2.233849464649779798e-04 2.223320458934956807e-04 2.216061552685482956e-04 2.211059003778822823e-04 2.207612638351779170e-04 2.205240080871791110e-04 2.203599655821713438e-04 2.202475933194257833e-04 2.201705650170870466e-04 2.201173015386599066e-04 
2.201207920366935551e-04 2.201761502636291634e-04 2.202561051875860177e-04 2.203730973700175654e-04 2.205471036682387352e-04 2.207978489031907777e-04 2.211644281520429116e-04 2.216997878427238728e-04 2.224818372341290167e-04 2.236245758033778637e-04 2.252948767578370282e-04 2.277371231441260185e-04 2.313093885974598922e-04 2.365366103267868038e-04 2.441887938240632871e-04 2.553961253735345985e-04 2.718185546405707271e-04 2.958958436520396250e-04 3.312165936325025921e-04 3.830635772085256067e-04 4.592174663077880012e-04 5.711591812130374255e-04 7.358825579277667979e-04 9.781564178591853950e-04 1.335105010203690599e-03 1.860392589398048371e-03 2.647034547062748332e-03 3.787512651202770350e-03 5.444460526227257874e-03 7.996872012321413342e-03 1.168324191399870357e-02 1.756479050192740962e-02 2.530471207145127549e-02 3.689702542354852260e-02 5.672961600689185174e-02 8.031513710394871941e-02 1.171418257194403734e-01 1.950222447623263800e-01 2.623911325984503162e-01 3.450839211404672091e-01 5.448270295946665565e-01 7.963612910570506687e-01 1.056263013404607154e+00 1.426815733797853536e+00 1.979349272565430251e+00 2.678286485052507881e+00 3.467470288798838673e+00 4.327408316190907378e+00 5.252749761418856522e+00 6.217040400765163177e+00 6.741726044906875437e+00 7.820315781745917683e+00 8.855899176586579102e+00 9.743859725936818705e+00 1.040717334206064137e+01 1.082478883412493076e+01 1.103293856706594234e+01 1.109605062153656441e+01 1.106157471130607028e+01 1.092374972282528134e+01 1.061822902350449205e+01 1.005353126124002117e+01 9.165050030909391410e+00 7.964093807295037131e+00 6.555650258644412531e+00 5.113800742785361564e+00 3.824846763609486278e+00 2.824112832461955325e+00 2.154978294196678856e+00 1.767109563715484333e+00 1.645464708852317326e+00 1.473738951602014957e+00 1.298781817068949573e+00 1.061232292654643361e+00 7.774769605428605290e-01 5.420124882875023697e-01 4.295538036146964167e-01 3.785304467347625490e-01 2.621847036819613397e-01 1.261129422657225607e-01 1.232343338355456203e-01 1.465470559988323596e-01 6.811801807612342941e-02 4.601952289268844420e-02 4.179852739547765955e-02 3.066192183085247186e-02 1.839209344347513334e-02 1.530710487013690196e-02 1.089445261470647908e-02 7.093473123784046694e-03 5.130420737786724195e-03 3.797370627192373990e-03 2.696816091600040370e-03 1.983737518193413700e-03 1.453390323145545629e-03 1.075434649005595688e-03 8.152204401936502661e-04 6.338543465894272899e-04 5.073007233090986220e-04 4.192582800884628834e-04 3.580662667950585765e-04 3.155818419796340172e-04 2.861179997053668947e-04 2.657041432100778729e-04 2.515728734877540067e-04 2.417983219567887757e-04 2.350420564141389619e-04 2.303750146994601575e-04 2.271529868146889334e-04 2.249297069776448436e-04 2.233962974365548242e-04 2.223391366223955530e-04 2.216105848171807534e-04 2.211086675743522410e-04 2.207629926081886484e-04 2.205250822962577875e-04 2.203605823130881951e-04 2.202480070454200837e-04 2.201708289363781988e-04 2.201174661428187418e-04 
2.201206432800282035e-04 2.201759122386979638e-04 2.202557539924411664e-04 2.203725210080660732e-04 2.205461047414520692e-04 2.207962968604994171e-04 2.211619472507548505e-04 2.216958224583464882e-04 2.224754998356468037e-04 2.236144488319525517e-04 2.252786965997742900e-04 2.277112760977577095e-04 2.312681073507983308e-04 2.364706936718223931e-04 2.440835679815092109e-04 2.552282001079049403e-04 2.715506660637980428e-04 2.954686633513324795e-04 3.305357435145254118e-04 3.819790351705238925e-04 4.574912674629604990e-04 5.684143301915731356e-04 7.315307643140573409e-04 9.712403373581845242e-04 1.324016131510915130e-03 1.843901248149080931e-03 2.620450117176716543e-03 3.740522322733146228e-03 5.371610630705594275e-03 7.881423982045861545e-03 1.146267943971033924e-02 1.734234935783320053e-02 2.488813690884908447e-02 3.645641318928938279e-02 5.596246430626332369e-02 7.839682196291440641e-02 1.158497224308492751e-01 1.950127673991465527e-01 2.564574527495276923e-01 3.476627620067258562e-01 5.569256575863220649e-01 8.071962761340609749e-01 1.100538542116735963e+00 1.556179573866709243e+00 2.221483535536881160e+00 3.076371176912176431e+00 4.133869649795793855e+00 5.434204588199833097e+00 6.971635784492829835e+00 8.661957779440925265e+00 9.601827623148105673e+00 1.155586241145699056e+01 1.344735246340535184e+01 1.508085108163871624e+01 1.631435445098824033e+01 1.709917628188876293e+01 1.747815943538072148e+01 1.754276618294203516e+01 1.737113920067857009e+01 1.697947731912722347e+01 1.631236963644997218e+01 1.527771591823305286e+01 1.380914581042061506e+01 1.192501574552255406e+01 9.754596209952913100e+00 7.517504348353105215e+00 5.463821477522178505e+00 3.799577547853014714e+00 2.627967067437193993e+00 1.928998658892655982e+00 1.721945450305569114e+00 1.494092841734242061e+00 1.366197594051391073e+00 1.208496086226005461e+00 9.525290995383433046e-01 6.582894817929508813e-01 4.614496759309195673e-01 3.940403331375174067e-01 3.142757065626837210e-01 1.596599936054309832e-01 1.043309862057549692e-01 1.489755621748937164e-01 8.739375666811755039e-02 4.314912841767155893e-02 4.447160433020766468e-02 3.125015080216690666e-02 1.973053851867064348e-02 1.570605064331159414e-02 1.114713921743087401e-02 7.160741362332231907e-03 5.290950598475075914e-03 3.877597694104405451e-03 2.743185695499300060e-03 2.013955009174281992e-03 1.472869186425092075e-03 1.087284559326910519e-03 8.226773360019382520e-04 6.385222781297007853e-04 5.102211476248369893e-04 4.210840132714514924e-04 3.592071688024664217e-04 3.162947345415307947e-04 2.865633966331287258e-04 2.659823921139575168e-04 2.517466914346007216e-04 2.419068996687704829e-04 2.351098797962273819e-04 2.304173806462480689e-04 2.271794509490933486e-04 2.249462382084882917e-04 2.234066241443624363e-04 2.223455876592862908e-04 2.216146148561629146e-04 2.211111852613584640e-04 2.207645655500074084e-04 2.205260607681920691e-04 2.203611437684463935e-04 2.202483824578573045e-04 2.201710699826061799e-04 2.201176157567312009e-04 
2.201205077651452783e-04 2.201756961562010705e-04 2.202554335496131324e-04 2.203720002592295243e-04 2.205451963835629997e-04 2.207948829762050786e-04 2.211596869900259708e-04 2.216922093658983206e-04 2.224697247851998888e-04 2.236052192377624773e-04 2.252639479415421172e-04 2.276877116474765881e-04 2.312304640711588003e-04 2.364105719039445253e-04 2.439875666926420109e-04 2.550749475005785298e-04 2.713060945231499078e-04 2.950784974287445667e-04 3.299135709427988817e-04 3.809873759483978499e-04 4.559117718047959967e-04 5.659004559774547275e-04 7.275397930000761151e-04 9.648943559701640390e-04 1.313826229800759077e-03 1.828699708356054839e-03 2.595658562840230405e-03 3.697244483015877433e-03 5.305588362429966218e-03 7.780467867182708566e-03 1.125570328576357831e-02 1.711567742875985329e-02 2.448004617200716729e-02 3.605036834485291636e-02 5.513917463609351033e-02 7.660994907266423237e-02 1.144830092376726977e-01 1.936771926285975887e-01 2.498639800088191532e-01 3.499065192857915840e-01 5.607036475862441360e-01 8.079922277043759538e-01 1.138050364172301654e+00 1.657798670437845345e+00 2.388875476894573691e+00 3.370027265691940777e+00 4.730814433284142417e+00 6.587289819519090983e+00 8.919172258330279490e+00 1.155919230418385624e+01 1.304560745631514251e+01 1.616797253695964542e+01 1.924163764899256179e+01 2.196978895930291031e+01 2.412452269273009264e+01 2.559123402334519426e+01 2.636521471185423238e+01 2.650851743818344985e+01 2.609353080585415441e+01 2.516286956560912813e+01 2.372307379763432778e+01 2.177049813226190622e+01 1.933237199101925086e+01 1.650108127907987665e+01 1.344523544158833595e+01 1.039206354914616348e+01 7.586417076080088862e+00 5.238862946272803356e+00 3.478430967540686147e+00 2.324849457582113033e+00 1.951697043929803366e+00 1.522543198612209325e+00 1.342865356772583452e+00 1.250608225792591233e+00 1.083216634822301350e+00 8.000649975796002566e-01 5.281344328070334271e-01 4.024068493083338693e-01 3.450511403104202235e-01 2.026048440062113432e-01 9.758200544803341536e-02 1.412489953557444500e-01 1.057723253802040214e-01 4.274262054387897858e-02 4.609648876901031173e-02 3.183961342242955239e-02 2.107803642034690450e-02 1.600271014304662648e-02 1.135712063786752969e-02 7.259063691680112985e-03 5.446160601951894817e-03 3.952925471191266922e-03 2.786792276509458301e-03 2.041541446288916862e-03 1.490398576964543833e-03 1.098078281978285067e-03 8.294707894621037745e-04 6.427731971900861119e-04 5.128800070541286119e-04 4.227458899300906440e-04 3.602454839949141650e-04 3.169434331360295159e-04 2.869686471453892183e-04 2.662355436202009122e-04 2.519048246561761970e-04 2.420056773960601139e-04 2.351715810699131623e-04 2.304559225286095629e-04 2.272035266400997068e-04 2.249612777319544624e-04 2.234160192259918281e-04 2.223514568648012253e-04 2.216182815192374784e-04 2.211134760019914532e-04 2.207659967487075696e-04 2.205269520137117015e-04 2.203616547769292637e-04 2.202487231102019888e-04 2.201712896768640829e-04 2.201177518004222974e-04 
2.201203843690625384e-04 2.201754999216617645e-04 2.202551410889115884e-04 2.203715289911112448e-04 2.205443703279640760e-04 2.207935950552494038e-04 2.211576279335856999e-04 2.216889176062812649e-04 2.224644628009407349e-04 2.235968086306610258e-04 2.252505062013566560e-04 2.276662320066436180e-04 2.311961451380802654e-04 2.363557484611778241e-04 2.439000051272928969e-04 2.549351297480765654e-04 2.710828928611375816e-04 2.947222922813877606e-04 3.293453068663942051e-04 3.800811857364894434e-04 4.544675301841708285e-04 5.636000798562780956e-04 7.238835199337089691e-04 9.590773347181286677e-04 1.304479974928818981e-03 1.814690997783172804e-03 2.572648575493303048e-03 3.657590048191586198e-03 5.245948456488132294e-03 7.692418689914135715e-03 1.106534189292002548e-02 1.689169271187678997e-02 2.408389849097249472e-02 3.567087703923706166e-02 5.431619840711233993e-02 7.494370062657584874e-02 1.131308821873244913e-01 1.914190900809823459e-01 2.430751656852782605e-01 3.518007800285279929e-01 5.587074916531730162e-01 8.026987218548801151e-01 1.166498359807227159e+00 1.723164225333320143e+00 2.475607782570422355e+00 3.553514648254517461e+00 5.224976004203041313e+00 7.681805273000376744e+00 1.088212481409937737e+01 1.457649771137567996e+01 1.668282825092286359e+01 2.118216567524954641e+01 2.576083294458862483e+01 3.004638093681229805e+01 3.371442023306899927e+01 3.652002031635363721e+01 3.829481263550572123e+01 3.893083931089067562e+01 3.837542297876544239e+01 3.664645560312491313e+01 3.385633602083609617e+01 3.022125643303008857e+01 2.603912782565466344e+01 2.163917064654477329e+01 1.732454821170816217e+01 1.333313273926644804e+01 9.828303386308245848e+00 6.911728708854370851e+00 4.638144367955685077e+00 3.016507275922516218e+00 2.437616543129830671e+00 1.690079447523360479e+00 1.325329105483400660e+00 1.213344151490628020e+00 1.137262072166725480e+00 9.280645754571447137e-01 6.243130143834710877e-01 4.215751168547299255e-01 3.580052858576917574e-01 2.431578644859213878e-01 1.033117223121016170e-01 1.290942449149968807e-01 1.205095061009793383e-01 4.481570048304601289e-02 4.688819834043601864e-02 3.248799509184514128e-02 2.232975551301549441e-02 1.624054091389579360e-02 1.154267402881773742e-02 7.378003202545545605e-03 5.591927759409463274e-03 4.022498686785225264e-03 2.827453897210542143e-03 2.066754614921740771e-03 1.506208485456980153e-03 1.107906086838090619e-03 8.356576090602320026e-04 6.466434816291735232e-04 5.153001647789857064e-04 4.242583220441697089e-04 3.611903036739102938e-04 3.175336602094091664e-04 2.873373451497300080e-04 2.664658516800028532e-04 2.520486851595692677e-04 2.420955389251983373e-04 2.352277130291666239e-04 2.304909859297375881e-04 2.272254298459637078e-04 2.249749604624920278e-04 2.234245669476524882e-04 2.223567968627735987e-04 2.216216176663944560e-04 2.211155603138034655e-04 2.207672990147277687e-04 2.205277637863699367e-04 2.203621197934691595e-04 2.202490323504501706e-04 2.201714895104518298e-04 2.201178755659767973e-04 
2.201202720462479691e-04 2.201753215547435239e-04 2.202548741892252358e-04 2.203711019554692625e-04 2.205436190621182105e-04 2.207924219586137032e-04 2.211557523203325562e-04 2.216859188732014073e-04 2.224596687950338315e-04 2.235891452379239858e-04 2.252382572135398016e-04 2.276466557362360576e-04 2.311648624964027872e-04 2.363057665855362009e-04 2.438201600835204481e-04 2.548076037904561247e-04 2.708792582404809940e-04 2.943972115184973317e-04 3.288265046369982575e-04 3.792535154586629720e-04 4.531477516954745188e-04 5.614965989126968673e-04 7.205368434780272521e-04 9.537497903558251038e-04 1.295920051010543981e-03 1.801791001333255624e-03 2.551376909335975607e-03 3.621366302068962720e-03 5.192137196622067900e-03 7.615417387312639619e-03 1.089239009626940397e-02 1.667511534519340935e-02 2.370412313488590508e-02 3.531142973534880103e-02 5.352555505052526696e-02 7.338819338431801231e-02 1.118509146904636681e-01 1.885722044874385550e-01 2.363241533578871179e-01 3.533404083819169927e-01 5.532053598777897374e-01 7.937917116162827025e-01 1.184812338851325419e+00 1.754000197701641284e+00 2.495246840696208057e+00 3.642351858314697211e+00 5.597291349250400394e+00 8.616314328582054927e+00 1.264190756808457650e+01 1.737275464167560557e+01 2.011480642865320334e+01 2.612098405205707152e+01 3.253531269414340699e+01 3.897241137436591174e+01 4.501507025336798762e+01 5.020514156177551257e+01 5.404149878583651656e+01 5.602658526091486380e+01 5.577603242016676433e+01 5.315874351938651188e+01 4.839875294781932524e+01 4.207264316953343553e+01 3.498166321213302155e+01 2.794193015658661849e+01 2.158090480230514530e+01 1.622564363128040554e+01 1.191891525372572502e+01 8.532683834041385751e+00 5.904118695207259293e+00 3.921353429982312289e+00 3.153883041100039808e+00 2.052644062022455529e+00 1.399560522217285330e+00 1.156654250143684060e+00 1.121475030516421612e+00 1.015195088139721147e+00 7.316268894794707434e-01 4.586562846613272404e-01 3.620343863026057041e-01 2.752858902411743913e-01 1.178917576942367790e-01 1.169357563317218740e-01 1.308696814317893697e-01 4.867407934168874184e-02 4.719753588990895782e-02 3.317483353042516292e-02 2.344397629483867262e-02 1.644676757510463161e-02 1.171397136491797095e-02 7.507843468905936804e-03 5.726082423542828807e-03 4.085969889917415859e-03 2.865083832621305709e-03 2.089795203360683522e-03 1.520501230389595046e-03 1.116852364391505894e-03 8.412904613393332350e-04 6.501665903345352519e-04 5.175026576852674457e-04 4.256345504187152018e-04 3.620499599093059346e-04 3.180706501700490880e-04 2.876727733038611512e-04 2.666753727413362406e-04 2.521795600869817296e-04 2.421772893385347892e-04 2.352787789751476844e-04 2.305228853662270958e-04 2.272453570523793589e-04 2.249874091227817741e-04 2.234323439488891433e-04 2.223616555092719656e-04 2.216246531785854017e-04 2.211174568536597516e-04 2.207684839966645622e-04 2.205285031511069875e-04 2.203625429126283082e-04 2.202493132280345452e-04 2.201716710264364730e-04 2.201179882110248717e-04 
2.201202150635162035e-04 2.201752310937933512e-04 2.202547385202082266e-04 2.203708858997106379e-04 2.205432381217628870e-04 2.207918264733490620e-04 2.211548001778746613e-04 2.216843965015204056e-04 2.224572348603833807e-04 2.235852542256492616e-04 2.252320374027137534e-04 2.276367143407142125e-04 2.311489745773908787e-04 2.362803785509078047e-04 2.437795975285128190e-04 2.547428081229814235e-04 2.707757726501272100e-04 2.942319722262891628e-04 3.285627300643760487e-04 3.788325793463569744e-04 4.524763075027654884e-04 5.604259875339591499e-04 7.188323094776531176e-04 9.510351295572083089e-04 1.291559467915775203e-03 1.795190770443824734e-03 2.540476896005617637e-03 3.602958413349127784e-03 5.165021910684940327e-03 7.577407959611070706e-03 1.080518788799110508e-02 1.656113355914839991e-02 2.350516238130183691e-02 3.512237908664631036e-02 5.311327301756813696e-02 7.258415784895166922e-02 1.111932712201701423e-01 1.868682374688549752e-01 2.326994891181551894e-01 3.540232332293479223e-01 5.493624536770199684e-01 7.880041912364792456e-01 1.190650650280077105e+00 1.758695137473188508e+00 2.485010126280782661e+00 3.659378472913084490e+00 5.747487715349121729e+00 9.033701052820676480e+00 1.345873997625727192e+01 1.871381552457012276e+01 2.179351445217128003e+01 2.865430968844167126e+01 3.620985417171485210e+01 4.410444327162816336e+01 5.187742938208418764e+01 5.891782036428747915e+01 6.446152785510153649e+01 6.768773643900465231e+01 6.792062284063037225e+01 6.487150030602145989e+01 5.880908182835788978e+01 5.055773847608467264e+01 4.129696565486848669e+01 3.223255399162803769e+01 2.427603998734865698e+01 1.786463838199179577e+01 1.298068860608976749e+01 9.329746716072850887e+00 6.566342150551854218e+00 4.452489014729198225e+00 3.604928562795780334e+00 2.326266607398039366e+00 1.494463926094265149e+00 1.138252774915745835e+00 1.093615593246536344e+00 1.042167463927766269e+00 7.880776156216370287e-01 4.858866961716301058e-01 3.634577581794130041e-01 2.887596490918240000e-01 1.279940526942224266e-01 1.112335155127048558e-01 1.348276382795194905e-01 5.122798331825598878e-02 4.727407914067145028e-02 3.355305241658216447e-02 2.399085686416041821e-02 1.655159646517763428e-02 1.180345808303097030e-02 7.580479359978219318e-03 5.794082107799603323e-03 4.118038891230886046e-03 2.884344450619449798e-03 2.101516443705310228e-03 1.527724831935671230e-03 1.121391244958276547e-03 8.441485761946607462e-04 6.519540504491819948e-04 5.186198794529596782e-04 4.263325910654375576e-04 3.624859683224059383e-04 3.183429964776395482e-04 2.878428897299336762e-04 2.667816330205041849e-04 2.522459344317337670e-04 2.422187501017884531e-04 2.353046780656398596e-04 2.305390640637392950e-04 2.272554638946075608e-04 2.249937230695403241e-04 2.234362885227976199e-04 2.223641199195714932e-04 2.216261928904140045e-04 2.211184188623963661e-04 2.207690850851797601e-04 2.205288784607609479e-04 2.203627575223371913e-04 2.202494555475670876e-04 2.201717629279285047e-04 2.201180453726663130e-04 
2.201201011299287855e-04 2.201750501325554677e-04 2.202544667127355926e-04 2.203704548797015116e-04 2.205424767545941943e-04 2.207906349978043168e-04 2.211528949926592884e-04 2.216813501513087935e-04 2.224523641195676855e-04 2.235774670626651864e-04 2.252195885729630720e-04 2.276168150237246814e-04 2.311171690323971591e-04 2.362295489903295598e-04 2.436983759289414425e-04 2.546130424101526973e-04 2.705684857144410004e-04 2.939009205935771063e-04 3.280341393768012757e-04 3.779888057181917099e-04 4.511299463360569180e-04 5.582783853310045686e-04 7.154108181990659907e-04 9.455833781351554064e-04 1.282806598462684191e-03 1.781879914784774291e-03 2.518484201386522563e-03 3.566109915340967117e-03 5.111177523797466073e-03 7.503248757610592005e-03 1.063248707330821143e-02 1.632585391327991478e-02 2.309644971088292351e-02 3.472868419521680378e-02 5.227025730122267233e-02 7.094838387651775102e-02 1.098735293214318925e-01 1.830093115661411418e-01 2.250477756082451264e-01 3.550859644011877814e-01 5.401608798365826747e-01 7.743042688379896399e-01 1.194458035061626955e+00 1.747035828513102240e+00 2.430570202552438275e+00 3.642799921300481802e+00 5.953881023025009434e+00 9.689631126988329513e+00 1.480930894330616177e+01 2.104810976803226197e+01 2.481018310574097541e+01 3.355359399301701018e+01 4.389136507937246989e+01 5.563524629738101623e+01 6.826196237936569844e+01 8.075206616687522398e+01 9.157848332079183251e+01 9.894362600140334507e+01 1.012486034975540576e+02 9.763955436071351812e+01 8.839562189155893179e+01 7.495886989734400174e+01 5.955401284446576682e+01 4.453418800716447379e+01 3.171829138035208118e+01 2.198479070856696183e+01 1.525687418574510801e+01 1.082610615327221026e+01 7.817117700122852675e+00 5.565275423518319720e+00 4.614957643694875600e+00 3.042036785253890763e+00 1.830196728943064066e+00 1.162470693182865444e+00 1.017826046994621647e+00 1.056007202858175509e+00 8.931378873071097457e-01 5.559262977177251708e-01 3.695902617293597703e-01 3.094550992795145894e-01 1.516800863054596493e-01 1.020681862567882070e-01 1.401700565700534917e-01 5.717393800945994725e-02 4.740881089972649731e-02 3.435562335270163359e-02 2.503528243694997518e-02 1.676756506821417206e-02 1.199028656071285913e-02 7.736926631953235274e-03 5.928872387463258488e-03 4.181579218865644730e-03 2.923093980437423828e-03 2.125012069014429929e-03 1.542129064125361427e-03 1.130466948478329190e-03 8.498640353155948292e-04 6.555282608048832805e-04 5.208534226338595993e-04 4.277280184111240200e-04 3.633575508831134019e-04 3.188874062413969788e-04 2.881829426376654067e-04 2.669940413027767898e-04 2.523786140956150591e-04 2.423016296852049077e-04 2.353564509991487672e-04 2.305714063770287060e-04 2.272756686266650024e-04 2.250063456770023832e-04 2.234441745633071387e-04 2.223690469205531750e-04 2.216292712519962217e-04 2.211203422617126480e-04 2.207702869043285711e-04 2.205296294016875227e-04 2.203631865515581409e-04 2.202497398346548547e-04 2.201719462679211335e-04 2.201181597260461599e-04 
2.201199872453923814e-04 2.201748689465494091e-04 2.202541943210063844e-04 2.203700251055334351e-04 2.205417160712702196e-04 2.207894428578400701e-04 2.211509886239514295e-04 2.216783016913035319e-04 2.224474896132024591e-04 2.235696731704792800e-04 2.252071277016603904e-04 2.275968941282728532e-04 2.310853247602921864e-04 2.361786498146304638e-04 2.436170289786699500e-04 2.544830505793350007e-04 2.703607901270067165e-04 2.935691287940701160e-04 3.275042067679326914e-04 3.771425860269427000e-04 4.497791316302474779e-04 5.561226579832902889e-04 7.119734998916464911e-04 9.401027514896286149e-04 1.274015411897889581e-03 1.768424351233728511e-03 2.496263564880166382e-03 3.529235557782677609e-03 5.057829722265052251e-03 7.431073706415942080e-03 1.046249170982921015e-02 1.608193615230867762e-02 2.267610814368769059e-02 3.431322983515818631e-02 5.140253679051646346e-02 6.928350300819996477e-02 1.085526787098555074e-01 1.786669283361155547e-01 2.168519413191067891e-01 3.555329076192177418e-01 5.297087030843169453e-01 7.584469610001887130e-01 1.187295920002503502e+00 1.710409864379770051e+00 2.342693355524718246e+00 3.572115331446386932e+00 6.025789580546254243e+00 1.004396331067097670e+01 1.564277496543946100e+01 2.270148159262140553e+01 2.712176265703269706e+01 3.794769589698170620e+01 5.178949687747284969e+01 6.881580137614700732e+01 8.850428318024594887e+01 1.092929045085364237e+02 1.285398987063109075e+02 1.429550839419884483e+02 1.494578751297896986e+02 1.461824520747927068e+02 1.332188001129335362e+02 1.127401043662094509e+02 8.841247314004876046e+01 6.429820338126557999e+01 4.368907647152955320e+01 2.832488470647742318e+01 1.825740362973334285e+01 1.231724555131675380e+01 8.888038008754319819e+00 6.609630714619867398e+00 5.644562983066534478e+00 3.916861837743801367e+00 2.364550852637900658e+00 1.311538013480401554e+00 9.521615900854411008e-01 1.021563677866913489e+00 9.738893889406352589e-01 6.403083795282451529e-01 3.848084206089745773e-01 3.229974243643310428e-01 1.772592207963262501e-01 9.689298734574106065e-02 1.425766401700910291e-01 6.369163786939029126e-02 4.768295291841766897e-02 3.520597452374605446e-02 2.600384097612636752e-02 1.699781746080680778e-02 1.219017234525249585e-02 7.904864847595827887e-03 6.060794640790549519e-03 4.243970384293050194e-03 2.962016079541139341e-03 2.148564103587559480e-03 1.556493841540094927e-03 1.139538196361295766e-03 8.555774190870741236e-04 6.591010044923733147e-04 5.230854423584073475e-04 4.291224042961972580e-04 3.642284687084817183e-04 3.194313943381980121e-04 2.885227325673164734e-04 2.672062879408654626e-04 2.525111955300787499e-04 2.423844501331814364e-04 2.354081886048926017e-04 2.306037277187061375e-04 2.272958609751282396e-04 2.250189610047087323e-04 2.234520563406901575e-04 2.223739714331644530e-04 2.216323481652427113e-04 2.211222648201160057e-04 2.207714882376764752e-04 2.205303807850485709e-04 2.203636152997461082e-04 2.202500236911574753e-04 2.201721289916783739e-04 2.201182741369119239e-04 
2.201198734061470864e-04 2.201746873539517065e-04 2.202539213920589028e-04 2.203695963434134969e-04 2.205409560679878257e-04 2.207882500641535756e-04 2.211490810920236868e-04 2.216752511606738909e-04 2.224426114169770206e-04 2.235618726953478405e-04 2.251946550715038084e-04 2.275769522008484747e-04 2.310534428177055707e-04 2.361276830672724876e-04 2.435355606306583169e-04 2.543528402740396458e-04 2.701527006746496599e-04 2.932366254903652275e-04 3.269729878042922197e-04 3.762940278097051672e-04 4.484240730991359580e-04 5.539592515001721690e-04 7.085212285336652330e-04 9.345946034055043448e-04 1.265190298729067329e-03 1.754829615922765982e-03 2.473846863457607962e-03 3.492342008472415753e-03 5.004931470736398436e-03 7.360187789572369965e-03 1.029531059767685615e-02 1.583055643061956688e-02 2.224744749073009550e-02 3.387748628134670814e-02 5.050404828024035453e-02 6.760391057137249415e-02 1.072228037655814092e-01 1.740004834752844065e-01 2.081152243512927602e-01 3.550253238038544867e-01 5.187654664006108307e-01 7.414079882720292503e-01 1.169525207954593915e+00 1.653195987516249410e+00 2.235293070482760491e+00 3.466923657878857590e+00 5.970944632278190056e+00 1.006603829175033837e+01 1.586414635671123818e+01 2.349837830613104472e+01 2.850725626166605764e+01 4.152892635050108794e+01 5.954280751392345650e+01 8.330582612586415792e+01 1.124058883412113232e+02 1.446413392525518304e+02 1.759170699090368544e+02 2.009097002112473263e+02 2.144297924886772932e+02 2.130475731212032997e+02 1.963435835619445982e+02 1.672301833219937350e+02 1.311519542248368282e+02 9.444927722885186938e+01 6.252628402362122984e+01 3.852477521145801376e+01 2.294570465359305800e+01 1.422026743823297323e+01 9.838142309397456486e+00 7.475432479116298268e+00 6.557012265412851093e+00 4.835589123779954868e+00 3.055620246249227456e+00 1.610775803191731637e+00 9.415709319651255349e-01 9.583932645257522420e-01 1.020468287135943397e+00 7.280590679008740462e-01 4.117732252867519205e-01 3.323326112419751066e-01 2.019992361187938623e-01 9.602166649918919550e-02 1.429494258401398377e-01 7.017791297718783960e-02 4.822814727754810155e-02 3.609856681204110657e-02 2.688973215090815355e-02 1.724742170488163806e-02 1.240489640135779281e-02 8.080382231160233852e-03 6.188564524889090222e-03 4.304906247340442235e-03 3.000978267339839568e-03 2.172152478709617630e-03 1.570836494914596001e-03 1.148602686080586526e-03 8.612874580430720812e-04 6.626716117213528106e-04 5.253155478713509826e-04 4.305155468695426183e-04 3.650986196754770082e-04 3.199749073405683437e-04 2.888622318678724771e-04 2.674183585927250193e-04 2.526436712945612120e-04 2.424672075893735419e-04 2.354598888841897880e-04 2.306360270529736500e-04 2.273160404032239558e-04 2.250315687744976819e-04 2.234599337108025667e-04 2.223788933827126879e-04 2.216354235914520907e-04 2.211241865175521686e-04 2.207726890748616167e-04 2.205311326274357196e-04 2.203640437417338606e-04 2.202503071187802909e-04 2.201723111936705558e-04 2.201183886131825092e-04 
2.201197595956431237e-04 2.201745052312612699e-04 2.202536479515459676e-04 2.203691683798185419e-04 2.205401967381791597e-04 2.207870566274016733e-04 2.211471724171310167e-04 2.216721985985450406e-04 2.224377296064842765e-04 2.235540657833480830e-04 2.251821709647728968e-04 2.275569897869989585e-04 2.310215242591712680e-04 2.360766507869782561e-04 2.434539748276033796e-04 2.542224191191736317e-04 2.699442321114587859e-04 2.929034393161222285e-04 3.264405374122295164e-04 3.754432393173900051e-04 4.470649785607980946e-04 5.517885937796092452e-04 7.050548563429872868e-04 9.290604244782608078e-04 1.256335230741388804e-03 1.741103955576282737e-03 2.451262072157688304e-03 3.455421269949935856e-03 4.952413526898727034e-03 7.289816439927023807e-03 1.013062053510191060e-02 1.557274809271684199e-02 2.181352291755152620e-02 3.342572888036197259e-02 4.956386898137560282e-02 6.592692707069444658e-02 1.058630339352937821e-01 1.691788188879708443e-01 1.988773490308363701e-01 3.531612959708105293e-01 5.077810341819316564e-01 7.243117739829889601e-01 1.142634901981647966e+00 1.579453548878217983e+00 2.118455817133314323e+00 3.346306361835834409e+00 5.817435255195801069e+00 9.784253161306915914e+00 1.547859510998679156e+01 2.338159532967468834e+01 2.885520399153859117e+01 4.401859869179853035e+01 6.662008108126940442e+01 9.825076485779712243e+01 1.387661322559264079e+02 1.853073863068984792e+02 2.320819407774726244e+02 2.712738090852116102e+02 2.949939807628631456e+02 2.976663295828120113e+02 2.779425946806075558e+02 2.393370022425341688e+02 1.892588022542591943e+02 1.367840741186759033e+02 9.002974539985086722e+01 5.412166669553283782e+01 3.043333597805344226e+01 1.718461080895863446e+01 1.092749958969864110e+01 8.168807609546320236e+00 7.286593569965206463e+00 5.681940431687084292e+00 3.821797272264496836e+00 2.047464537499432247e+00 1.018678457370883361e+00 8.953152471121300637e-01 1.033196016843299647e+00 8.078287289710318619e-01 4.493443959526244313e-01 3.409627416699438363e-01 2.242611323402410040e-01 9.896017803157057535e-02 1.422890003178738372e-01 7.618148981974497136e-02 4.909160156565583327e-02 3.703968204072387305e-02 2.769091273644822687e-02 1.751975286477303745e-02 1.263470392899023256e-02 8.260035655122862849e-03 6.311159185188699658e-03 4.364226679679714983e-03 3.039880440948776637e-03 2.195754921081935398e-03 1.585168599889111339e-03 1.157658067650828510e-03 8.669929096097873629e-04 6.662393647737366092e-04 5.275433480592351884e-04 4.319072462847332048e-04 3.659679021278819736e-04 3.205178919006433820e-04 2.892014128886665598e-04 2.676302388983753497e-04 2.527760339409138479e-04 2.425498981943066353e-04 2.355115498367811285e-04 2.306683033432582622e-04 2.273362063737932647e-04 2.250441687080277815e-04 2.234678065294140625e-04 2.223838126944663177e-04 2.216384974919005614e-04 2.211261073339594661e-04 2.207738894055066359e-04 2.205318849457171490e-04 2.203644718621624275e-04 2.202505900642013714e-04 2.201724930547848313e-04 2.201185031472303909e-04 
2.201196457869069526e-04 2.201743225370937770e-04 2.202533739891545392e-04 2.203687410214590124e-04 2.205394380729036466e-04 2.207858625582243711e-04 2.211452626195088060e-04 2.216691440440089473e-04 2.224328442572405344e-04 2.235462525803649390e-04 2.251696756633367205e-04 2.275370074313937574e-04 2.309895701372474111e-04 2.360255550080089023e-04 2.433722755026416964e-04 2.540917947229134714e-04 2.697353991607088857e-04 2.925695988344126234e-04 3.259069100743950146e-04 3.745903291341291883e-04 4.457020553147246662e-04 5.496110929718267231e-04 7.015752138425723023e-04 9.235018479406687094e-04 1.247453763512063399e-03 1.727258043679923789e-03 2.428532710924368159e-03 3.418452945591126009e-03 4.900191197208267867e-03 7.219132576262474003e-03 9.967740869173605592e-03 1.530945760034272893e-02 2.137704289981124176e-02 3.296411273518946167e-02 4.856950994183889536e-02 6.426849842018962644e-02 1.044445000936694845e-01 1.643660232065670967e-01 1.892294819043661702e-01 3.495469824044429297e-01 4.967977031491085937e-01 7.082414084859535164e-01 1.109273609248501158e+00 1.492655019159044194e+00 1.996257649604201267e+00 3.223389500461681045e+00 5.605601290141862592e+00 9.277944731397626654e+00 1.458636020963750290e+01 2.241112446224464705e+01 2.816369699410040184e+01 4.516302120393083186e+01 7.229472728331930398e+01 1.122038925991109721e+02 1.652085799939017079e+02 2.278893357434805580e+02 2.926896503112865844e+02 3.490432520474901139e+02 3.859396997075976969e+02 3.951548391144297057e+02 3.739523077773841919e+02 3.261548156154294134e+02 2.610925551137174239e+02 1.907971272455181406e+02 1.265192276901290569e+02 7.587283301604101382e+01 4.155763329975504661e+01 2.188037437652494788e+01 1.255265414152086123e+01 8.829058719215176154e+00 7.875048603555985238e+00 6.383356787421400114e+00 4.569964759440891200e+00 2.575171982711325303e+00 1.193732605104161015e+00 8.613509024650025658e-01 1.022016172263565448e+00 8.713392040712388820e-01 4.933542083770278697e-01 3.517217986240813166e-01 2.435729005416496507e-01 1.047702960947578810e-01 1.414673068331654959e-01 8.144703002142332504e-02 5.024778298800244153e-02 3.804154000684610570e-02 2.840960231691088897e-02 1.781686238013628285e-02 1.287846258520514327e-02 8.441029441203918085e-03 6.427825033368808443e-03 4.421916513635381317e-03 3.078652327531378619e-03 2.219347968410229164e-03 1.599495797901351367e-03 1.166702274569448921e-03 8.726925831239139546e-04 6.698035034494719550e-04 5.297684550583773872e-04 4.332973050179936324e-04 3.668362143390385926e-04 3.210602947916766574e-04 2.895402479524595857e-04 2.678419144748702850e-04 2.529082760130078444e-04 2.426325180849578595e-04 2.355631694607667023e-04 2.307005555521869601e-04 2.273563583493003572e-04 2.250567605267592532e-04 2.234756746522050842e-04 2.223887292936451809e-04 2.216415698278460019e-04 2.211280272492630278e-04 2.207750892192226263e-04 2.205326377569993737e-04 2.203648996565268675e-04 2.202508724270282035e-04 2.201726748059845066e-04 2.201186177172943846e-04 
2.201195319465860207e-04 2.201741393216206835e-04 2.202530994530162774e-04 2.203683140950588016e-04 2.205386800612106006e-04 2.207846678672317525e-04 2.211433517193765578e-04 2.216660875361204438e-04 2.224279554446814374e-04 2.235384332321166444e-04 2.251571694486938452e-04 2.275170056778562670e-04 2.309575815026952304e-04 2.359743977606404116e-04 2.432904665797562592e-04 2.539609746767008546e-04 2.695262165100214668e-04 2.922351324922395745e-04 3.253721601139513277e-04 3.737354055217993395e-04 4.443355110915907279e-04 5.474271405559318722e-04 6.980831217000165508e-04 9.179206546293040185e-04 1.238549045747671306e-03 1.713304583648379972e-03 2.405677416140202755e-03 3.381406969137033206e-03 4.848169200738601352e-03 7.147271299543278382e-03 9.805739098693231487e-03 1.504159364345458542e-02 2.094048663273758923e-02 3.249910963943530851e-02 4.751096225626789266e-02 6.263867267051161092e-02 1.029354619290697020e-01 1.597094624783447214e-01 1.793111768444650977e-01 3.438928624473082118e-01 4.854354369120790769e-01 6.939036607391116940e-01 1.073107321200208686e+00 1.396398718596742361e+00 1.867062166706308979e+00 3.101144891886908006e+00 5.374844410381373727e+00 8.654464521144953792e+00 1.335571577358465589e+01 2.074436692621705447e+01 2.653039417251873999e+01 4.475831374924489836e+01 7.572442358817177421e+01 1.232735775176144983e+02 1.883928877389520267e+02 2.673251419579315780e+02 3.509214242306822484e+02 4.259135597396469279e+02 4.780466099613466895e+02 4.961535136484632744e+02 4.757005478002994323e+02 4.203984935686475524e+02 3.411839221725273319e+02 2.529253009632744238e+02 1.701144802623867349e+02 1.031461260755036164e+02 5.642794093023778856e+01 2.870994832892750637e+01 1.510201711576610073e+01 9.686694533899977699e+00 8.463436851271305628e+00 6.938464821961026985e+00 5.226828943080603196e+00 3.129278854637625784e+00 1.452430052257792203e+00 8.771875192516959130e-01 1.002882516530617885e+00 9.154750927052003329e-01 5.382575384107225469e-01 3.660152805273012011e-01 2.603312190893645739e-01 1.124380824966135645e-01 1.410994760538114567e-01 8.590161216682359879e-02 5.162568496834438192e-02 3.911421979715971192e-02 2.905229642598434331e-02 1.813955583600648791e-02 1.313401457555589576e-02 8.621273137924639202e-03 6.538088571294617575e-03 4.478086719080849598e-03 3.117247245300639250e-03 2.242908455543410340e-03 1.613818465253582775e-03 1.175733784259830458e-03 8.783853217914355934e-04 6.733632277228688385e-04 5.319904865085432841e-04 4.346855281346933978e-04 3.677034540574635976e-04 3.216020628773677429e-04 2.898787093259266954e-04 2.680533709151923082e-04 2.530403900469351832e-04 2.427150633945015991e-04 2.356147457525784082e-04 2.307327826415458765e-04 2.273764957917876156e-04 2.250693439519628003e-04 2.234835379347529095e-04 2.223936431054273743e-04 2.216446405605207849e-04 2.211299462433795532e-04 2.207762885056028732e-04 2.205333910785689403e-04 2.203653271322086459e-04 2.202511540788811668e-04 2.201728566835889009e-04 2.201187322911095010e-04 
2.201194180400809701e-04 2.201739557194926891e-04 2.202528242546021716e-04 2.203678874469829107e-04 2.205379226904741891e-04 2.207834725650078265e-04 2.211414397369377833e-04 2.216630291138946263e-04 2.224230632441641050e-04 2.235306078841573136e-04 2.251446526019732592e-04 2.274969850694452493e-04 2.309255594045459220e-04 2.359231810714783383e-04 2.432085519744875944e-04 2.538299665538779081e-04 2.693166988034077932e-04 2.919000685956622387e-04 3.248363419510234915e-04 3.728785758120726004e-04 4.429655539865967476e-04 5.452371171747621460e-04 6.945794097851709301e-04 9.123187667542762436e-04 1.229623812957558911e-03 1.699257752727042830e-03 2.382709771888115707e-03 3.344247266671681543e-03 4.796242711408200618e-03 7.073338152887425137e-03 9.643557378797124394e-03 1.477007011726351980e-02 2.050636853021859177e-02 3.203560565082997497e-02 4.638468579680236209e-02 6.103834809861127114e-02 1.013041089974935222e-01 1.553347580058423161e-01 1.692864794831107078e-01 3.361069369868544543e-01 4.730025432905414218e-01 6.812374737374322642e-01 1.038324832917399965e+00 1.295586428834692549e+00 1.726258299684111375e+00 2.971316020861129115e+00 5.150266214908954865e+00 8.019311568387196942e+00 1.198364861606349763e+01 1.860761718599503212e+01 2.414213350749570353e+01 4.271292476699403551e+01 7.614630686160155904e+01 1.295136014957230657e+02 2.046486676393805055e+02 2.977861412490854036e+02 3.986088750396958744e+02 4.915567595649739587e+02 5.593972698301220134e+02 5.880418341849725721e+02 5.709022228245599990e+02 5.110979154875763584e+02 4.206015913272383386e+02 3.166188659299678534e+02 2.165875016887624440e+02 1.336521045835442862e+02 7.413221266858620595e+01 3.755921392042520779e+01 1.878742830534792674e+01 1.097839195461561879e+01 9.242368304360208953e+00 7.416769019296482135e+00 5.761468205580642099e+00 3.647391489491464078e+00 1.761786777672568194e+00 9.500463512047362391e-01 9.926303559323381709e-01 9.424823392227765773e-01 5.789714704522080924e-01 3.836858540991145983e-01 2.753207512833134030e-01 1.211375848844930825e-01 1.415187494622083264e-01 8.960430969448625327e-02 5.313991822289507172e-02 4.025887176346931717e-02 2.962960440807523715e-02 1.848732498659385812e-02 1.339863971412770527e-02 8.799346513686925886e-03 6.641765722777887883e-03 4.532940790970644944e-03 3.155635486161363721e-03 2.266415415354013693e-03 1.628132772456596534e-03 1.184751695366334989e-03 8.840699400000785572e-04 6.769176971359133115e-04 5.342090655907220974e-04 4.360717231410507900e-04 3.685695183170438678e-04 3.221431429893780916e-04 2.902167692004880141e-04 2.682645937915555221e-04 2.531723685716367740e-04 2.427975302521008538e-04 2.356662767067227915e-04 2.307649835721997623e-04 2.273966181628614641e-04 2.250819187046931261e-04 2.234913962325417100e-04 2.223985540549388445e-04 2.216477096511352196e-04 2.211318642962116206e-04 2.207774872542262422e-04 2.205341449278152590e-04 2.203657543094730191e-04 2.202514348889221313e-04 2.201730388847944399e-04 2.201188468311265391e-04 
2.201193040369924794e-04 2.201737719270427070e-04 2.202525482833035968e-04 2.203674609427416981e-04 2.205371659466954647e-04 2.207822766621119360e-04 2.211395266923790802e-04 2.216599688163199472e-04 2.224181677309764577e-04 2.235227766818769402e-04 2.251321254039845179e-04 2.274769461484867084e-04 2.308935048902832003e-04 2.358719069637259290e-04 2.431265355944854049e-04 2.536987779086588308e-04 2.691068606360955064e-04 2.915644353182137837e-04 3.242995102292725216e-04 3.720199461077852861e-04 4.415923913323394545e-04 5.430413985613661686e-04 6.910649354043732311e-04 9.066982174267897328e-04 1.220680350125544255e-03 1.685132499114568028e-03 2.359638666423378994e-03 3.306936371109383144e-03 4.744293302997665274e-03 6.996420240840965817e-03 9.480143862230375543e-03 1.449585797953041079e-02 2.007753096437176268e-02 3.157508801289041905e-02 4.519656272683918868e-02 5.945884166343462507e-02 9.951682708244177777e-02 1.513504204396085850e-01 1.593054151832303533e-01 3.263457416618240625e-01 4.587434924852952234e-01 6.691275932163802675e-01 1.008712787367776365e+00 1.197251894653937443e+00 1.570519049141834822e+00 2.817552098324989540e+00 4.934366466277315233e+00 7.448749279123183520e+00 1.065459555666505587e+01 1.626391992676755294e+01 2.126321752200916038e+01 3.912637317359569522e+01 7.313366279240969448e+01 1.294600074328210155e+02 2.108883259338944640e+02 3.140286899630924609e+02 4.280293926890007015e+02 5.357930389206784412e+02 6.177873179042992433e+02 6.573996823855226239e+02 6.459697774279825353e+02 5.855809407768722394e+02 4.884905032574761776e+02 3.733956835789893489e+02 2.599695711446677819e+02 1.636977699628594962e+02 9.275824655715697986e+01 4.770321148073387718e+01 2.352436197884124525e+01 1.285464292864686797e+01 1.038190099047781345e+01 7.932216638049223612e+00 6.191540659114140865e+00 4.087129725216591680e+00 2.081345009907780597e+00 1.073330131250218811e+00 1.004209369428220366e+00 9.584691905000628509e-01 6.122628478118526951e-01 4.034195238709925024e-01 2.892570395625408408e-01 1.303436903760729626e-01 1.428267932810854124e-01 9.268378857133297011e-02 5.471603225951552490e-02 4.146448934157893201e-02 3.015542143665319794e-02 1.885833211357202874e-02 1.366951136285640689e-02 8.974414722275801670e-03 6.738960292451834019e-03 4.586733476039582709e-03 3.193799742457686247e-03 2.289851848081308171e-03 1.642431709961658225e-03 1.193755595815005309e-03 8.897451374918389317e-04 6.804660302747536377e-04 5.364238191017262894e-04 4.374556991092071623e-04 3.694343035501582899e-04 3.226834817516121136e-04 2.905543996926358646e-04 2.684755686611129430e-04 2.533042041093329908e-04 2.428799147827313798e-04 2.357177603157448588e-04 2.307971573040618453e-04 2.274167249236749952e-04 2.250944845057847323e-04 2.234992494009452584e-04 2.224034620672542826e-04 2.216507770608751120e-04 2.211337813876541371e-04 2.207786854546541432e-04 2.205348993221287971e-04 2.203661812224250573e-04 2.202517147498784535e-04 2.201732215317042706e-04 2.201189613004587455e-04 
2.201191899160311006e-04 2.201735881674955504e-04 2.202522714276819980e-04 2.203670344664000703e-04 2.205364098147792704e-04 2.207810801690810896e-04 2.211376126058763394e-04 2.216569066823480499e-04 2.224132689803357259e-04 2.235149397705303445e-04 2.251195881352097204e-04 2.274568894566238988e-04 2.308614190059004353e-04 2.358205774574892444e-04 2.430444213404610418e-04 2.535674162763927575e-04 2.688967165556629718e-04 2.912282607342629942e-04 3.237617197743581634e-04 3.711596213841320034e-04 4.402162280200287497e-04 5.408403594507346993e-04 6.875405927569483910e-04 9.010610887721997534e-04 1.211720432248017225e-03 1.670943776739986604e-03 2.336469414264873146e-03 3.269440394671858322e-03 4.692180349283151669e-03 6.915609463310605672e-03 9.314571675342678270e-03 1.422006408171050569e-02 1.965732691863592008e-02 3.111438363615899247e-02 4.396289460222605611e-02 5.788540977966521311e-02 9.753105614831716896e-02 1.478605165724428960e-01 1.494674348404363973e-01 3.149858768056330582e-01 4.421798551202691940e-01 6.554113737537905493e-01 9.864432831488265663e-01 1.110290828700379873e+00 1.401984627798268823e+00 2.622308009511872484e+00 4.707221985951800747e+00 6.972704600904728878e+00 9.505384180188000798e+00 1.397688262729399788e+01 1.821225961500897483e+01 3.433976672126930652e+01 6.681135131603903687e+01 1.226282500700841496e+02 2.055087600649048056e+02 3.128004633609813823e+02 4.338632729011833362e+02 5.510671235545609079e+02 6.436035932712245540e+02 6.930963207316250418e+02 6.890806306590545773e+02 6.322888731336755654e+02 5.344503452838802104e+02 4.146747979277889158e+02 2.938208878099546268e+02 1.889524649494214827e+02 1.097691602539390203e+02 5.792417776902023263e+01 2.891456142268098262e+01 1.531782307069245874e+01 1.196940297178361767e+01 8.601997106502736301e+00 6.572207493125704403e+00 4.435458568918271283e+00 2.375432696219704987e+00 1.230600048260691359e+00 1.043777641150562596e+00 9.709589481623933649e-01 6.373092424566554337e-01 4.234380441783971993e-01 3.024996494247303436e-01 1.398100911094830867e-01 1.449780378098116107e-01 9.528428596528924766e-02 5.630487330570057430e-02 4.270886370249561692e-02 3.064531509695871819e-02 1.924958571442771105e-02 1.394404178006518856e-02 9.146133980123757196e-03 6.830043112506840701e-03 4.639730936152567688e-03 3.231733333025122324e-03 2.313205672070192936e-03 1.656705842040996027e-03 1.202745281382967346e-03 8.954094245328687168e-04 6.840073093074891660e-04 5.386343747927020481e-04 4.388372650637227881e-04 3.702977058813159729e-04 3.232230254142064705e-04 2.908915728617153030e-04 2.686862810704932370e-04 2.534358891752693183e-04 2.429622131068648870e-04 2.357691945699942431e-04 2.308293027960339554e-04 2.274368155348859563e-04 2.251070410758367947e-04 2.235070972952259800e-04 2.224083670673980995e-04 2.216538427509014673e-04 2.211356974975863703e-04 2.207798830964307203e-04 2.205356542787809495e-04 2.203666079199162269e-04 2.202519935987332946e-04 2.201734046502601795e-04 2.201190756686013602e-04 
2.201190756686013602e-04 2.201734046502601795e-04 2.202519935987332946e-04 2.203666079199162269e-04 2.205356542787809495e-04 2.207798830964307203e-04 2.211356974975863703e-04 2.216538427509014673e-04 2.224083670673980995e-04 2.235070972952259800e-04 2.251070410758367947e-04 2.274368155348859563e-04 2.308293027960339554e-04 2.357691945699942431e-04 2.429622131068648870e-04 2.534358891752693183e-04 2.686862810704932370e-04 2.908915728617153030e-04 3.232230254142064705e-04 3.702977058813159729e-04 4.388372650637227881e-04 5.386343747927020481e-04 6.840073093074890576e-04 8.954094245328687168e-04 1.202745281382967346e-03 1.656705842040996461e-03 2.313205672070192936e-03 3.231733333025122324e-03 4.639730936152567688e-03 6.830043112506838966e-03 9.146133980123758930e-03 1.394404178006518509e-02 1.924958571442771452e-02 3.064531509695872513e-02 4.270886370249561692e-02 5.630487330570058818e-02 9.528428596528924766e-02 1.449780378098116107e-01 1.398100911094830867e-01 3.024996494247303991e-01 4.234380441783971993e-01 6.373092424566553227e-01 9.709589481623931428e-01 1.043777641150562596e+00 1.230600048260690915e+00 2.375432696219703654e+00 4.435458568918268618e+00 6.572207493125704403e+00 8.601997106502729196e+00 1.196940297178360701e+01 1.531782307069244631e+01 2.891456142268099327e+01 5.792417776902025395e+01 1.097691602539390914e+02 1.889524649494215112e+02 2.938208878099547405e+02 4.146747979277891432e+02 5.344503452838802104e+02 6.322888731336754518e+02 6.890806306590540089e+02 6.930963207316248145e+02 6.436035932712247813e+02 5.510671235545609079e+02 4.338632729011831657e+02 3.128004633609812686e+02 2.055087600649048341e+02 1.226282500700840785e+02 6.681135131603899424e+01 3.433976672126924967e+01 1.821225961500897128e+01 1.397688262729399433e+01 9.505384180187999021e+00 6.972704600904730654e+00 4.707221985951800747e+00 2.622308009511873372e+00 1.401984627798269045e+00 1.110290828700380317e+00 9.864432831488265663e-01 6.554113737537905493e-01 4.421798551202691940e-01 3.149858768056330582e-01 1.494674348404364250e-01 1.478605165724428960e-01 9.753105614831718284e-02 5.788540977966520618e-02 4.396289460222605611e-02 3.111438363615898206e-02 1.965732691863592008e-02 1.422006408171050222e-02 9.314571675342678270e-03 6.915609463310604804e-03 4.692180349283151669e-03 3.269440394671858322e-03 2.336469414264873146e-03 1.670943776739986604e-03 1.211720432248017008e-03 9.010610887721996450e-04 6.875405927569483910e-04 5.408403594507346993e-04 4.402162280200287497e-04 3.711596213841320034e-04 3.237617197743581634e-04 2.912282607342629942e-04 2.688967165556629718e-04 2.535674162763927575e-04 2.430444213404610418e-04 2.358205774574892444e-04 2.308614190059004353e-04 2.274568894566238988e-04 2.251195881352097204e-04 2.235149397705303445e-04 2.224132689803357259e-04 2.216569066823480499e-04 2.211376126058763394e-04 2.207810801690810896e-04 2.205364098147792704e-04 2.203670344664000703e-04 2.202522714276819980e-04 2.201735881674955504e-04 2.201191899160311006e-04 
2.201189613004587455e-04 2.201732215317042706e-04 2.202517147498784535e-04 2.203661812224250573e-04 2.205348993221287971e-04 2.207786854546541432e-04 2.211337813876541371e-04 2.216507770608751120e-04 2.224034620672542826e-04 2.234992494009452584e-04 2.250944845057847323e-04 2.274167249236749952e-04 2.307971573040618453e-04 2.357177603157448588e-04 2.428799147827313798e-04 2.533042041093329908e-04 2.684755686611129430e-04 2.905543996926358646e-04 3.226834817516121136e-04 3.694343035501582899e-04 4.374556991092071623e-04 5.364238191017262894e-04 6.804660302747536377e-04 8.897451374918389317e-04 1.193755595815005309e-03 1.642431709961658225e-03 2.289851848081308171e-03 3.193799742457686247e-03 4.586733476039582709e-03 6.738960292451834019e-03 8.974414722275801670e-03 1.366951136285640689e-02 1.885833211357202874e-02 3.015542143665319794e-02 4.146448934157893201e-02 5.471603225951552490e-02 9.268378857133297011e-02 1.428267932810854124e-01 1.303436903760729626e-01 2.892570395625408408e-01 4.034195238709925024e-01 6.122628478118526951e-01 9.584691905000628509e-01 1.004209369428220366e+00 1.073330131250218811e+00 2.081345009907780597e+00 4.087129725216591680e+00 6.191540659114140865e+00 7.932216638049223612e+00 1.038190099047781345e+01 1.285464292864686797e+01 2.352436197884127012e+01 4.770321148073390560e+01 9.275824655715703670e+01 1.636977699628594962e+02 2.599695711446678388e+02 3.733956835789897468e+02 4.884905032574764618e+02 5.855809407768722394e+02 6.459697774279827627e+02 6.573996823855230787e+02 6.177873179042992433e+02 5.357930389206785549e+02 4.280293926890004741e+02 3.140286899630924609e+02 2.108883259338944640e+02 1.294600074328209018e+02 7.313366279240968026e+01 3.912637317359564548e+01 2.126321752200916038e+01 1.626391992676755294e+01 1.065459555666505587e+01 7.448749279123183520e+00 4.934366466277315233e+00 2.817552098324989540e+00 1.570519049141834822e+00 1.197251894653937443e+00 1.008712787367776365e+00 6.691275932163802675e-01 4.587434924852952234e-01 3.263457416618240625e-01 1.593054151832303533e-01 1.513504204396085850e-01 9.951682708244177777e-02 5.945884166343462507e-02 4.519656272683918868e-02 3.157508801289041905e-02 2.007753096437176268e-02 1.449585797953041079e-02 9.480143862230375543e-03 6.996420240840965817e-03 4.744293302997665274e-03 3.306936371109383144e-03 2.359638666423378994e-03 1.685132499114568028e-03 1.220680350125544255e-03 9.066982174267897328e-04 6.910649354043732311e-04 5.430413985613661686e-04 4.415923913323394545e-04 3.720199461077852861e-04 3.242995102292725216e-04 2.915644353182137837e-04 2.691068606360955064e-04 2.536987779086588308e-04 2.431265355944854049e-04 2.358719069637259290e-04 2.308935048902832003e-04 2.274769461484867084e-04 2.251321254039845179e-04 2.235227766818769402e-04 2.224181677309764577e-04 2.216599688163199472e-04 2.211395266923790802e-04 2.207822766621119360e-04 2.205371659466954647e-04 2.203674609427416981e-04 2.202525482833035968e-04 2.201737719270427070e-04 2.201193040369924794e-04 
2.201188468311265391e-04 2.201730388847944399e-04 2.202514348889221313e-04 2.203657543094730191e-04 2.205341449278152590e-04 2.207774872542262422e-04 2.211318642962116206e-04 2.216477096511352196e-04 2.223985540549388445e-04 2.234913962325417100e-04 2.250819187046931261e-04 2.273966181628614641e-04 2.307649835721997623e-04 2.356662767067227915e-04 2.427975302521008538e-04 2.531723685716368282e-04 2.682645937915555221e-04 2.902167692004880141e-04 3.221431429893780916e-04 3.685695183170438678e-04 4.360717231410507900e-04 5.342090655907220974e-04 6.769176971359133115e-04 8.840699400000785572e-04 1.184751695366334989e-03 1.628132772456596968e-03 2.266415415354014126e-03 3.155635486161364155e-03 4.532940790970644944e-03 6.641765722777887015e-03 8.799346513686925886e-03 1.339863971412770180e-02 1.848732498659385118e-02 2.962960440807523715e-02 4.025887176346931023e-02 5.313991822289507172e-02 8.960430969448625327e-02 1.415187494622083264e-01 1.211375848844930825e-01 2.753207512833134030e-01 3.836858540991145983e-01 5.789714704522080924e-01 9.424823392227765773e-01 9.926303559323383929e-01 9.500463512047360171e-01 1.761786777672567084e+00 3.647391489491462302e+00 5.761468205580642099e+00 7.416769019296483911e+00 9.242368304360207176e+00 1.097839195461562056e+01 1.878742830534794450e+01 3.755921392042524332e+01 7.413221266858620595e+01 1.336521045835442578e+02 2.165875016887625293e+02 3.166188659299680239e+02 4.206015913272383955e+02 5.110979154875762447e+02 5.709022228245599990e+02 5.880418341849729131e+02 5.593972698301216724e+02 4.915567595649738450e+02 3.986088750396957039e+02 2.977861412490853468e+02 2.046486676393804771e+02 1.295136014957229804e+02 7.614630686160150219e+01 4.271292476699402130e+01 2.414213350749571418e+01 1.860761718599503922e+01 1.198364861606349940e+01 8.019311568387200495e+00 5.150266214908951312e+00 2.971316020861127782e+00 1.726258299684111375e+00 1.295586428834692772e+00 1.038324832917400187e+00 6.812374737374322642e-01 4.730025432905414218e-01 3.361069369868543988e-01 1.692864794831107078e-01 1.553347580058423161e-01 1.013041089974935083e-01 6.103834809861127114e-02 4.638468579680236209e-02 3.203560565082997497e-02 2.050636853021859177e-02 1.477007011726351980e-02 9.643557378797124394e-03 7.073338152887425137e-03 4.796242711408200618e-03 3.344247266671681543e-03 2.382709771888116574e-03 1.699257752727043264e-03 1.229623812957558911e-03 9.123187667542762436e-04 6.945794097851710385e-04 5.452371171747621460e-04 4.429655539865967476e-04 3.728785758120725462e-04 3.248363419510234915e-04 2.919000685956622387e-04 2.693166988034077932e-04 2.538299665538779081e-04 2.432085519744875944e-04 2.359231810714783383e-04 2.309255594045459220e-04 2.274969850694452493e-04 2.251446526019732592e-04 2.235306078841573136e-04 2.224230632441641050e-04 2.216630291138946263e-04 2.211414397369377833e-04 2.207834725650078265e-04 2.205379226904741891e-04 2.203678874469829107e-04 2.202528242546021716e-04 2.201739557194926891e-04 2.201194180400809701e-04 
2.201187322911095010e-04 2.201728566835889009e-04 2.202511540788811668e-04 2.203653271322086459e-04 2.205333910785689403e-04 2.207762885056028732e-04 2.211299462433795532e-04 2.216446405605207849e-04 2.223936431054273743e-04 2.234835379347529095e-04 2.250693439519628003e-04 2.273764957917876156e-04 2.307327826415458765e-04 2.356147457525784082e-04 2.427150633945015991e-04 2.530403900469351832e-04 2.680533709151923082e-04 2.898787093259266954e-04 3.216020628773677429e-04 3.677034540574635976e-04 4.346855281346932894e-04 5.319904865085433926e-04 6.733632277228688385e-04 8.783853217914358103e-04 1.175733784259830458e-03 1.613818465253582775e-03 2.242908455543410774e-03 3.117247245300639250e-03 4.478086719080849598e-03 6.538088571294616708e-03 8.621273137924639202e-03 1.313401457555589576e-02 1.813955583600647750e-02 2.905229642598433637e-02 3.911421979715971886e-02 5.162568496834438886e-02 8.590161216682351553e-02 1.410994760538114567e-01 1.124380824966135367e-01 2.603312190893646294e-01 3.660152805273012011e-01 5.382575384107225469e-01 9.154750927052003329e-01 1.002882516530617885e+00 8.771875192516959130e-01 1.452430052257791981e+00 3.129278854637626228e+00 5.226828943080603196e+00 6.938464821961025208e+00 8.463436851271305628e+00 9.686694533899974147e+00 1.510201711576610606e+01 2.870994832892750637e+01 5.642794093023778856e+01 1.031461260755036164e+02 1.701144802623867633e+02 2.529253009632744238e+02 3.411839221725273319e+02 4.203984935686474955e+02 4.757005478002993186e+02 4.961535136484631607e+02 4.780466099613465190e+02 4.259135597396467006e+02 3.509214242306819074e+02 2.673251419579315211e+02 1.883928877389520551e+02 1.232735775176144273e+02 7.572442358817173158e+01 4.475831374924484862e+01 2.653039417251874710e+01 2.074436692621705802e+01 1.335571577358464701e+01 8.654464521144955569e+00 5.374844410381374615e+00 3.101144891886910226e+00 1.867062166706309645e+00 1.396398718596742583e+00 1.073107321200209130e+00 6.939036607391114719e-01 4.854354369120789658e-01 3.438928624473082674e-01 1.793111768444651533e-01 1.597094624783447214e-01 1.029354619290696882e-01 6.263867267051159704e-02 4.751096225626787184e-02 3.249910963943530157e-02 2.094048663273759270e-02 1.504159364345458195e-02 9.805739098693231487e-03 7.147271299543278382e-03 4.848169200738601352e-03 3.381406969137033206e-03 2.405677416140202755e-03 1.713304583648380189e-03 1.238549045747671306e-03 9.179206546293040185e-04 6.980831217000165508e-04 5.474271405559317637e-04 4.443355110915907279e-04 3.737354055217993395e-04 3.253721601139513277e-04 2.922351324922395745e-04 2.695262165100214668e-04 2.539609746767008546e-04 2.432904665797562592e-04 2.359743977606404116e-04 2.309575815026952304e-04 2.275170056778562670e-04 2.251571694486938452e-04 2.235384332321166444e-04 2.224279554446814374e-04 2.216660875361204438e-04 2.211433517193765578e-04 2.207846678672317525e-04 2.205386800612106006e-04 2.203683140950588016e-04 2.202530994530162774e-04 2.201741393216206835e-04 2.201195319465860207e-04 
2.201186177172943846e-04 2.201726748059845066e-04 2.202508724270282035e-04 2.203648996565268675e-04 2.205326377569993737e-04 2.207750892192226263e-04 2.211280272492630278e-04 2.216415698278460019e-04 2.223887292936451809e-04 2.234756746522050842e-04 2.250567605267592532e-04 2.273563583493003572e-04 2.307005555521869601e-04 2.355631694607667023e-04 2.426325180849578595e-04 2.529082760130078986e-04 2.678419144748702850e-04 2.895402479524595857e-04 3.210602947916766574e-04 3.668362143390385926e-04 4.332973050179936324e-04 5.297684550583773872e-04 6.698035034494719550e-04 8.726925831239139546e-04 1.166702274569449572e-03 1.599495797901351367e-03 2.219347968410229164e-03 3.078652327531379053e-03 4.421916513635381317e-03 6.427825033368808443e-03 8.441029441203918085e-03 1.287846258520514327e-02 1.781686238013628285e-02 2.840960231691088897e-02 3.804154000684611264e-02 5.024778298800244153e-02 8.144703002142332504e-02 1.414673068331654959e-01 1.047702960947578532e-01 2.435729005416495951e-01 3.517217986240813166e-01 4.933542083770278697e-01 8.713392040712388820e-01 1.022016172263565448e+00 8.613509024650025658e-01 1.193732605104161015e+00 2.575171982711325303e+00 4.569964759440890312e+00 6.383356787421398337e+00 7.875048603555987903e+00 8.829058719215176154e+00 1.255265414152087189e+01 2.188037437652495498e+01 4.155763329975503950e+01 7.587283301604101382e+01 1.265192276901290711e+02 1.907971272455181975e+02 2.610925551137174807e+02 3.261548156154293565e+02 3.739523077773841351e+02 3.951548391144297057e+02 3.859396997075975264e+02 3.490432520474899434e+02 2.926896503112865275e+02 2.278893357434804727e+02 1.652085799939017079e+02 1.122038925991109579e+02 7.229472728331923292e+01 4.516302120393078923e+01 2.816369699410040894e+01 2.241112446224463639e+01 1.458636020963748514e+01 9.277944731397633760e+00 5.605601290141864368e+00 3.223389500461682378e+00 1.996257649604201712e+00 1.492655019159043972e+00 1.109273609248501380e+00 7.082414084859530723e-01 4.967977031491085937e-01 3.495469824044429297e-01 1.892294819043661702e-01 1.643660232065670967e-01 1.044445000936694845e-01 6.426849842018964032e-02 4.856950994183890230e-02 3.296411273518946167e-02 2.137704289981124176e-02 1.530945760034273413e-02 9.967740869173605592e-03 7.219132576262474003e-03 4.900191197208267867e-03 3.418452945591126009e-03 2.428532710924368159e-03 1.727258043679923789e-03 1.247453763512063616e-03 9.235018479406687094e-04 7.015752138425723023e-04 5.496110929718267231e-04 4.457020553147246662e-04 3.745903291341291883e-04 3.259069100743950146e-04 2.925695988344126234e-04 2.697353991607088857e-04 2.540917947229134714e-04 2.433722755026416964e-04 2.360255550080089023e-04 2.309895701372474111e-04 2.275370074313937574e-04 2.251696756633367205e-04 2.235462525803649390e-04 2.224328442572405344e-04 2.216691440440089473e-04 2.211452626195088060e-04 2.207858625582243711e-04 2.205394380729036466e-04 2.203687410214590124e-04 2.202533739891545392e-04 2.201743225370937770e-04 2.201196457869069526e-04 
2.201185031472303909e-04 2.201724930547848313e-04 2.202505900642013714e-04 2.203644718621624275e-04 2.205318849457171490e-04 2.207738894055066359e-04 2.211261073339594661e-04 2.216384974919005614e-04 2.223838126944663177e-04 2.234678065294140625e-04 2.250441687080277815e-04 2.273362063737932647e-04 2.306683033432582622e-04 2.355115498367811285e-04 2.425498981943066353e-04 2.527760339409138479e-04 2.676302388983753497e-04 2.892014128886665598e-04 3.205178919006433820e-04 3.659679021278819736e-04 4.319072462847332048e-04 5.275433480592351884e-04 6.662393647737366092e-04 8.669929096097873629e-04 1.157658067650828510e-03 1.585168599889111339e-03 2.195754921081935398e-03 3.039880440948776637e-03 4.364226679679714983e-03 6.311159185188699658e-03 8.260035655122862849e-03 1.263470392899023256e-02 1.751975286477303745e-02 2.769091273644822687e-02 3.703968204072387305e-02 4.909160156565583327e-02 7.618148981974497136e-02 1.422890003178738372e-01 9.896017803157057535e-02 2.242611323402410040e-01 3.409627416699438363e-01 4.493443959526244313e-01 8.078287289710318619e-01 1.033196016843299647e+00 8.953152471121300637e-01 1.018678457370883361e+00 2.047464537499432247e+00 3.821797272264496836e+00 5.681940431687084292e+00 7.286593569965206463e+00 8.168807609546320236e+00 1.092749958969864643e+01 1.718461080895865223e+01 3.043333597805344226e+01 5.412166669553283782e+01 9.002974539985090985e+01 1.367840741186759317e+02 1.892588022542592512e+02 2.393370022425341688e+02 2.779425946806076695e+02 2.976663295828121250e+02 2.949939807628631456e+02 2.712738090852115533e+02 2.320819407774726244e+02 1.853073863068984508e+02 1.387661322559264079e+02 9.825076485779713664e+01 6.662008108126937600e+01 4.401859869179849483e+01 2.885520399153859117e+01 2.338159532967468834e+01 1.547859510998679156e+01 9.784253161306915914e+00 5.817435255195801069e+00 3.346306361835834409e+00 2.118455817133314323e+00 1.579453548878217983e+00 1.142634901981647966e+00 7.243117739829889601e-01 5.077810341819316564e-01 3.531612959708105293e-01 1.988773490308363701e-01 1.691788188879708443e-01 1.058630339352937821e-01 6.592692707069444658e-02 4.956386898137560282e-02 3.342572888036197259e-02 2.181352291755152620e-02 1.557274809271684199e-02 1.013062053510191060e-02 7.289816439927023807e-03 4.952413526898727034e-03 3.455421269949935856e-03 2.451262072157688304e-03 1.741103955576282737e-03 1.256335230741388804e-03 9.290604244782608078e-04 7.050548563429872868e-04 5.517885937796092452e-04 4.470649785607980946e-04 3.754432393173900051e-04 3.264405374122295164e-04 2.929034393161222285e-04 2.699442321114587859e-04 2.542224191191736317e-04 2.434539748276033796e-04 2.360766507869782561e-04 2.310215242591712680e-04 2.275569897869989585e-04 2.251821709647728968e-04 2.235540657833480830e-04 2.224377296064842765e-04 2.216721985985450406e-04 2.211471724171310167e-04 2.207870566274016733e-04 2.205401967381791597e-04 2.203691683798185419e-04 2.202536479515459676e-04 2.201745052312612699e-04 2.201197595956431237e-04 
2.201183886131825092e-04 2.201723111936705558e-04 2.202503071187802909e-04 2.203640437417338606e-04 2.205311326274357196e-04 2.207726890748616167e-04 2.211241865175521686e-04 2.216354235914520907e-04 2.223788933827126879e-04 2.234599337108025667e-04 2.250315687744976819e-04 2.273160404032239558e-04 2.306360270529736500e-04 2.354598888841897880e-04 2.424672075893735419e-04 2.526436712945612120e-04 2.674183585927249651e-04 2.888622318678724771e-04 3.199749073405683437e-04 3.650986196754770082e-04 4.305155468695426183e-04 5.253155478713510910e-04 6.626716117213528106e-04 8.612874580430720812e-04 1.148602686080586526e-03 1.570836494914596001e-03 2.172152478709617630e-03 3.000978267339839568e-03 4.304906247340443103e-03 6.188564524889090222e-03 8.080382231160233852e-03 1.240489640135779281e-02 1.724742170488163806e-02 2.688973215090815355e-02 3.609856681204110657e-02 4.822814727754810155e-02 7.017791297718785348e-02 1.429494258401398377e-01 9.602166649918919550e-02 2.019992361187938068e-01 3.323326112419750511e-01 4.117732252867519205e-01 7.280590679008739352e-01 1.020468287135943841e+00 9.583932645257520200e-01 9.415709319651250908e-01 1.610775803191731192e+00 3.055620246249227900e+00 4.835589123779956644e+00 6.557012265412851981e+00 7.475432479116293827e+00 9.838142309397458263e+00 1.422026743823297856e+01 2.294570465359306155e+01 3.852477521145801376e+01 6.252628402362125115e+01 9.444927722885186938e+01 1.311519542248368282e+02 1.672301833219937350e+02 1.963435835619445697e+02 2.130475731212032429e+02 2.144297924886772080e+02 2.009097002112472694e+02 1.759170699090367123e+02 1.446413392525518304e+02 1.124058883412113801e+02 8.330582612586405844e+01 5.954280751392336413e+01 4.152892635050106662e+01 2.850725626166603988e+01 2.349837830613105538e+01 1.586414635671124529e+01 1.006603829175034370e+01 5.970944632278184727e+00 3.466923657878854037e+00 2.235293070482759603e+00 1.653195987516250076e+00 1.169525207954593915e+00 7.414079882720293613e-01 5.187654664006108307e-01 3.550253238038547088e-01 2.081152243512927602e-01 1.740004834752844065e-01 1.072228037655814092e-01 6.760391057137249415e-02 5.050404828024035453e-02 3.387748628134670814e-02 2.224744749073009203e-02 1.583055643061956688e-02 1.029531059767685788e-02 7.360187789572369965e-03 5.004931470736398436e-03 3.492342008472415753e-03 2.473846863457607962e-03 1.754829615922765982e-03 1.265190298729067329e-03 9.345946034055043448e-04 7.085212285336652330e-04 5.539592515001721690e-04 4.484240730991359580e-04 3.762940278097051672e-04 3.269729878042921655e-04 2.932366254903652275e-04 2.701527006746496599e-04 2.543528402740396458e-04 2.435355606306583169e-04 2.361276830672724876e-04 2.310534428177055707e-04 2.275769522008484747e-04 2.251946550715038084e-04 2.235618726953478405e-04 2.224426114169770206e-04 2.216752511606738909e-04 2.211490810920236868e-04 2.207882500641535756e-04 2.205409560679878257e-04 2.203695963434134969e-04 2.202539213920589028e-04 2.201746873539517065e-04 2.201198734061470864e-04 
2.201182741369119239e-04 2.201721289916783739e-04 2.202500236911574753e-04 2.203636152997461082e-04 2.205303807850485709e-04 2.207714882376764752e-04 2.211222648201160057e-04 2.216323481652427113e-04 2.223739714331644530e-04 2.234520563406901575e-04 2.250189610047087323e-04 2.272958609751282396e-04 2.306037277187061375e-04 2.354081886048926017e-04 2.423844501331814364e-04 2.525111955300787499e-04 2.672062879408654626e-04 2.885227325673165276e-04 3.194313943381980121e-04 3.642284687084817183e-04 4.291224042961972580e-04 5.230854423584073475e-04 6.591010044923734231e-04 8.555774190870737983e-04 1.139538196361295982e-03 1.556493841540094927e-03 2.148564103587559046e-03 2.962016079541139341e-03 4.243970384293050194e-03 6.060794640790550386e-03 7.904864847595827887e-03 1.219017234525249412e-02 1.699781746080681125e-02 2.600384097612636405e-02 3.520597452374605446e-02 4.768295291841766897e-02 6.369163786939029126e-02 1.425766401700910013e-01 9.689298734574107452e-02 1.772592207963262501e-01 3.229974243643310428e-01 3.848084206089745773e-01 6.403083795282445978e-01 9.738893889406349258e-01 1.021563677866913489e+00 9.521615900854409897e-01 1.311538013480400444e+00 2.364550852637901546e+00 3.916861837743801367e+00 5.644562983066530926e+00 6.609630714619867398e+00 8.888038008754321595e+00 1.231724555131676269e+01 1.825740362973335706e+01 2.832488470647740542e+01 4.368907647152955320e+01 6.429820338126560841e+01 8.841247314004873203e+01 1.127401043662093940e+02 1.332188001129335078e+02 1.461824520747927068e+02 1.494578751297896133e+02 1.429550839419883914e+02 1.285398987063108507e+02 1.092929045085363668e+02 8.850428318024589203e+01 6.881580137614692205e+01 5.178949687747282837e+01 3.794769589698164225e+01 2.712176265703268996e+01 2.270148159262140553e+01 1.564277496543945922e+01 1.004396331067098558e+01 6.025789580546252466e+00 3.572115331446384712e+00 2.342693355524716470e+00 1.710409864379769385e+00 1.187295920002503280e+00 7.584469610001891571e-01 5.297087030843171673e-01 3.555329076192177418e-01 2.168519413191068723e-01 1.786669283361156102e-01 1.085526787098555074e-01 6.928350300819996477e-02 5.140253679051647734e-02 3.431322983515817937e-02 2.267610814368769753e-02 1.608193615230868456e-02 1.046249170982921188e-02 7.431073706415943815e-03 5.057829722265053118e-03 3.529235557782677609e-03 2.496263564880166815e-03 1.768424351233728511e-03 1.274015411897889581e-03 9.401027514896286149e-04 7.119734998916463827e-04 5.561226579832902889e-04 4.497791316302474779e-04 3.771425860269427000e-04 3.275042067679326914e-04 2.935691287940701160e-04 2.703607901270067165e-04 2.544830505793350007e-04 2.436170289786699500e-04 2.361786498146304638e-04 2.310853247602921864e-04 2.275968941282728532e-04 2.252071277016603904e-04 2.235696731704792800e-04 2.224474896132024591e-04 2.216783016913035319e-04 2.211509886239514295e-04 2.207894428578400701e-04 2.205417160712702196e-04 2.203700251055334351e-04 2.202541943210063844e-04 2.201748689465494091e-04 2.201199872453923814e-04 
2.201181597260461599e-04 2.201719462679211335e-04 2.202497398346548547e-04 2.203631865515581409e-04 2.205296294016875227e-04 2.207702869043285711e-04 2.211203422617126480e-04 2.216292712519962217e-04 2.223690469205531750e-04 2.234441745633071387e-04 2.250063456770023832e-04 2.272756686266650024e-04 2.305714063770287060e-04 2.353564509991487672e-04 2.423016296852049077e-04 2.523786140956150049e-04 2.669940413027767898e-04 2.881829426376654067e-04 3.188874062413969788e-04 3.633575508831133477e-04 4.277280184111240200e-04 5.208534226338597077e-04 6.555282608048832805e-04 8.498640353155949376e-04 1.130466948478329190e-03 1.542129064125360993e-03 2.125012069014429929e-03 2.923093980437423828e-03 4.181579218865644730e-03 5.928872387463258488e-03 7.736926631953235274e-03 1.199028656071286086e-02 1.676756506821417206e-02 2.503528243694997518e-02 3.435562335270164053e-02 4.740881089972648343e-02 5.717393800945996113e-02 1.401700565700534917e-01 1.020681862567882209e-01 1.516800863054596493e-01 3.094550992795145894e-01 3.695902617293597703e-01 5.559262977177248377e-01 8.931378873071099678e-01 1.056007202858175731e+00 1.017826046994621425e+00 1.162470693182865888e+00 1.830196728943064066e+00 3.042036785253888986e+00 4.614957643694872935e+00 5.565275423518317943e+00 7.817117700122852675e+00 1.082610615327221559e+01 1.525687418574510801e+01 2.198479070856695827e+01 3.171829138035208828e+01 4.453418800716445958e+01 5.955401284446574550e+01 7.495886989734395911e+01 8.839562189155894600e+01 9.763955436071344707e+01 1.012486034975539866e+02 9.894362600140331665e+01 9.157848332079178988e+01 8.075206616687513872e+01 6.826196237936565581e+01 5.563524629738099492e+01 4.389136507937242726e+01 3.355359399301699597e+01 2.481018310574094698e+01 2.104810976803225842e+01 1.480930894330616532e+01 9.689631126988340171e+00 5.953881023025000552e+00 3.642799921300477362e+00 2.430570202552437387e+00 1.747035828513101796e+00 1.194458035061626289e+00 7.743042688379899730e-01 5.401608798365826747e-01 3.550859644011877814e-01 2.250477756082452374e-01 1.830093115661411973e-01 1.098735293214319342e-01 7.094838387651777878e-02 5.227025730122267233e-02 3.472868419521679684e-02 2.309644971088292351e-02 1.632585391327991825e-02 1.063248707330821316e-02 7.503248757610594608e-03 5.111177523797466940e-03 3.566109915340966250e-03 2.518484201386522563e-03 1.781879914784774725e-03 1.282806598462684407e-03 9.455833781351554064e-04 7.154108181990662075e-04 5.582783853310044602e-04 4.511299463360569180e-04 3.779888057181917641e-04 3.280341393768012757e-04 2.939009205935771605e-04 2.705684857144410004e-04 2.546130424101526973e-04 2.436983759289414425e-04 2.362295489903295598e-04 2.311171690323971591e-04 2.276168150237246814e-04 2.252195885729630720e-04 2.235774670626651864e-04 2.224523641195676855e-04 2.216813501513087935e-04 2.211528949926592884e-04 2.207906349978043168e-04 2.205424767545941943e-04 2.203704548797015116e-04 2.202544667127355926e-04 2.201750501325554677e-04 2.201201011299287855e-04 
2.201180453726663130e-04 2.201717629279285047e-04 2.202494555475670876e-04 2.203627575223371913e-04 2.205288784607609479e-04 2.207690850851797601e-04 2.211184188623963661e-04 2.216261928904140045e-04 2.223641199195714932e-04 2.234362885227976199e-04 2.249937230695403241e-04 2.272554638946075608e-04 2.305390640637392950e-04 2.353046780656398596e-04 2.422187501017884531e-04 2.522459344317337670e-04 2.667816330205041849e-04 2.878428897299336762e-04 3.183429964776395482e-04 3.624859683224059383e-04 4.263325910654375576e-04 5.186198794529596782e-04 6.519540504491819948e-04 8.441485761946607462e-04 1.121391244958276547e-03 1.527724831935671230e-03 2.101516443705310228e-03 2.884344450619449798e-03 4.118038891230886046e-03 5.794082107799603323e-03 7.580479359978219318e-03 1.180345808303097030e-02 1.655159646517763428e-02 2.399085686416041821e-02 3.355305241658216447e-02 4.727407914067145028e-02 5.122798331825598878e-02 1.348276382795194905e-01 1.112335155127048558e-01 1.279940526942224266e-01 2.887596490918240000e-01 3.634577581794130041e-01 4.858866961716301058e-01 7.880776156216370287e-01 1.042167463927766269e+00 1.093615593246536344e+00 1.138252774915745835e+00 1.494463926094265149e+00 2.326266607398039366e+00 3.604928562795780334e+00 4.452489014729198225e+00 6.566342150551861323e+00 9.329746716072856216e+00 1.298068860608977637e+01 1.786463838199179577e+01 2.427603998734865698e+01 3.223255399162806611e+01 4.129696565486847959e+01 5.055773847608467264e+01 5.880908182835795373e+01 6.487150030602143147e+01 6.792062284063037225e+01 6.768773643900466652e+01 6.446152785510156491e+01 5.891782036428750047e+01 5.187742938208418764e+01 4.410444327162813494e+01 3.620985417171486631e+01 2.865430968844163573e+01 2.179351445217128003e+01 1.871381552457012276e+01 1.345873997625727192e+01 9.033701052820676480e+00 5.747487715349121729e+00 3.659378472913084490e+00 2.485010126280782661e+00 1.758695137473188508e+00 1.190650650280077105e+00 7.880041912364792456e-01 5.493624536770199684e-01 3.540232332293479223e-01 2.326994891181551894e-01 1.868682374688549752e-01 1.111932712201701423e-01 7.258415784895166922e-02 5.311327301756813696e-02 3.512237908664631036e-02 2.350516238130183691e-02 1.656113355914839991e-02 1.080518788799110508e-02 7.577407959611070706e-03 5.165021910684940327e-03 3.602958413349127784e-03 2.540476896005617637e-03 1.795190770443824734e-03 1.291559467915775203e-03 9.510351295572083089e-04 7.188323094776531176e-04 5.604259875339591499e-04 4.524763075027654884e-04 3.788325793463569744e-04 3.285627300643760487e-04 2.942319722262891628e-04 2.707757726501272100e-04 2.547428081229814235e-04 2.437795975285128190e-04 2.362803785509078047e-04 2.311489745773908787e-04 2.276367143407142125e-04 2.252320374027137534e-04 2.235852542256492616e-04 2.224572348603833807e-04 2.216843965015204056e-04 2.211548001778746613e-04 2.207918264733490620e-04 2.205432381217628870e-04 2.203708858997106379e-04 2.202547385202082266e-04 2.201752310937933512e-04 2.201202150635162035e-04 
2.201179882110248717e-04 2.201716710264364730e-04 2.202493132280345452e-04 2.203625429126283082e-04 2.205285031511069875e-04 2.207684839966645622e-04 2.211174568536597516e-04 2.216246531785854017e-04 2.223616555092719656e-04 2.234323439488891433e-04 2.249874091227817741e-04 2.272453570523793589e-04 2.305228853662270958e-04 2.352787789751476844e-04 2.421772893385347892e-04 2.521795600869817296e-04 2.666753727413362406e-04 2.876727733038611512e-04 3.180706501700490880e-04 3.620499599093059346e-04 4.256345504187152018e-04 5.175026576852674457e-04 6.501665903345352519e-04 8.412904613393332350e-04 1.116852364391505894e-03 1.520501230389595046e-03 2.089795203360683522e-03 2.865083832621305709e-03 4.085969889917415859e-03 5.726082423542828807e-03 7.507843468905936804e-03 1.171397136491797095e-02 1.644676757510463161e-02 2.344397629483867262e-02 3.317483353042516292e-02 4.719753588990895782e-02 4.867407934168874184e-02 1.308696814317893697e-01 1.169357563317218740e-01 1.178917576942367790e-01 2.752858902411743913e-01 3.620343863026057041e-01 4.586562846613272404e-01 7.316268894794707434e-01 1.015195088139721147e+00 1.121475030516421612e+00 1.156654250143684060e+00 1.399560522217285330e+00 2.052644062022455529e+00 3.153883041100039808e+00 3.921353429982312289e+00 5.904118695207264622e+00 8.532683834041394633e+00 1.191891525372572325e+01 1.622564363128040554e+01 2.158090480230515240e+01 2.794193015658663626e+01 3.498166321213301444e+01 4.207264316953343553e+01 4.839875294781933945e+01 5.315874351938648346e+01 5.577603242016676433e+01 5.602658526091489222e+01 5.404149878583650946e+01 5.020514156177550547e+01 4.501507025336798762e+01 3.897241137436591885e+01 3.253531269414339988e+01 2.612098405205706442e+01 2.011480642865320334e+01 1.737275464167560557e+01 1.264190756808457650e+01 8.616314328582054927e+00 5.597291349250400394e+00 3.642351858314697211e+00 2.495246840696208057e+00 1.754000197701641284e+00 1.184812338851325419e+00 7.937917116162827025e-01 5.532053598777897374e-01 3.533404083819169927e-01 2.363241533578871179e-01 1.885722044874385550e-01 1.118509146904636681e-01 7.338819338431801231e-02 5.352555505052526696e-02 3.531142973534880103e-02 2.370412313488590508e-02 1.667511534519340935e-02 1.089239009626940397e-02 7.615417387312639619e-03 5.192137196622067900e-03 3.621366302068962720e-03 2.551376909335975607e-03 1.801791001333255624e-03 1.295920051010543981e-03 9.537497903558251038e-04 7.205368434780272521e-04 5.614965989126968673e-04 4.531477516954745188e-04 3.792535154586629720e-04 3.288265046369982575e-04 2.943972115184973317e-04 2.708792582404809940e-04 2.548076037904561247e-04 2.438201600835204481e-04 2.363057665855362009e-04 2.311648624964027872e-04 2.276466557362360576e-04 2.252382572135398016e-04 2.235891452379239858e-04 2.224596687950338315e-04 2.216859188732014073e-04 2.211557523203325562e-04 2.207924219586137032e-04 2.205436190621182105e-04 2.203711019554692625e-04 2.202548741892252358e-04 2.201753215547435239e-04 2.201202720462479691e-04 
2.201178755659767973e-04 2.201714895104518298e-04 2.202490323504501706e-04 2.203621197934691595e-04 2.205277637863699367e-04 2.207672990147277687e-04 2.211155603138034655e-04 2.216216176663944560e-04 2.223567968627735987e-04 2.234245669476524882e-04 2.249749604624920278e-04 2.272254298459637078e-04 2.304909859297375881e-04 2.352277130291666239e-04 2.420955389251983373e-04 2.520486851595692677e-04 2.664658516800028532e-04 2.873373451497300080e-04 3.175336602094091664e-04 3.611903036739102938e-04 4.242583220441697089e-04 5.153001647789857064e-04 6.466434816291735232e-04 8.356576090602320026e-04 1.107906086838090619e-03 1.506208485456980153e-03 2.066754614921740771e-03 2.827453897210542143e-03 4.022498686785225264e-03 5.591927759409463274e-03 7.378003202545545605e-03 1.154267402881773742e-02 1.624054091389579360e-02 2.232975551301549441e-02 3.248799509184514128e-02 4.688819834043601864e-02 4.481570048304601289e-02 1.205095061009793383e-01 1.290942449149968807e-01 1.033117223121016170e-01 2.431578644859213878e-01 3.580052858576917574e-01 4.215751168547299255e-01 6.243130143834710877e-01 9.280645754571447137e-01 1.137262072166725480e+00 1.213344151490628020e+00 1.325329105483400660e+00 1.690079447523360479e+00 2.437616543129830671e+00 3.016507275922516218e+00 4.638144367955688629e+00 6.911728708854378844e+00 9.828303386308245848e+00 1.333313273926644804e+01 1.732454821170817993e+01 2.163917064654480171e+01 2.603912782565466699e+01 3.022125643303008857e+01 3.385633602083611038e+01 3.664645560312489891e+01 3.837542297876544239e+01 3.893083931089068273e+01 3.829481263550569992e+01 3.652002031635360169e+01 3.371442023306899927e+01 3.004638093681232647e+01 2.576083294458861417e+01 2.118216567524953931e+01 1.668282825092286359e+01 1.457649771137567996e+01 1.088212481409937737e+01 7.681805273000376744e+00 5.224976004203041313e+00 3.553514648254517461e+00 2.475607782570422355e+00 1.723164225333320143e+00 1.166498359807227159e+00 8.026987218548801151e-01 5.587074916531730162e-01 3.518007800285279929e-01 2.430751656852782605e-01 1.914190900809823459e-01 1.131308821873244913e-01 7.494370062657584874e-02 5.431619840711233993e-02 3.567087703923706166e-02 2.408389849097249472e-02 1.689169271187678997e-02 1.106534189292002548e-02 7.692418689914135715e-03 5.245948456488132294e-03 3.657590048191586198e-03 2.572648575493303048e-03 1.814690997783172804e-03 1.304479974928818981e-03 9.590773347181286677e-04 7.238835199337089691e-04 5.636000798562780956e-04 4.544675301841708285e-04 3.800811857364894434e-04 3.293453068663942051e-04 2.947222922813877606e-04 2.710828928611375816e-04 2.549351297480765654e-04 2.439000051272928969e-04 2.363557484611778241e-04 2.311961451380802654e-04 2.276662320066436180e-04 2.252505062013566560e-04 2.235968086306610258e-04 2.224644628009407349e-04 2.216889176062812649e-04 2.211576279335856999e-04 2.207935950552494038e-04 2.205443703279640760e-04 2.203715289911112448e-04 2.202551410889115884e-04 2.201754999216617645e-04 2.201203843690625384e-04 
2.201177518004222974e-04 2.201712896768640829e-04 2.202487231102019888e-04 2.203616547769292637e-04 2.205269520137117015e-04 2.207659967487075696e-04 2.211134760019914532e-04 2.216182815192374784e-04 2.223514568648012253e-04 2.234160192259918281e-04 2.249612777319544624e-04 2.272035266400997068e-04 2.304559225286095629e-04 2.351715810699131623e-04 2.420056773960601139e-04 2.519048246561761970e-04 2.662355436202009122e-04 2.869686471453892183e-04 3.169434331360295159e-04 3.602454839949141650e-04 4.227458899300906440e-04 5.128800070541286119e-04 6.427731971900861119e-04 8.294707894621037745e-04 1.098078281978285067e-03 1.490398576964543833e-03 2.041541446288916862e-03 2.786792276509458301e-03 3.952925471191266922e-03 5.446160601951894817e-03 7.259063691680112985e-03 1.135712063786752969e-02 1.600271014304662648e-02 2.107803642034690450e-02 3.183961342242955239e-02 4.609648876901031173e-02 4.274262054387897858e-02 1.057723253802040214e-01 1.412489953557444500e-01 9.758200544803341536e-02 2.026048440062113432e-01 3.450511403104202235e-01 4.024068493083338693e-01 5.281344328070334271e-01 8.000649975796002566e-01 1.083216634822301350e+00 1.250608225792591233e+00 1.342865356772583452e+00 1.522543198612209325e+00 1.951697043929803366e+00 2.324849457582113033e+00 3.478430967540686147e+00 5.238862946272802468e+00 7.586417076080088862e+00 1.039206354914616348e+01 1.344523544158833595e+01 1.650108127907987665e+01 1.933237199101925086e+01 2.177049813226190622e+01 2.372307379763433133e+01 2.516286956560913168e+01 2.609353080585415441e+01 2.650851743818344985e+01 2.636521471185425014e+01 2.559123402334520136e+01 2.412452269273009264e+01 2.196978895930292452e+01 1.924163764899258666e+01 1.616797253695965608e+01 1.304560745631514251e+01 1.155919230418385624e+01 8.919172258330279490e+00 6.587289819519090983e+00 4.730814433284142417e+00 3.370027265691940777e+00 2.388875476894573691e+00 1.657798670437845345e+00 1.138050364172301654e+00 8.079922277043759538e-01 5.607036475862441360e-01 3.499065192857915840e-01 2.498639800088191532e-01 1.936771926285975887e-01 1.144830092376726977e-01 7.660994907266423237e-02 5.513917463609351033e-02 3.605036834485291636e-02 2.448004617200716729e-02 1.711567742875985329e-02 1.125570328576357831e-02 7.780467867182708566e-03 5.305588362429966218e-03 3.697244483015877433e-03 2.595658562840230405e-03 1.828699708356054839e-03 1.313826229800759077e-03 9.648943559701640390e-04 7.275397930000761151e-04 5.659004559774547275e-04 4.559117718047959967e-04 3.809873759483978499e-04 3.299135709427988817e-04 2.950784974287445667e-04 2.713060945231499078e-04 2.550749475005785298e-04 2.439875666926420109e-04 2.364105719039445253e-04 2.312304640711588003e-04 2.276877116474765881e-04 2.252639479415421172e-04 2.236052192377624773e-04 2.224697247851998888e-04 2.216922093658983206e-04 2.211596869900259708e-04 2.207948829762050786e-04 2.205451963835629997e-04 2.203720002592295243e-04 2.202554335496131324e-04 2.201756961562010705e-04 2.201205077651452783e-04 
2.201176157567312009e-04 2.201710699826061799e-04 2.202483824578573045e-04 2.203611437684463935e-04 2.205260607681920691e-04 2.207645655500074084e-04 2.211111852613584640e-04 2.216146148561629146e-04 2.223455876592862908e-04 2.234066241443624363e-04 2.249462382084882917e-04 2.271794509490933486e-04 2.304173806462480689e-04 2.351098797962273819e-04 2.419068996687704829e-04 2.517466914346007216e-04 2.659823921139575168e-04 2.865633966331287258e-04 3.162947345415307947e-04 3.592071688024664217e-04 4.210840132714514924e-04 5.102211476248369893e-04 6.385222781297007853e-04 8.226773360019382520e-04 1.087284559326910519e-03 1.472869186425092075e-03 2.013955009174281992e-03 2.743185695499300060e-03 3.877597694104405451e-03 5.290950598475075914e-03 7.160741362332231907e-03 1.114713921743087401e-02 1.570605064331159414e-02 1.973053851867064348e-02 3.125015080216690666e-02 4.447160433020766468e-02 4.314912841767155893e-02 8.739375666811755039e-02 1.489755621748937164e-01 1.043309862057549692e-01 1.596599936054309832e-01 3.142757065626837210e-01 3.940403331375174067e-01 4.614496759309195673e-01 6.582894817929508813e-01 9.525290995383433046e-01 1.208496086226005461e+00 1.366197594051391073e+00 1.494092841734242061e+00 1.721945450305569114e+00 1.928998658892655982e+00 2.627967067437198878e+00 3.799577547853016934e+00 5.463821477522184722e+00 7.517504348353105215e+00 9.754596209952911323e+00 1.192501574552254695e+01 1.380914581042063283e+01 1.527771591823305286e+01 1.631236963644996507e+01 1.697947731912723057e+01 1.737113920067857009e+01 1.754276618294200318e+01 1.747815943538072503e+01 1.709917628188876648e+01 1.631435445098824033e+01 1.508085108163870558e+01 1.344735246340535006e+01 1.155586241145697457e+01 9.601827623148105673e+00 8.661957779440925265e+00 6.971635784492829835e+00 5.434204588199833097e+00 4.133869649795793855e+00 3.076371176912176431e+00 2.221483535536881160e+00 1.556179573866709243e+00 1.100538542116735963e+00 8.071962761340609749e-01 5.569256575863220649e-01 3.476627620067258562e-01 2.564574527495276923e-01 1.950127673991465527e-01 1.158497224308492751e-01 7.839682196291440641e-02 5.596246430626332369e-02 3.645641318928938279e-02 2.488813690884908447e-02 1.734234935783320053e-02 1.146267943971033924e-02 7.881423982045861545e-03 5.371610630705594275e-03 3.740522322733146228e-03 2.620450117176716543e-03 1.843901248149080931e-03 1.324016131510915130e-03 9.712403373581845242e-04 7.315307643140573409e-04 5.684143301915731356e-04 4.574912674629604990e-04 3.819790351705238925e-04 3.305357435145254118e-04 2.954686633513324795e-04 2.715506660637980428e-04 2.552282001079049403e-04 2.440835679815092109e-04 2.364706936718223931e-04 2.312681073507983308e-04 2.277112760977577095e-04 2.252786965997742900e-04 2.236144488319525517e-04 2.224754998356468037e-04 2.216958224583464882e-04 2.211619472507548505e-04 2.207962968604994171e-04 2.205461047414520692e-04 2.203725210080660732e-04 2.202557539924411664e-04 2.201759122386979638e-04 2.201206432800282035e-04 
2.201174661428187418e-04 2.201708289363781988e-04 2.202480070454200837e-04 2.203605823130881951e-04 2.205250822962577875e-04 2.207629926081886484e-04 2.211086675743522410e-04 2.216105848171807534e-04 2.223391366223955530e-04 2.233962974365548242e-04 2.249297069776448436e-04 2.271529868146889334e-04 2.303750146994601575e-04 2.350420564141389619e-04 2.417983219567887757e-04 2.515728734877540067e-04 2.657041432100778729e-04 2.861179997053668947e-04 3.155818419796340172e-04 3.580662667950585765e-04 4.192582800884628834e-04 5.073007233090986220e-04 6.338543465894272899e-04 8.152204401936502661e-04 1.075434649005595688e-03 1.453390323145545629e-03 1.983737518193413700e-03 2.696816091600040370e-03 3.797370627192373990e-03 5.130420737786724195e-03 7.093473123784046694e-03 1.089445261470647908e-02 1.530710487013690196e-02 1.839209344347513334e-02 3.066192183085247186e-02 4.179852739547765955e-02 4.601952289268844420e-02 6.811801807612342941e-02 1.465470559988323596e-01 1.232343338355456203e-01 1.261129422657225607e-01 2.621847036819613397e-01 3.785304467347625490e-01 4.295538036146964167e-01 5.420124882875023697e-01 7.774769605428605290e-01 1.061232292654643361e+00 1.298781817068949573e+00 1.473738951602014957e+00 1.645464708852317326e+00 1.767109563715484333e+00 2.154978294196681077e+00 2.824112832461959766e+00 3.824846763609492939e+00 5.113800742785361564e+00 6.555650258644412531e+00 7.964093807295034466e+00 9.165050030909396739e+00 1.005353126124002117e+01 1.061822902350449027e+01 1.092374972282528311e+01 1.106157471130607028e+01 1.109605062153655730e+01 1.103293856706594767e+01 1.082478883412493431e+01 1.040717334206064137e+01 9.743859725936800942e+00 8.855899176586564892e+00 7.820315781745913242e+00 6.741726044906875437e+00 6.217040400765163177e+00 5.252749761418856522e+00 4.327408316190907378e+00 3.467470288798838673e+00 2.678286485052507881e+00 1.979349272565430251e+00 1.426815733797853536e+00 1.056263013404607154e+00 7.963612910570506687e-01 5.448270295946665565e-01 3.450839211404672091e-01 2.623911325984503162e-01 1.950222447623263800e-01 1.171418257194403734e-01 8.031513710394871941e-02 5.672961600689185174e-02 3.689702542354852260e-02 2.530471207145127549e-02 1.756479050192740962e-02 1.168324191399870357e-02 7.996872012321413342e-03 5.444460526227257874e-03 3.787512651202770350e-03 2.647034547062748332e-03 1.860392589398048371e-03 1.335105010203690599e-03 9.781564178591853950e-04 7.358825579277667979e-04 5.711591812130374255e-04 4.592174663077880012e-04 3.830635772085256067e-04 3.312165936325025921e-04 2.958958436520396250e-04 2.718185546405707271e-04 2.553961253735345985e-04 2.441887938240632871e-04 2.365366103267868038e-04 2.313093885974598922e-04 2.277371231441260185e-04 2.252948767578370282e-04 2.236245758033778637e-04 2.224818372341290167e-04 2.216997878427238728e-04 2.211644281520429116e-04 2.207978489031907777e-04 2.205471036682387352e-04 2.203730973700175654e-04 2.202561051875860177e-04 2.201761502636291634e-04 2.201207920366935551e-04 
2.201173015386599066e-04 2.201705650170870466e-04 2.202475933194257833e-04 2.203599655821713438e-04 2.205240080871791110e-04 2.207612638351779170e-04 2.211059003778822823e-04 2.216061552685482956e-04 2.223320458934956807e-04 2.233849464649779798e-04 2.249115357543341549e-04 2.271238969471400966e-04 2.303284451214790310e-04 2.349675040886240482e-04 2.416789747362977519e-04 2.513818231870017564e-04 2.653983292386396836e-04 2.856285272458967462e-04 3.147985108648866659e-04 3.568128795226407782e-04 4.172530437181995499e-04 5.040939610913197557e-04 6.287300070507377938e-04 8.070394100697279123e-04 1.062434197687358575e-03 1.431713925049735853e-03 1.950517600014393558e-03 2.647900760603125962e-03 3.713610531728803784e-03 4.971059683051393986e-03 7.064558128598135908e-03 1.056817064912625621e-02 1.475171540420332737e-02 1.725478544472052594e-02 2.984136189586361967e-02 3.831203708101699190e-02 4.998551986277949277e-02 5.271751684770110274e-02 1.297370070522219920e-01 1.463844175553094540e-01 1.154666451282924111e-01 1.989966060934127978e-01 3.354807854648526599e-01 4.128192813780958148e-01 4.771268455327136171e-01 6.212014690330364131e-01 8.510494049976989883e-01 1.105500607593398854e+00 1.334810413651140504e+00 1.536276687218805614e+00 1.644666591685681523e+00 1.908061676497512238e+00 2.285398594053309029e+00 2.819169210656767177e+00 3.504002113434049992e+00 4.278194499292595765e+00 5.042126758005879950e+00 5.695553372968802819e+00 6.175181797187696553e+00 6.473538491171307641e+00 6.630322696294505214e+00 6.702460683884852166e+00 6.730236427750528883e+00 6.717860590732821713e+00 6.637442132503506009e+00 6.451484314437528234e+00 6.139067849019414602e+00 5.710382082856913399e+00 5.202763359765178564e+00 4.663020658997966805e+00 4.393427475026633999e+00 3.876537687263011733e+00 3.337407581960587066e+00 2.779549850417557533e+00 2.217161513290969665e+00 1.697829910225014283e+00 1.289163258972283677e+00 1.006126555509125220e+00 7.695535673491277207e-01 5.223702379199697265e-01 3.422286223302258845e-01 2.667948359579060402e-01 1.932392453970280533e-01 1.182596003074160296e-01 8.235527481371547609e-02 5.735819534119450391e-02 3.737566232508449798e-02 2.572994503827265647e-02 1.777415661649143358e-02 1.191098009099797288e-02 8.127455454553759659e-03 5.524308067674404618e-03 3.838116895655717051e-03 2.675392158022692982e-03 1.878290230806704602e-03 1.347142905936969714e-03 9.856846919124243999e-04 7.406220227924166337e-04 5.741532316110125852e-04 4.611024273832084854e-04 3.842488597853021019e-04 3.319612111954250012e-04 2.963633123738131309e-04 2.721118565500725258e-04 2.555800602010123500e-04 2.443040941043635541e-04 2.366088607463270735e-04 2.313546487614097412e-04 2.277654681269315859e-04 2.253126242222483271e-04 2.236356856942058112e-04 2.224887908062417948e-04 2.217041393578890831e-04 2.211671509516804684e-04 2.207995524490866514e-04 2.205482022494560234e-04 2.203737365959250688e-04 2.202564903841806637e-04 2.201764123108050056e-04 2.201209552503645948e-04 
2.201171204253456735e-04 2.201702763920847033e-04 2.202471376644637253e-04 2.203592883657672411e-04 2.205228287965846530e-04 2.207593637382999289e-04 2.211028588609527737e-04 2.216012864807079795e-04 2.223242518638181666e-04 2.233724694112214837e-04 2.248915616064153290e-04 2.270919207222424916e-04 2.302772552389341864e-04 2.348855571145622449e-04 2.415477953605129615e-04 2.511718461508515455e-04 2.650622523621849053e-04 2.850906913725621155e-04 3.139379423225225566e-04 3.554362587519375094e-04 4.150513690813622007e-04 5.005741210397892434e-04 6.231067951845814913e-04 7.980701677094766307e-04 1.048186541278138843e-03 1.407595106774665915e-03 1.913734151266505666e-03 2.596549848291158751e-03 3.627841535070263409e-03 4.821490639714860402e-03 7.069671844875902340e-03 1.012147832349442889e-02 1.400438093064311669e-02 1.657315090774777455e-02 2.833206373467071423e-02 3.492103428375470386e-02 5.226995290043302822e-02 4.607043947038834408e-02 1.005161365841941989e-01 1.581930924973104224e-01 1.320726076516989256e-01 1.505824449817551314e-01 2.622056938744696253e-01 3.735891103134161839e-01 4.462527370497809676e-01 5.301220550785010754e-01 6.694807696179009282e-01 8.594663481909352587e-01 1.070625949582990177e+00 1.280882131400084889e+00 1.392779486572373049e+00 1.631719826506836890e+00 1.903089865433046812e+00 2.218765799510998615e+00 2.575447798487480622e+00 2.948691896775391452e+00 3.299314347759539690e+00 3.589517660027646162e+00 3.799677704591243987e+00 3.935831452773116634e+00 4.023276172730528621e+00 4.090029365613384371e+00 4.149940393554238938e+00 4.195194553550547489e+00 4.201952145881548084e+00 4.144860025978903906e+00 4.011255731888703657e+00 3.806955076844721120e+00 3.551480320340611563e+00 3.267271229086596840e+00 3.119800766397295977e+00 2.824391388653535451e+00 2.496573772196394092e+00 2.139572190047277722e+00 1.771895019254292380e+00 1.433795052871731368e+00 1.162636641375375701e+00 9.442638751230099103e-01 7.196861695452507757e-01 4.895221270564514837e-01 3.390753676744620582e-01 2.681751579683523956e-01 1.891908651907255601e-01 1.191429837603707603e-01 8.443393587516105636e-02 5.775070092319089382e-02 3.787852673084261129e-02 2.617025187770036579e-02 1.796149942548858763e-02 1.213503583250970068e-02 8.271823932272057492e-03 5.610774552233167844e-03 3.891943318222134112e-03 2.705489800585432741e-03 1.897736885759809377e-03 1.360169760860139914e-03 9.938668581685901598e-04 7.457762719215219440e-04 5.774152015644267843e-04 4.631587223294548485e-04 3.855431431134913453e-04 3.327749936160925436e-04 2.968745621972601308e-04 2.724328197539335403e-04 2.557814439211671966e-04 2.444303867534859697e-04 2.366880284761605109e-04 2.314042578469378884e-04 2.277965451517032652e-04 2.253320868523401969e-04 2.236478717538587110e-04 2.224964192884161941e-04 2.217089139626144518e-04 2.211701388848174904e-04 2.208014220929720270e-04 2.205494104501111061e-04 2.203744473652833691e-04 2.202569134416125507e-04 2.201767003029432264e-04 2.201211342618468545e-04 
2.201169212321330492e-04 2.201699604184869936e-04 2.202466364846342357e-04 2.203585450714700897e-04 2.205215341603888521e-04 2.207572752812627921e-04 2.210995157435260300e-04 2.215959347771786180e-04 2.223156846206396950e-04 2.233587543995791812e-04 2.248696055793480248e-04 2.270567720369202360e-04 2.302209879559492561e-04 2.347954858454508024e-04 2.414036204183140602e-04 2.509410899630341689e-04 2.646929683912816259e-04 2.844998233200240426e-04 3.129927547561130782e-04 3.539247742275721713e-04 4.126350036004033505e-04 4.967125065441523914e-04 6.169391853581826296e-04 7.882457626817024332e-04 1.032591561109744193e-03 1.380832931549435486e-03 1.872595674617605604e-03 2.542492874281036385e-03 3.540657044877991520e-03 4.690571193846334100e-03 7.077636112657980164e-03 9.500798304924030005e-03 1.311092093043329625e-02 1.651240628602656385e-02 2.566816029301869501e-02 3.283554816690767431e-02 5.017063590925794486e-02 4.902820261276626818e-02 7.010297692090435018e-02 1.441464040871667240e-01 1.592676737289644984e-01 1.420538855744318818e-01 1.900654058309809435e-01 2.935313596928301183e-01 3.949900952982985936e-01 4.797351319525511304e-01 5.681603331765240350e-01 6.779586207623159444e-01 8.113438588339798585e-01 9.615697765065622793e-01 1.047740099972302108e+00 1.238445672582658030e+00 1.450378047075089549e+00 1.676739108977922443e+00 1.905402062824879117e+00 2.119196307951848990e+00 2.300316605230817935e+00 2.437351793865032423e+00 2.530884953553043548e+00 2.593649521084728793e+00 2.644155761070705601e+00 2.696765144199837039e+00 2.753678526339251142e+00 2.803440632119105214e+00 2.826783146906022726e+00 2.806333926519899880e+00 2.734659601486697067e+00 2.616516626536536716e+00 2.464980766878192675e+00 2.294719720184104084e+00 2.206222681287064447e+00 2.029666315748730465e+00 1.836529098932850657e+00 1.631018784092781448e+00 1.423022306299288608e+00 1.226403999072358086e+00 1.044062689910363106e+00 8.549917971361087332e-01 6.430046997173309853e-01 4.499634370754511115e-01 3.348629614793843245e-01 2.643005031379713210e-01 1.825944726185176059e-01 1.198210531351208002e-01 8.630241167590919915e-02 5.782379033486249875e-02 3.835641776607249392e-02 2.663718748781615520e-02 1.812217478871223919e-02 1.234000335731516400e-02 8.425276199962132562e-03 5.702555117448883729e-03 3.948213113635772563e-03 2.737325543622596679e-03 1.918902657445746389e-03 1.374209283856211907e-03 1.002741878463007117e-03 7.513720379996232388e-04 5.809638965900022073e-04 4.653992519807459687e-04 3.869550204753089730e-04 3.336636150172993427e-04 2.974332958748862740e-04 2.727838429506832885e-04 2.560018200171389397e-04 2.445686600299514500e-04 2.367747437840755963e-04 2.314586165278802133e-04 2.278306082730281029e-04 2.253534253920840751e-04 2.236612355075734296e-04 2.225047867091373924e-04 2.217141519876288883e-04 2.211734173288586907e-04 2.208034737862178795e-04 2.205507391623938299e-04 2.203752401914988281e-04 2.202573789027802067e-04 2.201770159681705279e-04 2.201213305933043480e-04 
2.201167023674000444e-04 2.201696131632453963e-04 2.202460860058804825e-04 2.203577297267790753e-04 2.205201128964996943e-04 2.207549797322056633e-04 2.210958410354292168e-04 2.215900521529161793e-04 2.223062673454761020e-04 2.233436785527098223e-04 2.248454712237631819e-04 2.270181370324141437e-04 2.301591422720295963e-04 2.346964914461203478e-04 2.412451779884812247e-04 2.506875330729048629e-04 2.642872715863449243e-04 2.838508541327027586e-04 3.119549619508302186e-04 3.522658980599696404e-04 4.099843993873271484e-04 4.924786378290284955e-04 6.101788503814325462e-04 7.774969512886452123e-04 1.015538802752146948e-03 1.351346899767404477e-03 1.826203124025723053e-03 2.484602867537483509e-03 3.449626448289967989e-03 4.582007592406014788e-03 7.011816101988633393e-03 8.692701770791313315e-03 1.225635908599985620e-02 1.684747723306401906e-02 2.201893467138378233e-02 3.224082201703758893e-02 4.396513981579621561e-02 5.519040889672700845e-02 5.362687603162466510e-02 1.070359104478724732e-01 1.641300567391833498e-01 1.660186551455405113e-01 1.639941965540284152e-01 2.108607202307183903e-01 2.991532147094219662e-01 3.986534780052116700e-01 4.917093342341851692e-01 5.763113549393206192e-01 6.572559606930985510e-01 7.395758345996719108e-01 7.861550463708457670e-01 8.915501324147067086e-01 1.014335203255568363e+00 1.151629772087810588e+00 1.295271337999902128e+00 1.433236329664135722e+00 1.553229947403490518e+00 1.647118087240029505e+00 1.713965906786171445e+00 1.759829268802753699e+00 1.794112727067655122e+00 1.824315250886002771e+00 1.852030199951353540e+00 1.872395177692525392e+00 1.877163181878641840e+00 1.859463648146330250e+00 1.817470630432461265e+00 1.755077678455598145e+00 1.679624250195842716e+00 1.598405435279407261e+00 1.557223457537705746e+00 1.476271332246662293e+00 1.387611383032206325e+00 1.289065150439555385e+00 1.177558974150383575e+00 1.049198248920523602e+00 8.985641847560178475e-01 7.245327556266709657e-01 5.476931371666322601e-01 4.107451489487023988e-01 3.266639505054403925e-01 2.526572438790615771e-01 1.737766769816391499e-01 1.203441793383915742e-01 8.745391269224521424e-02 5.754562494717536253e-02 3.871252460460138101e-02 2.713532080185694292e-02 1.826267320585330325e-02 1.250850624207944239e-02 8.578575901063856951e-03 5.797050916917153088e-03 4.005753713412881639e-03 2.771003868992241628e-03 1.941969495108262101e-03 1.389262996894320831e-03 1.012342240588239928e-03 7.574348509145010502e-04 5.848176104831195226e-04 4.678369354612842927e-04 3.884933034509645603e-04 3.346329726185858942e-04 2.980434080104950247e-04 2.731674694171164468e-04 2.562428354173553607e-04 2.447199736921514966e-04 2.368696852201500553e-04 2.315181575580880786e-04 2.278679326036474979e-04 2.253768142829406954e-04 2.236758873275665959e-04 2.225139627793432313e-04 2.217198973973803875e-04 2.211770139765247716e-04 2.208057249494290710e-04 2.205522002256434368e-04 2.203761279366113295e-04 2.202578919628368857e-04 2.201773610915615210e-04 2.201215460144358832e-04 
2.201164621608081497e-04 2.201692295664636431e-04 2.202454816621686083e-04 2.203568359759763796e-04 2.205185525900059580e-04 2.207524564979850056e-04 2.210918017743026588e-04 2.215835858610699666e-04 2.222959156656379158e-04 2.233271069805686890e-04 2.248189430320767185e-04 2.269756717032289282e-04 2.300911696789724817e-04 2.345877005737889720e-04 2.410710800165034157e-04 2.504089743567415355e-04 2.638416814286982551e-04 2.831383000459185566e-04 3.108159623569518707e-04 3.504462126602189958e-04 4.070788083249343389e-04 4.878406811067605283e-04 6.027756779857304384e-04 7.657538089438982887e-04 9.968966746057776433e-04 1.319297466667306452e-03 1.773995409559082827e-03 2.420284853649941077e-03 3.346810724109936918e-03 4.484049981333108024e-03 6.751296169290560249e-03 7.826177102331171448e-03 1.167966797031453827e-02 1.678455211927225993e-02 1.880426286325907401e-02 3.110109549186420436e-02 3.802559906589120936e-02 5.497962554430486926e-02 5.502843801123085549e-02 7.248211158420549138e-02 1.307842845247931818e-01 1.751976543785984108e-01 1.820948531739677856e-01 1.850594036944493981e-01 2.176607210547501781e-01 2.843566562866676195e-01 3.702077225292718654e-01 4.580060474548377503e-01 5.371978325682913447e-01 6.046926166137547298e-01 6.370466635289876445e-01 6.991147073821706304e-01 7.604282835826995379e-01 8.241045097304084965e-01 8.913176975778484001e-01 9.603542562576603547e-01 1.027126393347005617e+00 1.086849963996834534e+00 1.135955754916019966e+00 1.173214038361061862e+00 1.199577601116445180e+00 1.217046547926226463e+00 1.227401530299518262e+00 1.231595927224667930e+00 1.230021582980054928e+00 1.223204883535591314e+00 1.212221087302189471e+00 1.198398601355919801e+00 1.182475343896234765e+00 1.163814010773607022e+00 1.152830603219951344e+00 1.126187087088517336e+00 1.086433633950972144e+00 1.027151982099640648e+00 9.429656560492259976e-01 8.327254717893088909e-01 7.029241556596074192e-01 5.701484266245037125e-01 4.574857504770329375e-01 3.764005429403889935e-01 3.084952485424347080e-01 2.322449555496468032e-01 1.640780252185419230e-01 1.204176740180327582e-01 8.715776509265536764e-02 5.693309461041960728e-02 3.882381732568437882e-02 2.763128761082958226e-02 1.840529429286344096e-02 1.262853796488530231e-02 8.718124797129633841e-03 5.890335726082808476e-03 4.063192978165041346e-03 2.806817744759581776e-03 1.967081204729580809e-03 1.405307661170470106e-03 1.022688136201836814e-03 7.639878732481295573e-04 5.889933502683346311e-04 4.704842603295385966e-04 3.901668293701915065e-04 3.356891060252102763e-04 2.987089513476074223e-04 2.735863731407880495e-04 2.565062361939619991e-04 2.448854585026258648e-04 2.369735804150716323e-04 2.315833468431080489e-04 2.279088152827586221e-04 2.254024424253274473e-04 2.236919469911040879e-04 2.225240232845870805e-04 2.217261980580938490e-04 2.211809590155889942e-04 2.208081945904679429e-04 2.205538063933854844e-04 2.203771264302157239e-04 2.202584584113902047e-04 2.201777381706922177e-04 2.201217825783922954e-04 
2.201161986456382056e-04 2.201688049285870238e-04 2.202448174724084239e-04 2.203558570500140611e-04 2.205168395545662222e-04 2.207496829439695347e-04 2.210873617418551858e-04 2.215764779677527731e-04 2.222845369599969485e-04 2.233088917069199974e-04 2.247897847966852445e-04 2.269289994231408103e-04 2.300164705086546219e-04 2.344681601433785576e-04 2.408798151426347020e-04 2.501030240105443672e-04 2.633524326846825797e-04 2.823562554238005372e-04 3.095665457867048903e-04 3.484514533111884469e-04 4.038964424517165917e-04 4.827660049039296172e-04 5.946798144517649034e-04 7.529483692598671783e-04 9.765048661803906512e-04 1.285182540249911161e-03 1.716571916564125014e-03 2.345496603722671547e-03 3.218631122017066599e-03 4.360147311646474233e-03 6.204601052958612015e-03 7.246478716524598976e-03 1.131203833718505587e-02 1.554426179984300972e-02 1.779972777152458510e-02 2.697898089776714151e-02 3.582479004710692472e-02 4.721746518459898900e-02 5.932039778897553461e-02 6.260868782625367279e-02 8.855210957824002915e-02 1.390343291006350679e-01 1.807369951389993235e-01 1.983063051792152975e-01 2.058079219869826670e-01 2.237669892222752810e-01 2.615547679494152344e-01 3.160567917471862609e-01 3.783875644567185614e-01 4.401073648009795058e-01 4.715167346045316399e-01 5.317782497044772905e-01 5.864531852179534210e-01 6.348727410703093321e-01 6.780286064770416621e-01 7.175101164911433793e-01 7.544663227155337104e-01 7.890243424023081209e-01 8.203123381947156068e-01 8.469455272708036331e-01 8.676776519409331589e-01 8.819327218491898046e-01 8.900474940092303333e-01 8.931812551677617007e-01 8.929366655225730032e-01 8.907933288166269836e-01 8.875111557859125533e-01 8.827070702367567634e-01 8.747998808454724440e-01 8.614132583761416884e-01 8.518907504370091255e-01 8.264600628701382901e-01 7.876875903445486049e-01 7.333312370837842264e-01 6.644573500471376848e-01 5.869210370858676251e-01 5.106749000784929216e-01 4.453448184308926860e-01 3.923476042735546954e-01 3.399591021046499684e-01 2.750151015259530984e-01 2.064152482910617259e-01 1.552536163071870645e-01 1.188113954864246508e-01 8.478396028394842576e-02 5.593682968426288288e-02 3.862330282537540516e-02 2.801108098932338433e-02 1.857771525576062260e-02 1.270527946871286007e-02 8.829338164008234888e-03 5.977979117880718660e-03 4.119433154245739047e-03 2.845250223807331297e-03 1.994238554342793630e-03 1.422299236476297878e-03 1.033778379709602256e-03 7.710496089587715344e-04 5.935057493071026159e-04 4.733527150423655046e-04 3.919841594925745358e-04 3.368380788629827161e-04 2.994340782579652731e-04 2.740433344553933580e-04 2.567938581808789592e-04 2.450663132901499002e-04 2.370872057422073983e-04 2.316546839869827496e-04 2.279535762116398486e-04 2.254305138434410649e-04 2.237095442033542507e-04 2.225350504682262198e-04 2.217331060070330936e-04 2.211852853129303630e-04 2.208109034267328053e-04 2.205555712060430957e-04 2.203782551342761697e-04 2.202590848695384462e-04 2.201781512218082605e-04 2.201220425639327971e-04 
2.201159092452616584e-04 2.201683371574207127e-04 2.202440865985256060e-04 2.203547856637114687e-04 2.205149586574092031e-04 2.207466341987977159e-04 2.210824811581303423e-04 2.215686648753001917e-04 2.222720296218723944e-04 2.232888705420251114e-04 2.247577379112242744e-04 2.268777084373625416e-04 2.299343903385559905e-04 2.343368324035613362e-04 2.406697424481379314e-04 2.497670967136560410e-04 2.628154706186845496e-04 2.814983973131251972e-04 3.081969242327495793e-04 3.462666030936018815e-04 4.004146907445527343e-04 4.772215073821557164e-04 5.858439154638721974e-04 7.390123641223769356e-04 9.541805637682646045e-04 1.249701916276419952e-03 1.656647060721864410e-03 2.257252081214284386e-03 3.053792616464581691e-03 4.165450198928805081e-03 5.476990785473353184e-03 7.279661813880638870e-03 1.050681799653190723e-02 1.366528358416613589e-02 1.833982910758319082e-02 2.172092742650382283e-02 3.356455720847002083e-02 4.111522411062866478e-02 5.325585413271331087e-02 6.443150236020352140e-02 7.340052602118837810e-02 9.584913130599059805e-02 1.337724050895614802e-01 1.725754481992150813e-01 2.006636278138140828e-01 2.183836721463199293e-01 2.329030776552015181e-01 2.506683964036708900e-01 2.741192974438845242e-01 3.022820214909154313e-01 3.187632607773430715e-01 3.548062612319537457e-01 3.926477602405863965e-01 4.295893382884024558e-01 4.636242863069575115e-01 4.937466439397192319e-01 5.198381679954330314e-01 5.422764531280662714e-01 5.614947268461225605e-01 5.776951362393036860e-01 5.908034336420985300e-01 6.006185134517636470e-01 6.070204272884760499e-01 6.100923945842662288e-01 6.100814899871846997e-01 6.072280371535101473e-01 6.015778971103800110e-01 5.929091783134068372e-01 5.808452102677151840e-01 5.651209032513507813e-01 5.559083767726135106e-01 5.354611513538544143e-01 5.105338307211612081e-01 4.822785995140229098e-01 4.529788275964339306e-01 4.251643893310170785e-01 3.995682669622110383e-01 3.728147187299502008e-01 3.374993381263198811e-01 2.881557099616612883e-01 2.311184869051830515e-01 1.825630043453089491e-01 1.469468869314350112e-01 1.134442728484828383e-01 8.027558966393981421e-02 5.426807005365243824e-02 3.819358170878105890e-02 2.807584186017984124e-02 1.877054629368721944e-02 1.276831250360334694e-02 8.904137786736088939e-03 6.056972340337532339e-03 4.174232292832633952e-03 2.886704196419233228e-03 2.023134185220643727e-03 1.440181318287495982e-03 1.045577571212778258e-03 7.786289006392954149e-04 5.983651612897113040e-04 4.764520221345842433e-04 3.939531688337966076e-04 3.380857911752281012e-04 3.002229491169014454e-04 2.745412020854244030e-04 2.571076106207915231e-04 2.452637985528703809e-04 2.372113843207410329e-04 2.317327020578740853e-04 2.280025584291490764e-04 2.254612481902643897e-04 2.237288190538329997e-04 2.225471333904132667e-04 2.217406777156174320e-04 2.211900285994236257e-04 2.208138740100765401e-04 2.205575087037793460e-04 2.203795376738316579e-04 2.202597797615257411e-04 2.201786058681720029e-04 2.201223282942268229e-04 
2.201155907135706987e-04 2.201678265620379794e-04 2.202432836514688346e-04 2.203536137430487155e-04 2.205128930862248929e-04 2.207432829438444851e-04 2.210771163541896272e-04 2.215600768161985162e-04 2.222582822849524106e-04 2.232668659161435440e-04 2.247225196484968479e-04 2.268213493943761587e-04 2.298442166106728294e-04 2.341925906429142537e-04 2.404390867660640937e-04 2.493984083547079174e-04 2.622264539078238230e-04 2.805580061032796990e-04 3.066967950055182507e-04 3.438760539413166493e-04 3.966104319083162805e-04 4.711739164183627142e-04 5.762255114991896628e-04 7.238640881395367460e-04 9.297782767415063666e-04 1.213193303967524759e-03 1.599060949832540983e-03 2.159130001495142108e-03 2.863794853442261975e-03 3.911287309979960373e-03 4.933553800676991098e-03 7.568903256694846891e-03 8.914199287805027461e-03 1.265590351033550262e-02 1.725448703121109165e-02 2.003744248754470506e-02 2.712599573824499288e-02 3.810621948592392977e-02 4.582081895694714579e-02 5.688032844976154828e-02 6.996517131095844610e-02 8.221824864778554121e-02 9.790169326466785504e-02 1.206882135477571755e-01 1.483626313902917104e-01 1.759037107505729836e-01 1.998211121607313678e-01 2.193756652633221116e-01 2.355103900739802247e-01 2.494920410083552031e-01 2.565496390645201075e-01 2.708843206049209584e-01 2.855768745671980469e-01 3.002903088338087501e-01 3.143568603574604658e-01 3.270444501680914162e-01 3.378250549781383616e-01 3.465417495738953857e-01 3.534289046847792215e-01 3.590040683861063786e-01 3.638910893459653129e-01 3.686408079284607675e-01 3.735966073847504232e-01 3.788256304756754123e-01 3.841172672985355696e-01 3.890417029272594251e-01 3.930562315376140425e-01 3.956383199011193064e-01 3.964123170330413060e-01 3.952301336657951247e-01 3.939241651456621418e-01 3.900859945573365017e-01 3.842005970262046821e-01 3.760435258585741458e-01 3.651289833235756843e-01 3.503637790756344850e-01 3.299490829279585480e-01 3.020804328032443142e-01 2.667823376437797878e-01 2.280156422735681587e-01 1.927084938136750525e-01 1.636487658393225852e-01 1.349496937668043517e-01 1.032022092847916933e-01 7.403024596222237963e-02 5.155930282585140245e-02 3.766078239035294123e-02 2.766069691959923554e-02 1.887525635283038641e-02 1.285147278712287303e-02 8.948174525089683251e-03 6.127430095397807391e-03 4.228123649838893931e-03 2.930711979254400565e-03 2.052981817688114864e-03 1.458882242965267367e-03 1.058003255353395181e-03 7.867158568249392383e-04 6.035742972620536818e-04 4.797888119957280156e-04 3.960805132642693455e-04 3.394376786882102827e-04 3.010796034844738685e-04 2.750828351249496695e-04 2.574494498230027744e-04 2.454792252215276787e-04 2.373469816361728610e-04 2.318179662175894648e-04 2.280561279508688127e-04 2.254948810053255159e-04 2.237499223631092863e-04 2.225603682414756528e-04 2.217489743358968407e-04 2.211952276505920747e-04 2.208171308520417639e-04 2.205596328813032997e-04 2.203810017987220765e-04 2.202605549222296497e-04 2.201791077141319192e-04 2.201226419475695419e-04 
2.201152397627880765e-04 2.201672699615474281e-04 2.202424056656976446e-04 2.203523317772384887e-04 2.205106240212336267e-04 2.207395991876266684e-04 2.210712194245752281e-04 2.215506373215196060e-04 2.222431730223422826e-04 2.232426836971257303e-04 2.246838214657845181e-04 2.267594330243252884e-04 2.297451756830556717e-04 2.340342159690991200e-04 2.401859364322896670e-04 2.489939780255069146e-04 2.615807684833933210e-04 2.795280074143089918e-04 3.050554463606589776e-04 3.412638428331756088e-04 3.924604429282929673e-04 4.645909216203082497e-04 5.657913651639008036e-04 7.074008768542101823e-04 9.033686138308831375e-04 1.174855827028329974e-03 1.546987586714322193e-03 2.062294000908486066e-03 2.696857487910382222e-03 3.690637173092147470e-03 4.782726724529307374e-03 7.051709797119825630e-03 7.869732784967215303e-03 1.183167741849558245e-02 1.478564680905759821e-02 1.980835097408230328e-02 2.286510772034171593e-02 3.057914687330124878e-02 4.126011287495857244e-02 4.946723566911390146e-02 5.889405341370194946e-02 7.159068098879897701e-02 8.494984463766126759e-02 9.742010165806093414e-02 1.100060797416934216e-01 1.239504784540694238e-01 1.392668028028780647e-01 1.550343269666949186e-01 1.702090126401819281e-01 1.840944844902920041e-01 1.910127572734888479e-01 2.043751177418888787e-01 2.169274048232389396e-01 2.285568526094911568e-01 2.392098865288319887e-01 2.488485874962369782e-01 2.574461187975649601e-01 2.650151199414506609e-01 2.716427529266924878e-01 2.775024411966166560e-01 2.828250660165659847e-01 2.878334552221304410e-01 2.926627429795289892e-01 2.972973752880883613e-01 3.015503566036970562e-01 3.050946236666905453e-01 3.075369879423602848e-01 3.085098566179937385e-01 3.077509680779831891e-01 3.051483265275870549e-01 3.031630947934467746e-01 2.979995204037168000e-01 2.906229151104348096e-01 2.808474117973833173e-01 2.686315084483009152e-01 2.541218156965249220e-01 2.376961448571975888e-01 2.199612709188422111e-01 2.016318325761394525e-01 1.831763446375412607e-01 1.640180761318420222e-01 1.420130622820282018e-01 1.160374730552876238e-01 8.949645113894058590e-02 6.613516300748346899e-02 4.808794046266851724e-02 3.677339939734092927e-02 2.682809289294677338e-02 1.869929993799951742e-02 1.292919772031057672e-02 8.974449591386423133e-03 6.189964411485962548e-03 4.280359460053879614e-03 2.974674195597207336e-03 2.082498779624686758e-03 1.478261677883371209e-03 1.070922079770495524e-03 7.952691363917761607e-04 6.091234432058566066e-04 4.833643879433777418e-04 3.983707723408813498e-04 3.408982883023706527e-04 3.020077754072082472e-04 2.756710111341702024e-04 2.578213377701575300e-04 2.457139364288446742e-04 2.374948977871646656e-04 2.319110707188266104e-04 2.281146728273271830e-04 2.255316636040810075e-04 2.237730158597378127e-04 2.225748585799691519e-04 2.217580619157268182e-04 2.212009244558561956e-04 2.208207005463439605e-04 2.205619567512804192e-04 2.203826778433074223e-04 2.202614264832668310e-04 2.201796596881343130e-04 2.201229856625741067e-04 
2.201148539601391070e-04 2.201666553089193441e-04 2.202414472713845150e-04 2.203509273950137457e-04 2.205081301536617030e-04 2.207355500261238017e-04 2.210647378623390282e-04 2.215402626709619364e-04 2.222265685346504660e-04 2.232161120267240641e-04 2.246413074106122986e-04 2.266914281143442972e-04 2.296364306181967216e-04 2.338603957640218289e-04 2.399082446507263752e-04 2.485506375204447438e-04 2.608735564766214094e-04 2.784010435841925766e-04 3.032619151106268518e-04 3.384139886126726559e-04 3.879419300086851255e-04 4.574424427864331858e-04 5.545159711081170967e-04 6.895290628661899330e-04 8.753699027976134415e-04 1.132773281368227875e-03 1.493177697003856804e-03 1.967718970659499637e-03 2.582788367326955235e-03 3.501493401604101590e-03 4.604227467713373038e-03 5.810211891025599679e-03 8.192785532218025898e-03 9.647495794195623184e-03 1.371465195273305696e-02 1.690553994226618242e-02 2.202227339856376379e-02 2.541093248118098114e-02 3.174274586065811699e-02 4.183516737092649040e-02 5.122487382325884714e-02 5.962179215155632289e-02 6.899263993945611850e-02 7.944917321525067633e-02 8.978018279078719965e-02 9.915864766131940455e-02 1.075223652797386437e-01 1.151370349841968066e-01 1.222200094839515083e-01 1.288440909942864532e-01 1.322606868298195348e-01 1.391498841589435265e-01 1.460096098869724246e-01 1.527105719565378938e-01 1.591442357667658403e-01 1.652335480140848245e-01 1.709256811178656299e-01 1.761753575959618678e-01 1.809291247980079620e-01 1.851179064580872613e-01 1.886601929197244398e-01 1.914740875465900938e-01 1.934943161783928556e-01 1.946898859082193123e-01 1.950783635448545827e-01 1.947331307787908139e-01 1.937806589109045130e-01 1.923864445894117037e-01 1.907309990542755962e-01 1.889805103868946179e-01 1.881106604962232975e-01 1.864553229834901293e-01 1.847455984972694865e-01 1.829377650453827275e-01 1.808445092900853590e-01 1.780772829459476014e-01 1.740322003572578879e-01 1.679622281362317671e-01 1.591548733243312586e-01 1.471298645841958574e-01 1.317193664545191212e-01 1.133042365450350197e-01 9.343934080940510811e-02 7.421823512725735095e-02 5.722362297911889883e-02 4.466137680679471006e-02 3.488028568570962495e-02 2.575122059197293770e-02 1.816571802365100213e-02 1.286803912670551539e-02 8.974009542733951336e-03 6.235437960298980016e-03 4.324893775773295222e-03 3.013204840852041003e-03 2.110203006352517636e-03 1.497952541896009496e-03 1.084155702084545290e-03 8.042013255981334636e-04 6.149845775886891765e-04 4.871718567413695815e-04 4.008249665002158344e-04 3.424707067889588407e-04 3.030105995121292720e-04 2.763082874450812037e-04 2.582251797493918051e-04 2.459692790784460785e-04 2.376560549303645268e-04 2.320126335740376356e-04 2.281786010812383002e-04 2.255718624311309445e-04 2.237982721042290288e-04 2.225907154541153805e-04 2.217680115622094232e-04 2.212071643662683019e-04 2.208246118848254940e-04 2.205644908704393727e-04 2.203845938471183806e-04 2.202624135310577986e-04 2.201802621885142494e-04 2.201233621330065716e-04 
2.201144310613150745e-04 2.201659722982594327e-04 2.202403973461505491e-04 2.203493824553084718e-04 2.205053869665534632e-04 2.207310993912160941e-04 2.210576141814118729e-04 2.215288613353469025e-04 2.222083233509357055e-04 2.231869202259102302e-04 2.245946127305565579e-04 2.266167599899402969e-04 2.295170801220331857e-04 2.336697246213237887e-04 2.396038360209042139e-04 2.480650512771425298e-04 2.600997658251688691e-04 2.771695854826608497e-04 3.013052189417745165e-04 3.353109565796067175e-04 3.830334793826120198e-04 4.497013027764200886e-04 5.423640495097443266e-04 6.702654969021323633e-04 8.461235437050639930e-04 1.086318152065513572e-03 1.420575696310820727e-03 1.849183272535086849e-03 2.446478526357837285e-03 3.185613268802435505e-03 4.162199550138407159e-03 5.319202743452499521e-03 7.447082941502830393e-03 8.862887055331473626e-03 1.144145616065444029e-02 1.521483507173575049e-02 1.847822718093687297e-02 2.337463566678400426e-02 2.722601874956549414e-02 3.161410088738164648e-02 3.883447796371264360e-02 4.761714756475093208e-02 5.611861700520052315e-02 6.383063432225918876e-02 7.092217529629037120e-02 7.750879504500629569e-02 8.356236816374396081e-02 8.903635494471906497e-02 9.392863487732884542e-02 9.827406279425976443e-02 1.004322285264823977e-01 1.046394094285600096e-01 1.086758810769818673e-01 1.125034524789913504e-01 1.160783774271107599e-01 1.193593607997789907e-01 1.223163682042693184e-01 1.249367200938628075e-01 1.272267751084245335e-01 1.292096261894472020e-01 1.309205440638133988e-01 1.324019650358095879e-01 1.336989266577024438e-01 1.348547442881916636e-01 1.359061367001095644e-01 1.368773214971031049e-01 1.377736487887847028e-01 1.385765231783456786e-01 1.392419412879374596e-01 1.397044472099902568e-01 1.398355530286528592e-01 1.398510480628654407e-01 1.394313870674357136e-01 1.383741627470469748e-01 1.364627311775096774e-01 1.334977780348293730e-01 1.293126685934520015e-01 1.237436320574443888e-01 1.165686359886289880e-01 1.075254133190646916e-01 9.656345998757522031e-02 8.422395042810984500e-02 7.156831429183396764e-02 5.968317815414873190e-02 4.957673179212494091e-02 4.075856484871653168e-02 3.200108828546704282e-02 2.422047346897150677e-02 1.743937501357621309e-02 1.253525935037069251e-02 8.896263012515252463e-03 6.237329703594512303e-03 4.349367945579285695e-03 3.040132755060681591e-03 2.134765901983164214e-03 1.517113124200674323e-03 1.097461690936865327e-03 8.133640109524921825e-04 6.211030209546516620e-04 4.911926534180150036e-04 4.034385723643983852e-04 3.441556457471508070e-04 3.040901759694864025e-04 2.769968107705722635e-04 2.586627339384573701e-04 2.462465613501539012e-04 2.378313778251102894e-04 2.321232879233291809e-04 2.282483370483451399e-04 2.256157576436832520e-04 2.238258740448405249e-04 2.226080573495701684e-04 2.217788995250552758e-04 2.212139962067425573e-04 2.208288959625725057e-04 2.205672412664453166e-04 2.203867640404544531e-04 2.202635363202650560e-04 2.201809190254084506e-04 2.201237751509041505e-04 
2.201139664966323176e-04 2.201652268411479472e-04 2.202392498104748810e-04 2.203476674236821541e-04 2.205023656884833711e-04 2.207262077914608233e-04 2.210497855337967190e-04 2.215163334279513711e-04 2.221882790770473139e-04 2.231548578402993497e-04 2.245433428304068936e-04 2.265348097863323601e-04 2.293861591874424050e-04 2.334607088277478580e-04 2.392704202220092668e-04 2.475337504087374036e-04 2.592542270331410883e-04 2.758260954950620650e-04 2.991746943189787546e-04 3.319403350972779661e-04 3.777164470583314350e-04 4.413451660535215159e-04 5.292915807763352116e-04 6.498678102841344301e-04 8.150895597415917966e-04 1.038290428282733152e-03 1.332359294768040896e-03 1.713918842938339177e-03 2.256220288980468214e-03 2.889294455808149621e-03 3.877835651378324592e-03 4.992068028574955449e-03 6.083417131677068372e-03 8.545903248600815807e-03 9.858305727743720687e-03 1.243977465699414899e-02 1.630388071894382090e-02 1.937161674141596804e-02 2.313700422963723205e-02 2.722773875570470153e-02 3.104776239718630773e-02 3.522428092642173464e-02 4.023662756277269353e-02 4.584642879281397576e-02 5.152606343529682331e-02 5.685067314253158116e-02 6.159714477335387350e-02 6.570053697394408199e-02 6.918865557397060884e-02 7.213249133260889179e-02 7.353947679913050428e-02 7.618157906968026083e-02 7.860605077235825744e-02 8.083080849922949507e-02 8.287354004428307275e-02 8.474762010833535031e-02 8.646025227807530023e-02 8.801294588808321329e-02 8.940370551189058546e-02 9.062986120490104658e-02 9.169043983278207799e-02 9.258733610540220704e-02 9.332511522129510739e-02 9.390983935425539775e-02 9.434765320306587322e-02 9.464387035400825821e-02 9.480297359292369497e-02 9.482940484886716315e-02 9.472849446015432773e-02 9.450661045699808305e-02 9.435227230831819134e-02 9.396583941866676337e-02 9.341402850089108867e-02 9.263825016397571332e-02 9.153384053788513053e-02 8.992204734629118124e-02 8.754120740052943883e-02 8.410456961727032221e-02 7.945992080529556967e-02 7.378157393972838152e-02 6.757369545145865131e-02 6.134793636235466585e-02 5.530335018219507959e-02 4.931684557045779016e-02 4.282330951835126159e-02 3.559386949835025710e-02 2.866887806612544026e-02 2.202474747312255926e-02 1.649407220409224162e-02 1.198456453584879552e-02 8.694887491529450924e-03 6.169717458266005781e-03 4.343296965370275868e-03 3.052597746651047189e-03 2.154486460836862755e-03 1.534314448008112543e-03 1.110419164530029000e-03 8.225325385825896099e-04 6.273848549434227337e-04 4.953906378199533864e-04 4.061990523994014868e-04 3.459500362960434613e-04 3.052469853400814029e-04 2.777380359202724831e-04 2.591354759154667763e-04 2.465469901934946298e-04 2.380217646625431812e-04 2.322436687121730433e-04 2.283243154498276273e-04 2.256636405986957501e-04 2.238560140448612546e-04 2.226270098843521883e-04 2.217908071606962211e-04 2.212214723332963512e-04 2.208335862677804210e-04 2.205702070644608847e-04 2.203891655635149989e-04 2.202648177819824216e-04 2.201816417208976237e-04 2.201242289348904221e-04 
2.201134542160684284e-04 2.201644144133441507e-04 2.202380013838519507e-04 2.203457310577927716e-04 2.204990319234691621e-04 2.207208320527651079e-04 2.210411833328298201e-04 2.215025701883731009e-04 2.221662637401383038e-04 2.231196539239889897e-04 2.244870727717917873e-04 2.264449148902264463e-04 2.292426421711737656e-04 2.332317757591903962e-04 2.389056153768020639e-04 2.469531853245752985e-04 2.583317647044857594e-04 2.743632541902157125e-04 2.968604419108990689e-04 3.282896994336905990e-04 3.719770278234647842e-04 4.323612459937086687e-04 5.152946522759793398e-04 6.285119774700123748e-04 7.815678967724933339e-04 9.883902403099074051e-04 1.257403890938875446e-03 1.624469392805783690e-03 2.103274102039257715e-03 2.713481731003276800e-03 3.444135599276381202e-03 4.395060769118460005e-03 5.705439360033589397e-03 6.830449083465505063e-03 9.135243369052591794e-03 1.087171406322793438e-02 1.277900147381413366e-02 1.613577589442795682e-02 1.940685764056150620e-02 2.218046340570201808e-02 2.496548539850544299e-02 2.790501255669164057e-02 3.088024006297815371e-02 3.380585957640711708e-02 3.664775154356739867e-02 3.936875126507628081e-02 4.191735711619154481e-02 4.424438694349155932e-02 4.631823541428854024e-02 4.812943431203456357e-02 4.900988438025347810e-02 5.067559896202802894e-02 5.219754890877825043e-02 5.356436014670076795e-02 5.477488095273100321e-02 5.583704581101956582e-02 5.676567029363480815e-02 5.757964020338402628e-02 5.829900557448542547e-02 5.894243622639089297e-02 5.952536006018713244e-02 6.005892285970152594e-02 6.054972017904518278e-02 6.100009802034830203e-02 6.140873281890516650e-02 6.177120415173459334e-02 6.208036874900963592e-02 6.232651042441906403e-02 6.249742922205475670e-02 6.257877632302863424e-02 6.258099833253084887e-02 6.250091200723406626e-02 6.227068015360209124e-02 6.183256596181425230e-02 6.112598211038084567e-02 6.010438426821202579e-02 5.875845292635167166e-02 5.712895166302293243e-02 5.528073722283768920e-02 5.322984717412977684e-02 5.088471432477349732e-02 4.808279167692593170e-02 4.464290986310107123e-02 4.036067185440839894e-02 3.532715547341627044e-02 3.004465598856404310e-02 2.462999178531182637e-02 1.961181922247895101e-02 1.501990207930823523e-02 1.129442606980355680e-02 8.362653945797276708e-03 6.029247006314917938e-03 4.302499242698480664e-03 3.049632194763101517e-03 2.165792736583553417e-03 1.547795936033079635e-03 1.122214420324187849e-03 8.313758781945022273e-04 6.336797823758910176e-04 4.997024490066760043e-04 4.090815236146462660e-04 3.478452354819611342e-04 3.064789738375079233e-04 2.785322863012102334e-04 2.596443982677162335e-04 2.468715782527984158e-04 2.382280439977779653e-04 2.323743926513362852e-04 2.284069722390133451e-04 2.257158097823964147e-04 2.238888921569933506e-04 2.226477051408796851e-04 2.218038207227847271e-04 2.212296486084084702e-04 2.208387187515507377e-04 2.205733791213714261e-04 2.203916975278040556e-04 2.202662817439645249e-04 2.201824394142720860e-04 2.201247266266937190e-04 
2.201128916118872498e-04 2.201635083061600747e-04 2.202366287570699927e-04 2.203434833753253495e-04 2.204953443584999084e-04 2.207149250715281699e-04 2.210317328987954229e-04 2.214874535324427504e-04 2.221420912969592387e-04 2.230810166960686279e-04 2.244253475764413361e-04 2.263463710523771013e-04 2.290854492451548227e-04 2.329812899222982433e-04 2.385069841938426173e-04 2.463198023439206298e-04 2.573273527221979235e-04 2.727742628693062251e-04 2.943538939271623470e-04 3.243495327708946019e-04 3.658083877510161014e-04 4.227539689467237419e-04 5.004304959884333260e-04 6.057048029402851020e-04 7.467445922995934095e-04 9.331858134102251389e-04 1.182370167791997389e-03 1.510464343287720723e-03 1.899993952118020054e-03 2.435847989265734100e-03 3.099683250470398107e-03 3.944116640456565501e-03 4.888627479344735335e-03 6.213980238511933318e-03 7.373534509212203818e-03 9.114185898010409431e-03 1.127733679660628159e-02 1.304667858820828669e-02 1.500056667253728271e-02 1.740141983916819110e-02 1.988080334308389707e-02 2.213749083265354259e-02 2.411383881944336935e-02 2.585867244717804034e-02 2.742733673210610845e-02 2.885566861392316676e-02 3.016214809801945340e-02 3.135462128428274237e-02 3.243601456468180044e-02 3.340829039733750339e-02 3.389397182587507162e-02 3.484260811823211568e-02 3.575072597883816039e-02 3.660655623105371625e-02 3.740010714502012279e-02 3.812434318586121335e-02 3.877600429568965612e-02 3.935594319362808319e-02 3.986893657664698776e-02 4.032300277089525403e-02 4.072832188418061550e-02 4.109589997677162015e-02 4.143614602529602231e-02 4.175754064055055975e-02 4.206556820227642240e-02 4.236205667578959305e-02 4.264501920639458127e-02 4.290901989004049927e-02 4.314600148505737254e-02 4.334643177605897874e-02 4.342987045274381702e-02 4.355601222358475993e-02 4.362863090942897815e-02 4.362061118250800534e-02 4.350047110619029156e-02 4.323452112610591536e-02 4.278978303651941734e-02 4.213685740999268542e-02 4.125034085662471900e-02 4.010005345321459441e-02 3.862501194643943453e-02 3.671001093327600634e-02 3.424160191164744155e-02 3.124232244887512749e-02 2.783665291397912842e-02 2.417095720157441327e-02 2.053226711809370830e-02 1.680098305368740025e-02 1.330385325738169845e-02 1.038577142767111751e-02 7.867586349146983224e-03 5.801568827033936129e-03 4.210333684532609547e-03 3.022776808712324560e-03 2.163590669991790737e-03 1.555534926429917499e-03 1.131545487460407402e-03 8.393811535668717220e-04 6.397534838464327125e-04 5.040244561905235596e-04 4.120420194921738761e-04 3.498241577752260337e-04 3.077801753084207859e-04 2.793781447050629760e-04 2.601897277214513214e-04 2.472210084542665262e-04 2.384509110481981137e-04 2.325160285648848269e-04 2.284967308482187384e-04 2.257725645257015819e-04 2.239247133283008256e-04 2.226702804810114982e-04 2.218180309035041307e-04 2.212385842571700000e-04 2.208443318682714858e-04 2.205767432087048620e-04 2.203941219337039693e-04 2.202679331610891283e-04 2.201833093022012718e-04 2.201252710916756891e-04 
2.201122746336939425e-04 2.201625213655253072e-04 2.202351139166274549e-04 2.203407730510345032e-04 2.204912550735075769e-04 2.207084355980773178e-04 2.210213531498781932e-04 2.214708557145811493e-04 2.221155613979006844e-04 2.230386337487380328e-04 2.243576836767066716e-04 2.262384368172001663e-04 2.289134574110282658e-04 2.327075777702399559e-04 2.380720865657538939e-04 2.456301503308650435e-04 2.562363226391433388e-04 2.710532363504444733e-04 2.916485277872961097e-04 3.201145156711260038e-04 3.592117755510649516e-04 4.125387016684484414e-04 4.847132720253565646e-04 5.814384139235605599e-04 7.103389260469381624e-04 8.798029511943040440e-04 1.100470229319387575e-03 1.378259955526981708e-03 1.755828830354504849e-03 2.205701291393886900e-03 2.759135396666987251e-03 3.439797943459277797e-03 4.265939668814081216e-03 5.243188538124135718e-03 6.390693413228054447e-03 7.638529970457413887e-03 8.845968835333050187e-03 1.037869215509907433e-02 1.214376710571413512e-02 1.383392818972156886e-02 1.535021173785875576e-02 1.672942847537072647e-02 1.800943056151350571e-02 1.919886910403779262e-02 2.029180692322978680e-02 2.128166236731243721e-02 2.216673816260113575e-02 2.295062018813977256e-02 2.364063059721616816e-02 2.424601129749615752e-02 2.454420840642121404e-02 2.512153783371937066e-02 2.567262235317059604e-02 2.619684116813073699e-02 2.669380500437381135e-02 2.716316167256992153e-02 2.760444609128121299e-02 2.801698928253882476e-02 2.839988890355981885e-02 2.875203655631963784e-02 2.907219447615303626e-02 2.935911381720050436e-02 2.961168534811234321e-02 2.982910883685182049e-02 3.001106015958246442e-02 3.015782819255864028e-02 3.027039096736391585e-02 3.035040550893224054e-02 3.040009854713236759e-02 3.042206296977899641e-02 3.042349051825839895e-02 3.040921054712874758e-02 3.036945805206795607e-02 3.029894589975891048e-02 3.018996569368962227e-02 3.003002622847798092e-02 2.979846618913066167e-02 2.946315939526876135e-02 2.898056543502437396e-02 2.830388309017379048e-02 2.739897978584315830e-02 2.625151166836475064e-02 2.484474780897516846e-02 2.314619767684027857e-02 2.116727985715688085e-02 1.894132427160783241e-02 1.645242725902187550e-02 1.394007494485088525e-02 1.154602858067127653e-02 9.283442088333190845e-03 7.217481520133497454e-03 5.463624554190676247e-03 4.045509217508083677e-03 2.958573687507006118e-03 2.143435809864576401e-03 1.554448043766850978e-03 1.136819322472320832e-03 8.457597191241653448e-04 6.452442620332636894e-04 5.081936506528572130e-04 4.150090686753172067e-04 3.518566490233373525e-04 3.091388075331142509e-04 2.802715319423045091e-04 2.607704903952723623e-04 2.475954345726343649e-04 2.386908346886054038e-04 2.326690537670778307e-04 2.285939818201817404e-04 2.258341955592216277e-04 2.239636830847507203e-04 2.226948766267620452e-04 2.218335320198881343e-04 2.212483415522807683e-04 2.208504665551561639e-04 2.205802950151448060e-04 2.203960109575742936e-04 2.202697321173482329e-04 2.201842577119024686e-04 2.201258677620336135e-04 
2.201115942214688719e-04 2.201614349921645166e-04 2.202334100798905266e-04 2.203373741644827101e-04 2.204867152562323509e-04 2.207013080648065340e-04 2.210099563703050096e-04 2.214526391657768581e-04 2.220864595299267257e-04 2.229921730432471666e-04 2.242835719569710772e-04 2.261203410855004302e-04 2.287255175392354423e-04 2.324089638182730776e-04 2.375985527831042817e-04 2.448810237087987204e-04 2.550546336448682931e-04 2.691956960581054817e-04 2.887407315741826385e-04 3.155850867784666365e-04 3.521973589596712889e-04 4.017432665351307504e-04 4.682215133383852562e-04 5.566496668114423148e-04 6.727473233155962075e-04 8.245120126572331272e-04 1.019270143620944419e-03 1.269189792700468411e-03 1.573175286537679659e-03 1.962744705635764003e-03 2.439473052541086227e-03 2.998896689218124873e-03 3.674991623146520343e-03 4.401668326580290662e-03 5.311192754936095578e-03 6.260966750627891195e-03 7.258494219530746763e-03 8.306505147540185416e-03 9.352026080668486910e-03 1.038223214954298208e-02 1.139568158328398834e-02 1.237566309229170235e-02 1.329788569049170262e-02 1.414170610187003192e-02 1.489481661872390714e-02 1.555351023496017587e-02 1.612094443491637885e-02 1.660475506349743877e-02 1.701481875326576326e-02 1.736156024323950650e-02 1.752767611205461110e-02 1.784021533121854866e-02 1.812718362436564062e-02 1.838987707209028058e-02 1.862997428793191843e-02 1.884935817945410097e-02 1.904995432544784664e-02 1.923360236301103338e-02 1.940196976810371066e-02 1.955650919894364251e-02 1.969845296579880375e-02 1.982883298497946020e-02 1.994851289475182629e-02 2.005822081584156258e-02 2.015857526911528710e-02 2.025010105128977403e-02 2.033323464083471727e-02 2.040831923769158979e-02 2.047558852265633084e-02 2.053513736417801258e-02 2.056199795673960967e-02 2.060909398800086709e-02 2.065141618599318149e-02 2.068536056248033994e-02 2.070513624889335630e-02 2.070143084603127959e-02 2.065960631444942880e-02 2.055768133119004193e-02 2.036490127951654308e-02 2.004279976852913966e-02 1.955228126967036711e-02 1.886920176485420292e-02 1.799911154735599206e-02 1.696623859239795862e-02 1.578301707954530078e-02 1.446046862004467422e-02 1.300420112199208306e-02 1.139452159398804919e-02 9.716062387658000454e-03 8.033919628217357084e-03 6.445945201592647757e-03 5.018429442991590925e-03 3.814197861347992571e-03 2.849066527428016551e-03 2.099226352433573688e-03 1.540567097870297001e-03 1.136091312033881253e-03 8.494171466946438343e-04 6.496196982368504340e-04 5.119617556946878291e-04 4.178709507650068536e-04 3.538936265002206607e-04 3.105342183195613278e-04 2.812043202525898143e-04 2.613838783022005147e-04 2.479941870657128254e-04 2.389479203824017089e-04 2.328337901041560359e-04 2.286990528696933105e-04 2.259009710285665707e-04 2.240060010457220854e-04 2.227216346970382237e-04 2.218504206958990955e-04 2.212589852551770061e-04 2.208571660481951080e-04 2.205840770343835795e-04 2.203967952783593702e-04 2.202715758900868038e-04 2.201853048908038678e-04 2.201265224446634990e-04 
2.201108484289544028e-04 2.201602387538254999e-04 2.202314476226683822e-04 2.203330387186406181e-04 2.204816922783015974e-04 2.206934824346415208e-04 2.209974480989634101e-04 2.214326565917063558e-04 2.220545577004008197e-04 2.229412849982590069e-04 2.242024829465654487e-04 2.259912948142205199e-04 2.285204791669957552e-04 2.320838209142244086e-04 2.370841817370798212e-04 2.440696477978089628e-04 2.537792101391012534e-04 2.671991604706481908e-04 2.856307890822233240e-04 3.107689307369501338e-04 3.447892517991681810e-04 3.904410807208388108e-04 4.511387371866767905e-04 5.310123712758976983e-04 6.352464031026763564e-04 7.691538741549265720e-04 9.395880301056564561e-04 1.154044903021761870e-03 1.419697749940135745e-03 1.737699379761825169e-03 2.131638756196006790e-03 2.577437426910998870e-03 3.115332708163923072e-03 3.708986433543096008e-03 4.359131748803802414e-03 5.039952324949349867e-03 5.768410781938699411e-03 6.509567993376054115e-03 7.219904357003148476e-03 7.885802379287643743e-03 8.509752800014385235e-03 9.092994318044323593e-03 9.631602633532002425e-03 1.012006650852831369e-02 1.055501993053357956e-02 1.093655763192688014e-02 1.126770195978655034e-02 1.155322824744813362e-02 1.179859993518905976e-02 1.200925537774076741e-02 1.211140297149385960e-02 1.230604586714512637e-02 1.248786290053406980e-02 1.265706693077409128e-02 1.281403212597609018e-02 1.295927268056467838e-02 1.309342188303899528e-02 1.321720826131828411e-02 1.333142654851921134e-02 1.343690293768941800e-02 1.353445580165228181e-02 1.362485415338005219e-02 1.370877643487696494e-02 1.378677200472545189e-02 1.385922746766934423e-02 1.392634020383462165e-02 1.398810214941606511e-02 1.404429757863329305e-02 1.409451852267906528e-02 1.413819983466492632e-02 1.415738139690052994e-02 1.418956681721788605e-02 1.421566619069016164e-02 1.423225188823126416e-02 1.423496259669947139e-02 1.421852393010309204e-02 1.417686247119277244e-02 1.410322111191907209e-02 1.399007172260469979e-02 1.382853150698613517e-02 1.360710146146366928e-02 1.331038196021805224e-02 1.291972301710498164e-02 1.241575833443645492e-02 1.177862003119112613e-02 1.099440711277074011e-02 1.007464591809733266e-02 9.038557208401720375e-03 7.914747812908129454e-03 6.746071987412994436e-03 5.577386238128034801e-03 4.478576012085549313e-03 3.513566707607443211e-03 2.689296157764655814e-03 2.024010091782916035e-03 1.509997839746323378e-03 1.126685214854862950e-03 8.489146659556853292e-04 6.521363994393237313e-04 5.149652419459067095e-04 4.204575557272793016e-04 3.558583296901503094e-04 3.119326827771120919e-04 2.821623620660154339e-04 2.620243207642131752e-04 2.484153403306492815e-04 2.392217083815730916e-04 2.330103099351868022e-04 2.288121649455032507e-04 2.259731159343597411e-04 2.240518513211846492e-04 2.227506917542801260e-04 2.218687938276709261e-04 2.212705817106903601e-04 2.208644752742774855e-04 2.205882374324830131e-04 2.203961407115685180e-04 2.202732728657934877e-04 2.201864459573973215e-04 2.201272381881522818e-04 
2.201100272231578151e-04 2.201589246455403122e-04 2.202291299744531922e-04 2.203277483749860387e-04 2.204761972009310078e-04 2.206848939404887887e-04 2.209837271964553774e-04 2.214107514422762786e-04 2.220196158710001160e-04 2.228856060554118611e-04 2.241138748530110936e-04 2.258505080433528443e-04 2.282972250157078078e-04 2.317306376674754960e-04 2.365270681774146353e-04 2.431939106820291368e-04 2.524083480904092255e-04 2.650638254589996086e-04 2.823239579273032493e-04 3.056824319962026361e-04 3.370261788938894837e-04 3.786968350679090624e-04 4.335443793827949361e-04 5.049671748747739958e-04 5.968310772633406147e-04 7.137170685020622013e-04 8.606180622068488901e-04 1.041877813088697797e-03 1.264924761295679011e-03 1.530818171586811795e-03 1.838741288655410628e-03 2.211991663927161469e-03 2.607162056613568108e-03 3.053434994990586286e-03 3.540882205103415559e-03 4.036418791131437221e-03 4.537153814536038811e-03 5.031245092989746273e-03 5.500940570258462149e-03 5.936379603519109996e-03 6.334965650907644318e-03 6.696377107679883992e-03 7.020560322201212233e-03 7.308032680526474478e-03 7.560396162350738365e-03 7.780312821119783444e-03 7.971112911205613383e-03 8.136348579159666250e-03 8.279459779973788111e-03 8.403583623783499740e-03 8.464320373750557416e-03 8.581295511993072139e-03 8.692355486611172063e-03 8.797630230570206017e-03 8.897270460120780544e-03 8.991434988725474295e-03 9.080281769290350982e-03 9.163962160324477108e-03 9.242617452747054971e-03 9.316376623445881203e-03 9.385354593785494998e-03 9.449650810328136599e-03 9.509348469539991022e-03 9.564514915150923446e-03 9.615203514151980657e-03 9.661456748335401148e-03 9.703309626624410586e-03 9.740792187221984297e-03 9.773930062370010316e-03 9.802742800674781390e-03 9.815530890707481124e-03 9.837576176193430291e-03 9.856952456866687265e-03 9.872354290996518400e-03 9.882081422187046632e-03 9.883910759813917604e-03 9.874905961592688949e-03 9.851109464962532272e-03 9.807065673146335774e-03 9.735269264664243166e-03 9.625969139557658677e-03 9.467960195920412797e-03 9.250436103777535946e-03 8.964578129554536326e-03 8.602444879231166061e-03 8.154501590847436712e-03 7.614653527223771458e-03 6.983405230897695749e-03 6.266006262101643520e-03 5.488846991171513270e-03 4.683019230307167505e-03 3.895471993562773030e-03 3.149171943756613311e-03 2.480633147826104973e-03 1.914343525397726401e-03 1.458529443469950074e-03 1.105633369292339727e-03 8.424371122114184592e-04 6.517932070114808860e-04 5.166914345167688150e-04 4.225191993052785505e-04 3.576339697269046748e-04 3.132814952897282823e-04 2.831225043726533610e-04 2.626820894134613118e-04 2.488550648015540171e-04 2.395108752987219736e-04 2.331982975242568581e-04 2.289333676726933284e-04 2.260507819649501136e-04 2.241013883943301400e-04 2.227821742106523152e-04 2.218887455255784467e-04 2.212831974493410184e-04 2.208724394196023713e-04 2.205930586689512011e-04 2.203949650839376014e-04 2.202746302711249080e-04 2.201876906371258013e-04 2.201280214962794105e-04 
2.201091264589934940e-04 2.201574879031014786e-04 2.202264253523361322e-04 2.203223145870832804e-04 2.204702817936973530e-04 2.206754725649410739e-04 2.209686861672035033e-04 2.213867588961956250e-04 2.219813844059808435e-04 2.228247641952791800e-04 2.240172052534269054e-04 2.256972135968258184e-04 2.280547172897206165e-04 2.313481058283427879e-04 2.359257619158377692e-04 2.422526421698535995e-04 2.509421817057600141e-04 2.627933003042849007e-04 2.788315356626665676e-04 3.003523407796799063e-04 3.289632237661284982e-04 3.666205129600924898e-04 4.156494584735399801e-04 4.787758065702971740e-04 5.590430938715311611e-04 6.597036501973883166e-04 7.842376089048751090e-04 9.368101267199299568e-04 1.119225693751257130e-03 1.334378696056051769e-03 1.582813747469692884e-03 1.861332732580393747e-03 2.166437191457654642e-03 2.498076467130827191e-03 2.839870765000106212e-03 3.179149629186120776e-03 3.515440142827275499e-03 3.843044528093832440e-03 4.151295566559627497e-03 4.432616034234228633e-03 4.684659070638498395e-03 4.908257406363295515e-03 5.105389178036665379e-03 5.278289989276666906e-03 5.429240681071410314e-03 5.560533628142122833e-03 5.674431141131387572e-03 5.773101907163499802e-03 5.858561022904781347e-03 5.932630065580537029e-03 5.968835557502841227e-03 6.038448243601164493e-03 6.104335939615154576e-03 6.166537902482186785e-03 6.225126341510105014e-03 6.280201638602198044e-03 6.331887093302457359e-03 6.380323555962315492e-03 6.425664177139944408e-03 6.468069332302422460e-03 6.507701644629682383e-03 6.544720991117480152e-03 6.579279466750693160e-03 6.611516464372124528e-03 6.641554211767259144e-03 6.669494183131619881e-03 6.695414699316387143e-03 6.719369769052575304e-03 6.741388912248001165e-03 6.761477508208920371e-03 6.770793043254636628e-03 6.787708342856068992e-03 6.804028349791325404e-03 6.819114147813124839e-03 6.832064175562111395e-03 6.841617280861664145e-03 6.846038722639858146e-03 6.842997043006632946e-03 6.829427170176945346e-03 6.801353843328210649e-03 6.753683672194606309e-03 6.680106060524373598e-03 6.573260577793685333e-03 6.425044182591018241e-03 6.227066954770924499e-03 5.972195220086535389e-03 5.657528935505109352e-03 5.283816899632417380e-03 4.850830690540446424e-03 4.366038554123757333e-03 3.839899788178098225e-03 3.289978254720375261e-03 2.743762174772275929e-03 2.228831789077300157e-03 1.771342853057301849e-03 1.383728093512700272e-03 1.070142792234075923e-03 8.279970000209883321e-04 6.473453599936100254e-04 5.164543976924862142e-04 4.237038189693434508e-04 3.590492024269872386e-04 3.145004965938313782e-04 2.840485204873709375e-04 2.633413080953734848e-04 2.493066860238006208e-04 2.398127932027867650e-04 2.333968440990944946e-04 2.290624441931318040e-04 2.261340031686510108e-04 2.241547164072741434e-04 2.228161881343361560e-04 2.219103625865553929e-04 2.212968970880769767e-04 2.208811018634661771e-04 2.205987904111559781e-04 2.203968778029533808e-04 2.202757864894516640e-04 2.201890586716849171e-04 2.201288789746765626e-04 
2.201081349855088282e-04 2.201558947007610783e-04 2.202235231670892084e-04 2.203189416129089828e-04 2.204638919138675573e-04 2.206651430439424025e-04 2.209522118366788490e-04 2.213605075420394376e-04 2.219396078596236018e-04 2.227583869650780202e-04 2.239119473683749695e-04 2.255306988728594765e-04 2.277920576741287008e-04 2.309352296024938750e-04 2.352794593732007960e-04 2.412459342357062774e-04 2.493831887615352593e-04 2.603953414294909248e-04 2.751718008376182237e-04 2.948162338187505392e-04 3.206716997470506337e-04 3.543377615656146404e-04 3.976762485516469482e-04 4.527848807429439831e-04 5.219427384320774865e-04 6.076130572429896569e-04 7.120318413489766128e-04 8.372426538939204332e-04 9.851658398481119312e-04 1.155338873992814647e-03 1.346556619161090726e-03 1.557728581329195913e-03 1.783450450902903566e-03 2.016471748202795008e-03 2.251993109440197666e-03 2.482642724115378518e-03 2.703418610379721126e-03 2.911490774486863616e-03 3.103941675811451757e-03 3.278267830893499043e-03 3.433419493963761008e-03 3.569835587121207490e-03 3.688887810536907626e-03 3.792343780764628833e-03 3.882042119965241345e-03 3.959736813131774745e-03 4.027032981862964031e-03 4.085365003330112751e-03 4.135994241163191455e-03 4.180016754589494996e-03 4.201599747597171107e-03 4.243247079978066175e-03 4.282884847515165509e-03 4.320542302042784145e-03 4.356260262324340021e-03 4.390089728502692863e-03 4.422090110764301425e-03 4.452327188825317208e-03 4.480870941870401629e-03 4.507793376827587753e-03 4.533166437861026882e-03 4.557060020994661668e-03 4.579540074881719748e-03 4.600666768029331756e-03 4.620492750941171574e-03 4.639061616766151919e-03 4.656406722710729890e-03 4.672550532228129765e-03 4.687504555373667517e-03 4.701269822540835898e-03 4.707704323982559586e-03 4.719501683533393159e-03 4.731087974680840517e-03 4.742114164441276966e-03 4.752097867563075465e-03 4.760373719274021455e-03 4.766027898669760073e-03 4.767819982951680517e-03 4.764102100589432710e-03 4.752746311414384264e-03 4.731087472724501176e-03 4.695903268045674601e-03 4.643457190707397930e-03 4.569500252181192372e-03 4.469091940213236816e-03 4.336677423096668531e-03 4.166980974336042219e-03 3.955899013292950642e-03 3.700834128169119483e-03 3.403025572001455376e-03 3.067814901955468951e-03 2.703763602024619912e-03 2.324917523718705251e-03 1.951309022039539711e-03 1.600118150964383772e-03 1.285218462613757495e-03 1.018576928659688848e-03 8.037424657880272655e-04 6.374097173293763680e-04 5.134033089631132897e-04 4.235402184096387097e-04 3.598623125959562455e-04 3.154720334035841702e-04 2.848854133120893271e-04 2.639770783283210262e-04 2.497592966968168056e-04 2.401228771811519361e-04 2.336041447922728386e-04 2.291987705006838549e-04 2.262226306154973654e-04 2.242118587235846568e-04 2.228528050260835010e-04 2.219337178379122174e-04 2.213117402250698476e-04 2.208905043713157979e-04 2.206051339281743702e-04 2.204075177657188549e-04 2.202777206576071083e-04 2.201905409152498381e-04 2.201298148886363928e-04 
2.201070477168987224e-04 2.201541549673326334e-04 2.202210416687161031e-04 2.203195597855721333e-04 2.204566146365506988e-04 2.206538287236556881e-04 2.209341865089278995e-04 2.213318219788612908e-04 2.218940304883793317e-04 2.226861126529603807e-04 2.237976118903371714e-04 2.253503470407495471e-04 2.275085623941226905e-04 2.304914571740317988e-04 2.345882236043962405e-04 2.401754880062851184e-04 2.477366948833252796e-04 2.578824980108301878e-04 2.713706460352588706e-04 2.891232039201745456e-04 3.122382257293653766e-04 3.419922617272513096e-04 3.798291205578672221e-04 4.273251373915636130e-04 4.861295324580469125e-04 5.578343396837575751e-04 6.438818625171486426e-04 7.451668941033524592e-04 8.621794874065519948e-04 9.935432900960410995e-04 1.138415024258654156e-03 1.292769398920028557e-03 1.453131372307569407e-03 1.614938528799941993e-03 1.774169029444933173e-03 1.927116652207051806e-03 2.070276634152252646e-03 2.201455947478293904e-03 2.319802169549295759e-03 2.425275689268213426e-03 2.518333654433207915e-03 2.599791440721155485e-03 2.670701629751456429e-03 2.732225364270464071e-03 2.785525075888663042e-03 2.831694369288552046e-03 2.871721819754531439e-03 2.906478384921238646e-03 2.936718827812326554e-03 2.963090401144053126e-03 2.976052240454593600e-03 3.001136429807222533e-03 3.025113950624527728e-03 3.048003500459028903e-03 3.069827411590950791e-03 3.090611184726748707e-03 3.110382964231823370e-03 3.129172950857463890e-03 3.147012765551737267e-03 3.163934791180092118e-03 3.179971521012752225e-03 3.195154930947285803e-03 3.209515872663209514e-03 3.223083468175114846e-03 3.235884484650519005e-03 3.247942687202599269e-03 3.259278201105067062e-03 3.269906948025280181e-03 3.279840234835391596e-03 3.289084556228944259e-03 3.293449072305155729e-03 3.301546876737989321e-03 3.309666672624154461e-03 3.317636430073511635e-03 3.325218498000492417e-03 3.332086305850607156e-03 3.337792721426339690e-03 3.341728812012413445e-03 3.343073842916466018e-03 3.340738670762111433e-03 3.333302586252298669e-03 3.318944856181505355e-03 3.295386589127244359e-03 3.259859047824763181e-03 3.209107133854817526e-03 3.139528338737279916e-03 3.047481442139768695e-03 2.929626841857879260e-03 2.783469610639419892e-03 2.607853226436328276e-03 2.403364524670511745e-03 2.173509711830213381e-03 1.925007816685474519e-03 1.666519195423018032e-03 1.409087333393344238e-03 1.166709116316454230e-03 9.512779310687243363e-04 7.683755276438771192e-04 6.207235444965089697e-04 5.065892893529288761e-04 4.214440497314887691e-04 3.597498141106833546e-04 3.160301435365830860e-04 2.855523940523997661e-04 2.645516482638564631e-04 2.501958085440844268e-04 2.404336400368750279e-04 2.338170518318253861e-04 2.293411072245094212e-04 2.263162357903883057e-04 2.242727130630334481e-04 2.228920409193817405e-04 2.219588603708202068e-04 2.213277768720496586e-04 2.209006937892728879e-04 2.206110664689140647e-04 2.204263420923473628e-04 2.202821612736592248e-04 2.201921706141926095e-04 2.201308380994637117e-04 
2.201058535823319673e-04 2.201522482100286098e-04 2.202194265090265965e-04 2.203196440738643808e-04 2.204482593385800036e-04 2.206414570719715160e-04 2.209144897457951666e-04 2.213005266010678043e-04 2.218444039235920691e-04 2.226076052762975801e-04 2.236737752710390417e-04 2.251556885794272231e-04 2.272038525236641439e-04 2.300168317832375440e-04 2.338532225540198759e-04 2.390449600246139200e-04 2.460113161567524975e-04 2.552725485743180967e-04 2.674617185714308525e-04 2.833327171140699119e-04 3.037619513038842937e-04 3.297403113917383197e-04 3.623506442414788477e-04 4.027229411900730329e-04 4.519614875322407795e-04 5.110320368268488848e-04 5.805866569780016376e-04 6.608202515294423537e-04 7.511833975249969635e-04 8.504340969395435875e-04 9.564854894468895674e-04 1.066553892119895784e-03 1.177524105495963199e-03 1.286701642908079975e-03 1.391365364671804565e-03 1.489401824682632302e-03 1.579523812693715921e-03 1.661044820377704546e-03 1.733774345402554857e-03 1.797953264768875582e-03 1.854134769090706823e-03 1.903048784422948754e-03 1.945492720888029230e-03 1.982258862381298947e-03 2.014092085841785382e-03 2.041668549805246858e-03 2.065587674754090514e-03 2.086372115195073932e-03 2.104472284008797843e-03 2.120273213771921815e-03 2.128046366651177926e-03 2.143104719816445874e-03 2.157521565742546478e-03 2.171309842822123030e-03 2.184484527003498124e-03 2.197062303261865766e-03 2.209061212509201653e-03 2.220500276460769459e-03 2.231399107389556245e-03 2.241777515152920241e-03 2.251655127353595527e-03 2.261051037279763944e-03 2.269983487679904429e-03 2.278469589353581543e-03 2.286525065815330372e-03 2.294164013454428989e-03 2.301398671983448992e-03 2.308239210297871689e-03 2.314693543049292646e-03 2.320767197556036689e-03 2.323662326867003292e-03 2.329092317101526081e-03 2.334634713517527108e-03 2.340208622734434637e-03 2.345699766870272280e-03 2.350948141242570864e-03 2.355731044468122558e-03 2.359740291085349762e-03 2.362552857796003034e-03 2.363594791330470013e-03 2.362098472940736028e-03 2.357055485828780678e-03 2.347174746296671211e-03 2.330858510064409868e-03 2.306201129910261279e-03 2.271034040482683078e-03 2.223031940662167829e-03 2.159845365232322331e-03 2.079285501758881567e-03 1.979560150347629312e-03 1.859681497022780969e-03 1.719847633089656045e-03 1.561955409174003561e-03 1.390247136639155123e-03 1.212073949599046891e-03 1.036232419989812671e-03 8.703030247788391422e-04 7.219557258162080616e-04 5.964844302159956306e-04 4.951292715113714054e-04 4.167658072687814293e-04 3.583103829211154194e-04 3.159527586640286127e-04 2.859355007096620114e-04 2.650095617068073928e-04 2.505902901409811983e-04 2.407333459388943660e-04 2.340304240367988996e-04 2.294872928416642277e-04 2.264139676651491702e-04 2.243369851724832259e-04 2.229338255744438247e-04 2.219858011895321814e-04 2.213450407302011019e-04 2.209117184600249120e-04 2.206170830903965614e-04 2.204350992404105936e-04 2.202887744686485435e-04 2.201939372623546527e-04 2.201319531250962738e-04 
2.201045423792056675e-04 2.201501567279342175e-04 2.202169645634532188e-04 2.203094670168883717e-04 2.204404948737399383e-04 2.206279385240889166e-04 2.208930009589179502e-04 2.212664508668044951e-04 2.217904974630738834e-04 2.225225740049183393e-04 2.235401151099213686e-04 2.249464632871432245e-04 2.268779577216149888e-04 2.295121553225309540e-04 2.330769668157448699e-04 2.378602661692663179e-04 2.442192595052195599e-04 2.525885958327434293e-04 2.634858713087468210e-04 2.775127808594739730e-04 2.953495821696406004e-04 3.177395964733993605e-04 3.454588800798461153e-04 3.792651113242863727e-04 4.198186670642598114e-04 4.675746417226761976e-04 5.226480626563764125e-04 5.846948539505438186e-04 6.528178273910394515e-04 7.255981228070387768e-04 8.011949256588143291e-04 8.775302880743626049e-04 9.525489197495614528e-04 1.024394870814844581e-03 1.091671762367206261e-03 1.153454054871674416e-03 1.209250439748467279e-03 1.258969496228071845e-03 1.302827873840804512e-03 1.341234996544188708e-03 1.374698669582924415e-03 1.403760968090357868e-03 1.428957190389171022e-03 1.450790709036899268e-03 1.469719244880201160e-03 1.486149252970051350e-03 1.500435639286342446e-03 1.512884642296713359e-03 1.523758360546393362e-03 1.533279933173022818e-03 1.537975198921249717e-03 1.547094273369785953e-03 1.555856494626341830e-03 1.564268805244595347e-03 1.572338986556784347e-03 1.580075525027815507e-03 1.587487471379121556e-03 1.594584290788669638e-03 1.601375704210570650e-03 1.607871523793730261e-03 1.614081488022229031e-03 1.620015103420649038e-03 1.625681498717227585e-03 1.631089294774793180e-03 1.636246490564998400e-03 1.641160363361781000e-03 1.645837381188245069e-03 1.650283126882350114e-03 1.654502235138210087e-03 1.658498345029655241e-03 1.660413632796016014e-03 1.664027907579226830e-03 1.667753877242573839e-03 1.671551918697984944e-03 1.675365778191066331e-03 1.679116668032782332e-03 1.682695118205249519e-03 1.685949855208725406e-03 1.688672939079000762e-03 1.690580371888287647e-03 1.691287473392523400e-03 1.690279336341282993e-03 1.686879163421566279e-03 1.680217887652289905e-03 1.669207119566202885e-03 1.652526625576942109e-03 1.628641761625593872e-03 1.595859779695599787e-03 1.552454343805220391e-03 1.496871436100058938e-03 1.427965887302987385e-03 1.345213228447318188e-03 1.248993305795292842e-03 1.140894111882641759e-03 1.023695516809040255e-03 9.014695342792445557e-04 7.802331810432572854e-04 6.663928446647202465e-04 5.646611213738537234e-04 4.784738446593821354e-04 4.089000036039772156e-04 3.550978205472326643e-04 3.149643924265571669e-04 2.858822635743690343e-04 2.652725593398649428e-04 2.509046708932679507e-04 2.410041921496115824e-04 2.342362032938297394e-04 2.296337972048225569e-04 2.265143420601487944e-04 2.244040906826653308e-04 2.229779569337469948e-04 2.220144920586787207e-04 2.213635393410361076e-04 2.209235769637387335e-04 2.206267823177358997e-04 2.204211164516804071e-04 2.202916224196834296e-04 2.201958698269277043e-04 2.201331689397576787e-04 
2.201031041626879184e-04 2.201478583831888744e-04 2.202110034707314024e-04 2.203000195959320428e-04 2.204323409687278408e-04 2.206131690839855655e-04 2.208696030906885297e-04 2.212294363646281122e-04 2.217321114079088152e-04 2.224307974603068245e-04 2.233964527325312064e-04 2.247226915108307553e-04 2.265314285635788882e-04 2.289791515929438771e-04 2.322635183191600484e-04 2.366297878952794561e-04 2.423763877036487924e-04 2.498586893361399736e-04 2.594897948366031194e-04 2.717367284949859761e-04 2.871097764909009476e-04 3.061417174412856424e-04 3.293525676488604664e-04 3.571955145332083421e-04 3.899823210187079075e-04 4.277933672149156902e-04 4.703901673006222499e-04 5.171653255128356389e-04 5.671319617953532281e-04 6.190094127498554618e-04 6.713586321767937067e-04 7.227781396774196794e-04 7.720467508822728914e-04 8.182211433195540852e-04 8.606710726743611308e-04 8.990620944847541735e-04 9.333165430431336878e-04 9.635569778486047839e-04 9.900420976418993456e-04 1.013108517748379737e-03 1.033125511193142476e-03 1.050463192287798275e-03 1.065472067955702947e-03 1.078471601760939372e-03 1.089745398297141833e-03 1.099540723007082351e-03 1.108070519934671334e-03 1.115516670132198421e-03 1.122033713083841035e-03 1.127752575582367019e-03 1.130577466959272045e-03 1.136074170849475564e-03 1.141370002953550006e-03 1.146469176209567774e-03 1.151376230543863476e-03 1.156095972882653341e-03 1.160633415601003806e-03 1.164993712650091735e-03 1.169182093407584782e-03 1.173203795343340282e-03 1.177063997271038647e-03 1.180767755128481764e-03 1.184319941683994537e-03 1.187725190743548929e-03 1.190987845747712437e-03 1.194111912374590896e-03 1.197101015070972576e-03 1.199958358001959125e-03 1.202686691414380947e-03 1.205288284474363876e-03 1.206542125875194500e-03 1.208922425185731103e-03 1.211399301978348299e-03 1.213954376884407091e-03 1.216560754831133573e-03 1.219180015628690663e-03 1.221758058159684839e-03 1.224219386250944772e-03 1.226459319827875611e-03 1.228333502277144428e-03 1.229644068493237780e-03 1.230122256338268914e-03 1.229408172247053403e-03 1.227029230199974457e-03 1.222380063455525898e-03 1.214709809088148056e-03 1.203123361667613996e-03 1.186602075923287114e-03 1.164045546497391014e-03 1.134331436934022091e-03 1.096397571318774231e-03 1.049370114316445189e-03 9.927569894186770005e-04 9.266894468014651469e-04 8.522183249972721140e-04 7.715636863695122909e-04 6.878239682795281220e-04 6.046943728276550547e-04 5.264630397870549618e-04 4.566333727767485058e-04 3.974651786682900732e-04 3.496969773654473980e-04 3.127586115110453087e-04 2.852035119917614736e-04 2.652359457135235556e-04 2.510852193415571369e-04 2.412200368851795060e-04 2.344221654887820199e-04 2.297750876966133597e-04 2.266149349593903268e-04 2.244730104665618522e-04 2.230240337326137596e-04 2.220447942305615711e-04 2.213832396379130198e-04 2.209362561913608776e-04 2.206359510475609396e-04 2.204241378066696018e-04 2.202883672167490223e-04 2.201979587064945552e-04 2.201344909004320427e-04 
2.201015278402227555e-04 2.201453414879938752e-04 2.202064938979887763e-04 2.202938540540900223e-04 2.204201551625556898e-04 2.205971089279811935e-04 2.208441872287394178e-04 2.211893459710991808e-04 2.216690937473541126e-04 2.223321529517539624e-04 2.232428020997012348e-04 2.244847512782310330e-04 2.261654486414297119e-04 2.284206095993706958e-04 2.314186319523460023e-04 2.353644169257775173e-04 2.405019600414809986e-04 2.471148881975018135e-04 2.555238421897401062e-04 2.660791510125847729e-04 2.791465612126277211e-04 2.950830439179694879e-04 3.141996856707134360e-04 3.367103058459768473e-04 3.626700548630216190e-04 3.919157005735476916e-04 4.240262561211361088e-04 4.583251285341871867e-04 4.939393847737521279e-04 5.298973938078093728e-04 5.652380514290211147e-04 5.991092437797748086e-04 6.308408810137141557e-04 6.599851890848011790e-04 6.863134304234739082e-04 7.097819432789271221e-04 7.304859650838152821e-04 7.486123754282446524e-04 7.643984353759744306e-04 7.781006263436817750e-04 7.899735930268975744e-04 8.002570924731621221e-04 8.091689166233376456e-04 8.169020858114761901e-04 8.236247977809986118e-04 8.294819339185148651e-04 8.345973207245605896e-04 8.390762616872794993e-04 8.430080571440526360e-04 8.464683542864364111e-04 8.481813577905628456e-04 8.515221822639378393e-04 8.547511397234587712e-04 8.578704229833665918e-04 8.608823635266558147e-04 8.637894051824954178e-04 8.665940766274783874e-04 8.692989630941822150e-04 8.719066779501160594e-04 8.744198348512863869e-04 8.768410210207044399e-04 8.791727718870651206e-04 8.814175470113546230e-04 8.835777071102309107e-04 8.856554920354927024e-04 8.876529997845746325e-04 8.895721668813604422e-04 8.914147505696545922e-04 8.931823132420870686e-04 8.948762093536241332e-04 8.956958962039268885e-04 8.972587360428720040e-04 8.988958390205533701e-04 9.005988264029651151e-04 9.023549814486739188e-04 9.041457745344475081e-04 9.059448387738913786e-04 9.077151848259248750e-04 9.094053732152650735e-04 9.109442819734867806e-04 9.122340510814341613e-04 9.131408108890388606e-04 9.134829327213502079e-04 9.130168363434608501e-04 9.114210969704813819e-04 9.082806806872775101e-04 9.030746721832633899e-04 8.951732729859918601e-04 8.838517456099416860e-04 8.683288139245359761e-04 8.478292481026620349e-04 8.216597397720635685e-04 7.892855477518320945e-04 7.504200258139542877e-04 7.051500707372182573e-04 6.541084826434043339e-04 5.987096054742682737e-04 5.411686621361144582e-04 4.841160038980643100e-04 4.304140555789777835e-04 3.824677946604972860e-04 3.418466675487260740e-04 3.090505643685026189e-04 2.836889886969988224e-04 2.647698109045293824e-04 2.510600478290023673e-04 2.413439887018936679e-04 2.345703610518768171e-04 2.299027704829242425e-04 2.267119473718580641e-04 2.245420801001286979e-04 2.230713561873476347e-04 2.220764321730970116e-04 2.214040461831654426e-04 2.209497938145888656e-04 2.206413869252153552e-04 2.204316468604402028e-04 2.202935063433945537e-04 2.202002202577420437e-04 2.201359267617251339e-04 
2.200998012663500311e-04 2.201425968545159999e-04 2.202043837246875173e-04 2.202898207157899838e-04 2.204094047692200370e-04 2.205796685892666767e-04 2.208166595156895189e-04 2.211460753074128392e-04 2.216013602336448427e-04 2.222266500595430157e-04 2.230794227698823583e-04 2.242334552704607683e-04 2.257819329569849811e-04 2.278404807985028859e-04 2.305497862547565646e-04 2.340773772033486225e-04 2.386179891650052720e-04 2.443917663113025522e-04 2.516392282358812654e-04 2.606114683379145134e-04 2.715535476130505614e-04 2.846789861277777573e-04 3.001345356209160248e-04 3.179579698268706180e-04 3.380369630165968057e-04 3.600826448511834773e-04 3.836321527416951217e-04 4.080862445339602422e-04 4.327731305701520330e-04 4.570263984529155440e-04 4.802596096439227169e-04 5.020190154404190501e-04 5.220050973003274907e-04 5.400662700915375303e-04 5.561743921602368924e-04 5.703934713613457736e-04 5.828488369484192749e-04 5.937003036223776307e-04 6.031215646774778193e-04 6.112859327756076620e-04 6.183572432116386970e-04 6.244847719298464526e-04 6.298011119271252657e-04 6.344219815619100153e-04 6.384471462636284820e-04 6.419619067226245293e-04 6.450388108355493240e-04 6.477393784043486945e-04 6.501157171383551477e-04 6.522119707156061839e-04 6.532515433847268464e-04 6.552827498637855182e-04 6.572510027715813309e-04 6.591575203968388528e-04 6.610035789106038758e-04 6.627904997237581575e-04 6.645196368391903486e-04 6.661923644190921459e-04 6.678100646723965795e-04 6.693741160595168471e-04 6.708858817485888280e-04 6.723466982834182737e-04 6.737578645074079149e-04 6.751206308811448249e-04 6.764361893916085019e-04 6.777056642424878537e-04 6.789301034305315072e-04 6.801104712278200487e-04 6.812476415066047323e-04 6.823423918271554183e-04 6.828740748675107180e-04 6.838916646877702668e-04 6.849637259413943668e-04 6.860867360484633123e-04 6.872549262202397096e-04 6.884595320071056762e-04 6.896877712640745502e-04 6.909214402826868761e-04 6.921349792479794278e-04 6.932928133283458366e-04 6.943457339694457343e-04 6.952260583401162269e-04 6.958413182611930016e-04 6.960663397366363518e-04 6.957338335283533553e-04 6.946240582446238819e-04 6.924547639557349435e-04 6.888733644725667134e-04 6.834542963874226402e-04 6.757054183232149040e-04 6.650880927031322656e-04 6.510557261715241642e-04 6.331115377760799644e-04 6.108778471790919738e-04 5.841686954585713007e-04 5.530698780625026983e-04 5.180339855313825142e-04 4.800140986107103791e-04 4.405101297851802384e-04 4.013355674253012498e-04 3.644676388597822337e-04 3.315504343101867814e-04 3.036596571501877419e-04 2.811434446974803115e-04 2.637299910429169295e-04 2.507399857361012913e-04 2.413266939074294683e-04 2.346554605037145971e-04 2.300045210915615721e-04 2.267996159982468992e-04 2.246086910657381646e-04 2.231187814273786563e-04 2.221089253789237928e-04 2.214257700883531679e-04 2.209640934977688878e-04 2.206514190093078400e-04 2.204453585765872808e-04 2.203011076488971785e-04 2.202026717685641325e-04 2.201374825295045494e-04 
2.200979116757217761e-04 2.201395849265156443e-04 2.201983267491909992e-04 2.202820823901151053e-04 2.204020089180405088e-04 2.205606848177861263e-04 2.207869478683372019e-04 2.210995665235663318e-04 2.215289174417149349e-04 2.221144670012685561e-04 2.229068727520315974e-04 2.239701183843691601e-04 2.253835946991584148e-04 2.272439001792663524e-04 2.296660611765233262e-04 2.327837832186427434e-04 2.367482146206798747e-04 2.417244893380179058e-04 2.478849946323329035e-04 2.553979672539313903e-04 2.644099778048587378e-04 2.750217509407060158e-04 2.872591441607650264e-04 3.010450474665887126e-04 3.161811562408264431e-04 3.323494521634924787e-04 3.491378945758129640e-04 3.660850582213402270e-04 3.827345193189911560e-04 3.986856141117629294e-04 4.136280599957698314e-04 4.273558851990439246e-04 4.397635321592571148e-04 4.508300001676535888e-04 4.605980855119404076e-04 4.691533716025222305e-04 4.766056395657774624e-04 4.830745118316432610e-04 4.886794250322645935e-04 4.935332352773861078e-04 4.977387136318625442e-04 5.013871068860627743e-04 5.045580090936761190e-04 5.073199998893580505e-04 5.097316835010099433e-04 5.118428831222443694e-04 5.136958375860289569e-04 5.153263169676846082e-04 5.167646196089116647e-04 5.180364396889064168e-04 5.186682903832463267e-04 5.199051535768048956e-04 5.211067570978505795e-04 5.222737543945643601e-04 5.234068217486216460e-04 5.245066532176041350e-04 5.255739555170036185e-04 5.266094428275880064e-04 5.276138315467678768e-04 5.285878350507070347e-04 5.295321585564033429e-04 5.304474941727698421e-04 5.313345162043643611e-04 5.321938767276772515e-04 5.330262014295625121e-04 5.338320856821393698e-04 5.346120908359225073e-04 5.353667407413310224e-04 5.360965185356374001e-04 5.368018637451476161e-04 5.371454989261039304e-04 5.378053218837531907e-04 5.385038219633998683e-04 5.392397523597931234e-04 5.400107087281713668e-04 5.408127493654487066e-04 5.416398819526539298e-04 5.424833623772143528e-04 5.433307299167138395e-04 5.441644761449831178e-04 5.449602130403780227e-04 5.456841742032276371e-04 5.462898643599521436e-04 5.467136854304714905e-04 5.468694441944503852e-04 5.466418343053734306e-04 5.458793116960310556e-04 5.443872764903811721e-04 5.419230858581067928e-04 5.381949317982771862e-04 5.328668716268375504e-04 5.255723691860364260e-04 5.159387806396244138e-04 5.036243936924139977e-04 4.883660251031630983e-04 4.700322092214863834e-04 4.486807175272815350e-04 4.246235846885993521e-04 3.985194719490859966e-04 3.713994479490856609e-04 3.445048359122856053e-04 3.191906963529988215e-04 2.965917722641028928e-04 2.774411816652635771e-04 2.619821005457993474e-04 2.500259992043405983e-04 2.411069208946179320e-04 2.346435776504752601e-04 2.300629479320517629e-04 2.268694785601455986e-04 2.246688860190093791e-04 2.231645183277826655e-04 2.221414890990431939e-04 2.214480810364852865e-04 2.209789428913790533e-04 2.206660784607253887e-04 2.204461125852243022e-04 2.203027433151029564e-04 2.202053052913024208e-04 2.201391631542166732e-04 
2.200958474489884650e-04 2.201363071823580900e-04 2.201927030625695835e-04 2.202828271094681579e-04 2.203769901644755773e-04 2.205404634718202749e-04 2.207550129609877753e-04 2.210498241324986447e-04 2.214518877399590763e-04 2.219959869231967898e-04 2.227260548975192240e-04 2.236966035856535252e-04 2.249739597216526832e-04 2.266371023349024526e-04 2.287778348277468303e-04 2.314999353761463576e-04 2.349167823157044847e-04 2.391467303808528070e-04 2.443052799607235486e-04 2.504930520511712772e-04 2.577791785773361592e-04 2.661813837967664945e-04 2.756467088207732318e-04 2.860389384829234959e-04 2.971396676849874063e-04 3.086661393121026818e-04 3.203017607734934052e-04 3.317331779835804191e-04 3.426851184699440493e-04 3.529443232180651062e-04 3.623692445875993868e-04 3.708873700280014324e-04 3.784843535637586777e-04 3.851897516625578540e-04 3.910624524732747402e-04 3.961779269844099122e-04 4.006183937015854847e-04 4.044658826955295277e-04 4.077978652597686725e-04 4.106848836074760605e-04 4.131895618278265620e-04 4.153665159103445224e-04 4.172628010974500446e-04 4.189186311693236233e-04 4.203681974029171032e-04 4.216404873192989363e-04 4.227600492673121244e-04 4.237476768762457342e-04 4.246210048220218228e-04 4.253950177986407237e-04 4.257802076148041524e-04 4.265355486635022397e-04 4.272711186551098354e-04 4.279872638783991734e-04 4.286843398098060844e-04 4.293627088351521142e-04 4.300227379853408709e-04 4.306647967048061673e-04 4.312892546604550604e-04 4.318964795923220458e-04 4.324868352014782824e-04 4.330606790768332624e-04 4.336183606741897140e-04 4.341602193624055769e-04 4.346865825557219153e-04 4.351977639532702332e-04 4.356940618930524572e-04 4.361757578237924517e-04 4.366431148963247815e-04 4.370963766698550195e-04 4.373177922833378951e-04 4.377441101155805014e-04 4.381972419187746509e-04 4.386769292131498243e-04 4.391823138818429185e-04 4.397117426440357501e-04 4.402625064112503572e-04 4.408304882914513461e-04 4.414096828940586043e-04 4.419915348826928018e-04 4.425640262305231788e-04 4.431104200047212465e-04 4.436075467771068235e-04 4.440235063757567427e-04 4.443146665249656066e-04 4.444218903488202977e-04 4.442660491794661820e-04 4.437431082089180866e-04 4.427194191127225556e-04 4.410282733918631775e-04 4.384691349424236963e-04 4.348111439517335711e-04 4.298024934355626080e-04 4.231873281331178984e-04 4.147313559339426358e-04 4.042546964581035865e-04 3.916678310003966442e-04 3.770096138556214803e-04 3.604931581521639782e-04 3.425721035344324100e-04 3.239487529813257923e-04 3.054863617100930795e-04 2.881043718717521602e-04 2.725892973307295379e-04 2.594402802379505713e-04 2.488258134447077414e-04 2.406166428217817543e-04 2.344926675903021484e-04 2.300547833644473014e-04 2.269095932469525313e-04 2.247168544595682532e-04 2.232058496341851660e-04 2.221728934721945044e-04 2.214704404720085635e-04 2.209943898869455559e-04 2.206656609363855798e-04 2.204642148102936257e-04 2.203067283281039915e-04 2.202081299723845020e-04 2.201409727117655890e-04 
2.200935951154127141e-04 2.201327361535372162e-04 2.201881035675096708e-04 2.202621267250546167e-04 2.203694469767951934e-04 2.205183680804411318e-04 2.207208575301257262e-04 2.209969321557997564e-04 2.213705342096510735e-04 2.218718297551715312e-04 2.225382483855190918e-04 2.234153318518900715e-04 2.245573089186246607e-04 2.260272132455357953e-04 2.278962996551300835e-04 2.302424131358617523e-04 2.331468136690327520e-04 2.366887983641217821e-04 2.409374440733249743e-04 2.459402071333527807e-04 2.517092406940131403e-04 2.582081536388530557e-04 2.653434317130583383e-04 2.729651297210330279e-04 2.808790683299446133e-04 2.888678826699657073e-04 2.967164041917728619e-04 3.042355782667453910e-04 3.112790061810199148e-04 3.177496194728118427e-04 3.235977037951686406e-04 3.288134635575327026e-04 3.334172028597421028e-04 3.374493114819969615e-04 3.409615815706390626e-04 3.440104328381902651e-04 3.466521615263389359e-04 3.489399515430033957e-04 3.509222301572341310e-04 3.526419879582995886e-04 3.541367227733358772e-04 3.554387443881620802e-04 3.565756646155101217e-04 3.575709592512872148e-04 3.584445312784900859e-04 3.592132362463112960e-04 3.598913519660189254e-04 3.604909872376686622e-04 3.610224311628251834e-04 3.614944480500834902e-04 3.617297195787993027e-04 3.621918260097398709e-04 3.626428327445137961e-04 3.630829226791100137e-04 3.635122823359895742e-04 3.639311008979165501e-04 3.643395692395390599e-04 3.647378789667865768e-04 3.651262214690325801e-04 3.655047869906765138e-04 3.658737637236396259e-04 3.662333369226433103e-04 3.665836880438036504e-04 3.669249939094091739e-04 3.672574259021469485e-04 3.675811491945772821e-04 3.678963220191014774e-04 3.682030949830624291e-04 3.685016104317611566e-04 3.687920018604500558e-04 3.689341902308602679e-04 3.692086198388938546e-04 3.695013273811006884e-04 3.698124448901887241e-04 3.701417947117728894e-04 3.704887874097105484e-04 3.708522874786781979e-04 3.712304343262811659e-04 3.716204005088831887e-04 3.720180615980142884e-04 3.724175419219736540e-04 3.728105876972851547e-04 3.731857043141502406e-04 3.735269799097868867e-04 3.738125081703972058e-04 3.740123288825455018e-04 3.740858399949587563e-04 3.739787211093325821e-04 3.736195656744414266e-04 3.729166540555001273e-04 3.717555813944131704e-04 3.699987019373773812e-04 3.674874823675542660e-04 3.640489195816196816e-04 3.595072675999569627e-04 3.537018155078000092e-04 3.465091984288984199e-04 3.378672241182845279e-04 3.278014918827153461e-04 3.164618802117011385e-04 3.041604004030045230e-04 2.913705924286216190e-04 2.786965515629810414e-04 2.667613862034634857e-04 2.561085018593574651e-04 2.470806834840588999e-04 2.397925904707058425e-04 2.341560066438196216e-04 2.299511555475201982e-04 2.269039834371204545e-04 2.247443968629574563e-04 2.232387856725955109e-04 2.222012727244717452e-04 2.214920037319939073e-04 2.210096431784089809e-04 2.206824239565575627e-04 2.204599430944648522e-04 2.203125646706757649e-04 2.202111361891928945e-04 2.201429114692206768e-04 
2.200911428841605350e-04 2.201288542600114879e-04 2.201814298777751255e-04 2.202623512331159826e-04 2.203528264552257821e-04 2.204948342265849808e-04 2.206845401307553245e-04 2.209410712347661032e-04 2.212852825180831667e-04 2.217428738304080219e-04 2.223451155514365423e-04 2.231292426074288273e-04 2.241385352581545321e-04 2.254219180727881568e-04 2.270328397572206878e-04 2.290270926226886270e-04 2.314591198051603341e-04 2.343763450622501833e-04 2.378113440334422683e-04 2.417724545409494642e-04 2.462346785936640769e-04 2.511338094597740669e-04 2.563669243961758755e-04 2.618005397587215718e-04 2.672854199657150086e-04 2.726740739508268382e-04 2.778368188708910721e-04 2.826730455005181165e-04 2.871159441642970973e-04 2.911312905596483646e-04 2.947123743899317423e-04 2.978731756751886285e-04 3.006414769477121565e-04 3.030528649473660614e-04 3.051460905895458562e-04 3.069598131373225437e-04 3.085305444513861584e-04 3.098915303209233700e-04 3.110722851757646411e-04 3.120985512188446226e-04 3.129925086256717462e-04 3.137731130963281392e-04 3.144564814395573956e-04 3.150562778004155655e-04 3.155840742251644730e-04 3.160496731410951604e-04 3.164613879591683492e-04 3.168262828533190871e-04 3.171503751841161806e-04 3.174388050225731444e-04 3.175827815526635796e-04 3.178659987151696126e-04 3.181429801226351157e-04 3.184138218592934863e-04 3.186786214136325471e-04 3.189374772655175654e-04 3.191904884730931494e-04 3.194377542627379859e-04 3.196793736246952150e-04 3.199154449149099158e-04 3.201460654660655053e-04 3.203713312078293506e-04 3.205913362965151113e-04 3.208061727562513390e-04 3.210159301313411585e-04 3.212206951537344255e-04 3.214205514219374582e-04 3.216155790996763370e-04 3.218058546302863393e-04 3.219914504701389883e-04 3.220825149973484338e-04 3.222586434266538793e-04 3.224470724705150062e-04 3.226480514167824306e-04 3.228616708794359593e-04 3.230878088292232753e-04 3.233260605041118939e-04 3.235756462222651978e-04 3.238352884858867282e-04 3.241030460046227563e-04 3.243760870648413654e-04 3.246503777343461386e-04 3.249202516368363404e-04 3.251778178719718694e-04 3.254121536821838077e-04 3.256082221051723787e-04 3.257454584520162104e-04 3.257959933756811180e-04 3.257225382962991599e-04 3.254760650551305522e-04 3.249935717741764913e-04 3.241964256994762776e-04 3.229899695361309925e-04 3.212652209582303312e-04 3.189035416609821731e-04 3.157849369756732618e-04 3.117997811979597014e-04 3.068627362595110174e-04 3.009290084514334735e-04 2.940164325291753705e-04 2.862318796346502393e-04 2.777853458990310002e-04 2.690044403319419579e-04 2.603015606417778487e-04 2.521076394571224026e-04 2.447928988464505274e-04 2.385943697478757220e-04 2.335902278762692777e-04 2.297199944556976403e-04 2.268328266526103770e-04 2.247405436052889497e-04 2.232576963419501733e-04 2.222238873888293729e-04 2.215114902679489602e-04 2.210244573896245240e-04 2.206912226977794525e-04 2.204724251324972526e-04 2.203168450071822779e-04 2.202143106273068518e-04 2.201449759249475698e-04 
2.200884790637399962e-04 2.201246546477196684e-04 2.201748206097372629e-04 2.202436757042774279e-04 2.203403716884362357e-04 2.204711515898009845e-04 2.206461814963998468e-04 2.208825336365127356e-04 2.211967357639696625e-04 2.216102605747605680e-04 2.221486747210034082e-04 2.228416955587702653e-04 2.237229156802233337e-04 2.248290336044103904e-04 2.261983563598240739e-04 2.278682636872979836e-04 2.298713147116572151e-04 2.322298721748611164e-04 2.349496564919652036e-04 2.380134998447174010e-04 2.413773029047825585e-04 2.449704264462320129e-04 2.487011916615774402e-04 2.524670189821980634e-04 2.561667485070486601e-04 2.597115684161700158e-04 2.630324245053768800e-04 2.660832625097718615e-04 2.688404120132269833e-04 2.712992021596490120e-04 2.734692711150948181e-04 2.753697641313381460e-04 2.770251807388588545e-04 2.784621682661180984e-04 2.797072883272554871e-04 2.807856148750292316e-04 2.817199708316260728e-04 2.825306137899935696e-04 2.832352109440626270e-04 2.838489844540159840e-04 2.843849437029096470e-04 2.848541501541298191e-04 2.852659823696292608e-04 2.856283833406238486e-04 2.859480817029762061e-04 2.862307842407297589e-04 2.864813403912355944e-04 2.867038811264353468e-04 2.869019352687215150e-04 2.870785264173651209e-04 2.871667968994456779e-04 2.873406775233314616e-04 2.875110523723406822e-04 2.876779716676149839e-04 2.878414861642919270e-04 2.880016469744484846e-04 2.881585053913660196e-04 2.883121127148665611e-04 2.884625200792176108e-04 2.886097782830004932e-04 2.887539376228486030e-04 2.888950477299705340e-04 2.890331574108033139e-04 2.891683144921255587e-04 2.893005656708743300e-04 2.894299563695462837e-04 2.895565305971440251e-04 2.896803308163575482e-04 2.898013978176767623e-04 2.899197705997386154e-04 2.899779583279619814e-04 2.900907085777331730e-04 2.902116539694120064e-04 2.903410456980322222e-04 2.904790548204853992e-04 2.906257434114443592e-04 2.907810275106792203e-04 2.909446290099526968e-04 2.911160123828263275e-04 2.912943003523578867e-04 2.914781600212726169e-04 2.916656474249177474e-04 2.918539937101101954e-04 2.920393101259952107e-04 2.922161820402067295e-04 2.923771152767791395e-04 2.925117934938044274e-04 2.926061073593274795e-04 2.926409318152753750e-04 2.925906663123994229e-04 2.924216253915807640e-04 2.920904815326223194e-04 2.915431166638347447e-04 2.907144067070716346e-04 2.895295657944798023e-04 2.879075482017323879e-04 2.857665167049344419e-04 2.830310084778834287e-04 2.796413107311923108e-04 2.755666371244830382e-04 2.708209458212546081e-04 2.654759702312354565e-04 2.596761587582578136e-04 2.536476748720047623e-04 2.476718491435503768e-04 2.420460360488424793e-04 2.370234849762805403e-04 2.327674484380546369e-04 2.293315163662861997e-04 2.266741059172024770e-04 2.246916832377185793e-04 2.232550495032877566e-04 2.222368716450665678e-04 2.215270177290289740e-04 2.210380949550558153e-04 2.207032839787057216e-04 2.204754414129382438e-04 2.203218833724379091e-04 2.202176267811075208e-04 2.201471566459337916e-04 
2.200855938983742094e-04 2.201201196836022756e-04 2.201677772237194467e-04 2.202161097953996265e-04 2.202970048934175347e-04 2.204433117128067065e-04 2.206059764583753312e-04 2.208217335160116352e-04 2.211056776977859961e-04 2.214753758541518954e-04 2.219512328076319132e-04 2.225563140722675709e-04 2.233158175213581173e-04 2.242560450986816681e-04 2.254026615333502696e-04 2.267780209357200794e-04 2.283974758298031873e-04 2.302649514221252909e-04 2.323686560387602578e-04 2.346783127256387791e-04 2.371453925066427414e-04 2.397069958873712517e-04 2.422927090578831991e-04 2.448329616473215098e-04 2.472667471223421835e-04 2.495467718094024801e-04 2.516415146773723203e-04 2.535347121930932117e-04 2.552230880602186281e-04 2.567131978431580822e-04 2.580181615443663122e-04 2.591548023577613328e-04 2.601414313455145113e-04 2.609963021800207447e-04 2.617366435629219098e-04 2.623781340739305204e-04 2.629346870556942793e-04 2.634184347049588421e-04 2.638398289157532902e-04 2.642078014582349287e-04 2.645299463172787169e-04 2.648127019322613507e-04 2.650615211376942796e-04 2.652810230960919572e-04 2.654751254866963804e-04 2.656471574523927982e-04 2.657999549439163628e-04 2.659359405641068723e-04 2.660571901001827105e-04 2.661654878093463669e-04 2.662196898905117904e-04 2.663265984566630211e-04 2.664315345281643771e-04 2.665345242959556832e-04 2.666355941464474116e-04 2.667347705860558188e-04 2.668320801663091879e-04 2.669275494095562349e-04 2.670212047356067134e-04 2.671130723891306348e-04 2.672031783685260408e-04 2.672915483560579482e-04 2.673782076494606421e-04 2.674631810955367434e-04 2.675464930252378936e-04 2.676281671912203474e-04 2.677082267074001052e-04 2.677866939907355931e-04 2.678635907056722224e-04 2.679389377109993526e-04 2.679760363581955990e-04 2.680480410231150324e-04 2.681254609645803344e-04 2.682085081543746216e-04 2.682973550814531419e-04 2.683921192108236140e-04 2.684928431818132738e-04 2.685994693727763853e-04 2.687118068759383879e-04 2.688294880707776924e-04 2.689519107450456434e-04 2.690781599437477140e-04 2.692069012778822656e-04 2.693362341469549286e-04 2.694634891819145447e-04 2.695849493855815562e-04 2.696954696266037985e-04 2.697879659057318192e-04 2.698527471434466161e-04 2.698766730847670697e-04 2.698421494138111398e-04 2.697260236948848932e-04 2.694985290151300557e-04 2.691225291922640138e-04 2.685534130124031288e-04 2.677399911348089562e-04 2.666266286242165964e-04 2.651567721513357705e-04 2.632782436907797228e-04 2.609505367947565673e-04 2.581531984374496385e-04 2.548948874131025041e-04 2.512246327426698699e-04 2.472425682003631729e-04 2.431034326537520921e-04 2.390001998164428332e-04 2.351374328706973033e-04 2.316888987191197352e-04 2.287665611494839606e-04 2.264073543872323715e-04 2.245826979995770272e-04 2.232214992927313284e-04 2.222350536677943729e-04 2.215359328267873303e-04 2.210485476721269708e-04 2.207072571610949356e-04 2.204778989138137836e-04 2.203268601624822206e-04 2.202210334117231405e-04 2.201494340770020403e-04 
2.200824798737823916e-04 2.201152458992587213e-04 2.201602818159284828e-04 2.202185880957557395e-04 2.202902924101217711e-04 2.204147628288263860e-04 2.205642024137109529e-04 2.207592088743724203e-04 2.210130599126888709e-04 2.213398036936380922e-04 2.217552777697655156e-04 2.222767835938900625e-04 2.229223804925221919e-04 2.237096899740225191e-04 2.246540600423778020e-04 2.257660307733990943e-04 2.270482960668830717e-04 2.284927566142230500e-04 2.300786254354259311e-04 2.317725738538984714e-04 2.335314099883488371e-04 2.353068077237151559e-04 2.370510296608285394e-04 2.387221469114705061e-04 2.402876167034649862e-04 2.417257920837594023e-04 2.430255624922499200e-04 2.441847340841726182e-04 2.452078301799447526e-04 2.461038521336250673e-04 2.468843322229211600e-04 2.475618250193435156e-04 2.481488512883457068e-04 2.486572337334601594e-04 2.490977348820972771e-04 2.494799076175317916e-04 2.498120830457842517e-04 2.501014389751000542e-04 2.503541094732818348e-04 2.505753098978535866e-04 2.507694619782813920e-04 2.509403105016847001e-04 2.510910276594988761e-04 2.512243038455952014e-04 2.513424252408031755e-04 2.514473393046030435e-04 2.515407096190579801e-04 2.516239615877003885e-04 2.516983204082533839e-04 2.517648425896386018e-04 2.517981751677677866e-04 2.518639985633327810e-04 2.519287109201145567e-04 2.519923258933697268e-04 2.520548572060625167e-04 2.521163186165366744e-04 2.521767238864705205e-04 2.522360867490713887e-04 2.522944208778068022e-04 2.523517398553520559e-04 2.524080571431608355e-04 2.524633860515398281e-04 2.525177397102696623e-04 2.525711310400896321e-04 2.526235727246923211e-04 2.526750771836751980e-04 2.527256565461115075e-04 2.527753226253424620e-04 2.528240868943514323e-04 2.528719604624120212e-04 2.528955666001966082e-04 2.529414511272604560e-04 2.529908895599958436e-04 2.530440461342924703e-04 2.531010663944485749e-04 2.531620687753417310e-04 2.532271339302132941e-04 2.532962911315817011e-04 2.533695008018507062e-04 2.534466318286888683e-04 2.535274317333737425e-04 2.536114869060373481e-04 2.536981689097597779e-04 2.537865611698344364e-04 2.538753581183198068e-04 2.539627260209427386e-04 2.540461114189215743e-04 2.541219798584290436e-04 2.541854654607650713e-04 2.542299129755152512e-04 2.542463016011938534e-04 2.542225586284560133e-04 2.541428056982317717e-04 2.539866335765027759e-04 2.537285684870365190e-04 2.533379596033235237e-04 2.527795592140314861e-04 2.520150499776997862e-04 2.510056510973801666e-04 2.497157526681457627e-04 2.481175755572716116e-04 2.461969629712188910e-04 2.439597835990065910e-04 2.414395255580730306e-04 2.387056121044920645e-04 2.358634226376886010e-04 2.330461765295346605e-04 2.303938143470248597e-04 2.280259932670243204e-04 2.260194440470826517e-04 2.243995374663298147e-04 2.231466652183534591e-04 2.222120162626580288e-04 2.215346778257739268e-04 2.210546315768442780e-04 2.207179796608160327e-04 2.204888158208957770e-04 2.203316802663167083e-04 2.202244467012770806e-04 2.201517710912266504e-04 
2.200791328022440329e-04 2.201100318369045099e-04 2.201521832197959048e-04 2.202062495894872873e-04 2.202961930432436417e-04 2.203962662695010586e-04 2.205211786414428097e-04 2.206956098143584611e-04 2.209199699480574768e-04 2.212052524338394910e-04 2.215633401978876619e-04 2.220066332816033878e-04 2.225472308203188272e-04 2.231956706847478445e-04 2.239591893070122335e-04 2.248396354483148509e-04 2.258314466123139308e-04 2.269203505838477081e-04 2.280834612333991485e-04 2.292911113583627003e-04 2.305101401008264890e-04 2.317077802301191155e-04 2.328552178538345467e-04 2.339300951805784845e-04 2.349175569717129055e-04 2.358099842773073824e-04 2.366058743338166667e-04 2.373083338865113873e-04 2.379235444622294438e-04 2.384594254686205148e-04 2.389245976657931902e-04 2.393276578678918431e-04 2.396767230764913152e-04 2.399791821733064429e-04 2.402415935044624061e-04 2.404696766725063759e-04 2.406683595795661623e-04 2.408418536371194265e-04 2.409937395815840461e-04 2.411270533223314107e-04 2.412443660314675289e-04 2.413478557685773309e-04 2.414393698085028344e-04 2.415204779013532615e-04 2.415925172332959074e-04 2.416566300787850231e-04 2.417137951755569459e-04 2.417648537958108233e-04 2.418105313852963784e-04 2.418514555257049784e-04 2.418719836198690153e-04 2.419125657056522415e-04 2.419525215451170204e-04 2.419918582367204009e-04 2.420305829006985329e-04 2.420687026652595421e-04 2.421062246528521097e-04 2.421431559666061147e-04 2.421795036769075276e-04 2.422152748081889519e-04 2.422504763258349284e-04 2.422851151234019836e-04 2.423191980099658545e-04 2.423527316978726605e-04 2.423857227906219957e-04 2.424181777711973079e-04 2.424501029905712964e-04 2.424815046566812559e-04 2.425123888236839010e-04 2.425427613816199656e-04 2.425577576004795993e-04 2.425869449427920212e-04 2.426184515156861409e-04 2.426523983522233799e-04 2.426888982165544299e-04 2.427280510359104400e-04 2.427699381198174440e-04 2.428146148309997209e-04 2.428621012467812429e-04 2.429123701624550714e-04 2.429653315138666941e-04 2.430208118925134388e-04 2.430785272412373560e-04 2.431380459858354759e-04 2.431987387023286612e-04 2.432597088776521717e-04 2.433196973709632013e-04 2.433769509210267717e-04 2.434290428038661676e-04 2.434726322803994810e-04 2.435031502039545017e-04 2.435144033880902242e-04 2.434981032634199287e-04 2.434433483949944741e-04 2.433361271950629701e-04 2.431589526731340570e-04 2.428907828149385229e-04 2.425074038922467290e-04 2.419824614709813432e-04 2.412893002942698921e-04 2.404035788615604735e-04 2.393063342824998765e-04 2.379876413200560309e-04 2.364514479394862201e-04 2.347210206973772883e-04 2.328438909259265594e-04 2.308923200725291475e-04 2.289579313595288437e-04 2.271367809040779351e-04 2.255109487300150143e-04 2.241331838302509114e-04 2.230209001374925271e-04 2.221606319196824618e-04 2.215188725893931052e-04 2.210536900007146859e-04 2.207237736308548064e-04 2.204939281191002826e-04 2.203360014455472808e-04 2.202277373449167358e-04 2.201541161351467399e-04 
2.200755530044500084e-04 2.201044876177730557e-04 2.201436406221630201e-04 2.201962062831173007e-04 2.202529001700864113e-04 2.203576976240884252e-04 2.204774375159971559e-04 2.206318354992701332e-04 2.208275809648041423e-04 2.210734596950184223e-04 2.213778433736138165e-04 2.217490397204426814e-04 2.221942840893227796e-04 2.227185448213309582e-04 2.233230908149035467e-04 2.240041023972461510e-04 2.247517782796693930e-04 2.255504072021486891e-04 2.263796133610307979e-04 2.272166248697284985e-04 2.280389512952655032e-04 2.288268195782638243e-04 2.295648777277717301e-04 2.302429110944773647e-04 2.308556753441765486e-04 2.314021377017707400e-04 2.318844389303943005e-04 2.323068319789944002e-04 2.326747599312476919e-04 2.329941439650505325e-04 2.332708865646063905e-04 2.335105597850089881e-04 2.337182355647868346e-04 2.338984157797982207e-04 2.340550267116994971e-04 2.341914513304623369e-04 2.343105808735292876e-04 2.344148737045872034e-04 2.345064142062773982e-04 2.345869677327799580e-04 2.346580297621152190e-04 2.347208686741359893e-04 2.347765623086249455e-04 2.348260288291893251e-04 2.348700525719533343e-04 2.349093055856713746e-04 2.349443655313455134e-04 2.349757305393970752e-04 2.350038315426911627e-04 2.350290425245542335e-04 2.350417011882985471e-04 2.350667512772976176e-04 2.350914481108624249e-04 2.351157953739348063e-04 2.351397967574055082e-04 2.351634559521550039e-04 2.351867766433009071e-04 2.352097625042832421e-04 2.352324171912050443e-04 2.352547443371300257e-04 2.352767475464683867e-04 2.352984303895466972e-04 2.353197963971324328e-04 2.353408490551718796e-04 2.353615917995723582e-04 2.353820280111098065e-04 2.354021610105376462e-04 2.354219940536629325e-04 2.354415303267758184e-04 2.354607729419848025e-04 2.354702850790633495e-04 2.354888205551444269e-04 2.355088622225354981e-04 2.355304963878871642e-04 2.355538061538252261e-04 2.355788689436670883e-04 2.356057533642187782e-04 2.356345152359374932e-04 2.356651925597621361e-04 2.356977991039182802e-04 2.357323161657377407e-04 2.357686818745894763e-04 2.358067771256504774e-04 2.358464068321657254e-04 2.358872746130640592e-04 2.359289482404057601e-04 2.359708121143603036e-04 2.360120016969898687e-04 2.360513132867608798e-04 2.360870809774608255e-04 2.361170116300144591e-04 2.361379691447444695e-04 2.361457028016896169e-04 2.361345231043334087e-04 2.360969448740685649e-04 2.360233429668680673e-04 2.359016993733492216e-04 2.357175529860444673e-04 2.354542781105217937e-04 2.350938042774809527e-04 2.346178603554034095e-04 2.340097370389585939e-04 2.332563728450072460e-04 2.323508812557930942e-04 2.312960823832635980e-04 2.301079774212621296e-04 2.288190273212802267e-04 2.274790571281652034e-04 2.261508483661990360e-04 2.249003800478748352e-04 2.237840321506845778e-04 2.228380114622323101e-04 2.220742758547995354e-04 2.214835857533832368e-04 2.210429936078882568e-04 2.207234554590338039e-04 2.204972743355782341e-04 2.203394477086116447e-04 2.202307109648029507e-04 2.201563740301155795e-04 
2.200717465479702672e-04 2.200986335906545842e-04 2.201347104706056362e-04 2.201830658553208329e-04 2.202225260170526219e-04 2.203122626416075056e-04 2.204429989653062291e-04 2.205679796542823286e-04 2.207371104741751749e-04 2.209460896289588722e-04 2.212009684906990792e-04 2.215066915418834395e-04 2.218666697685770049e-04 2.222817741554932185e-04 2.227493815896209629e-04 2.232627622496588234e-04 2.238111265339937886e-04 2.243804885854534976e-04 2.249552082434695774e-04 2.255198345518250871e-04 2.260607991834890675e-04 2.265675733042257897e-04 2.270331427658702720e-04 2.274538981082023829e-04 2.278291236852013802e-04 2.281602879490326032e-04 2.284503127271930961e-04 2.287029377168419808e-04 2.289222303847993469e-04 2.291122446184465226e-04 2.292768068334174515e-04 2.294193996864021595e-04 2.295431142248097536e-04 2.296506462000285167e-04 2.297443182941566442e-04 2.298261155644443308e-04 2.298977258681737389e-04 2.299605803017937603e-04 2.300158909306102917e-04 2.300646845344112902e-04 2.301078319761913204e-04 2.301460733005404981e-04 2.301800389228346498e-04 2.302102673753761864e-04 2.302372200957351737e-04 2.302612937157589050e-04 2.302828302619632948e-04 2.303021256229412130e-04 2.303194365854595858e-04 2.303349866911239680e-04 2.303428016309858734e-04 2.303582807771951198e-04 2.303735605351013517e-04 2.303886428151668631e-04 2.304035295288084254e-04 2.304182225858597663e-04 2.304327238920589587e-04 2.304470353465979879e-04 2.304611588396368658e-04 2.304750962499226691e-04 2.304888494423578359e-04 2.305024202656433003e-04 2.305158105500004751e-04 2.305290221048636359e-04 2.305420567166163238e-04 2.305549161464366561e-04 2.305676021281462696e-04 2.305801163660919245e-04 2.305924605331263137e-04 2.306046362686018281e-04 2.306106614771700114e-04 2.306224147625300278e-04 2.306351421471966861e-04 2.306489037587941928e-04 2.306637588594215196e-04 2.306797645109039021e-04 2.306969738750598478e-04 2.307154340595610697e-04 2.307351833918938264e-04 2.307562479634672618e-04 2.307786372260965473e-04 2.308023383355727780e-04 2.308273088072438999e-04 2.308534668586370835e-04 2.308806785385398750e-04 2.309087403497615235e-04 2.309373555291098837e-04 2.309661014224907781e-04 2.309943844749953160e-04 2.310213782906252341e-04 2.310459391562899351e-04 2.310664927180524882e-04 2.310808857932949588e-04 2.310861996585434719e-04 2.310785270754453404e-04 2.310527265889150748e-04 2.310021856745846840e-04 2.309186484088580329e-04 2.307921866550239384e-04 2.306113995336841636e-04 2.303639015158595257e-04 2.300371388810468199e-04 2.296195843612015971e-04 2.291022669083961718e-04 2.284805483618447639e-04 2.277562975745153144e-04 2.269404959520108427e-04 2.260554720823722611e-04 2.251354018147967728e-04 2.242234082213963135e-04 2.233647956485776875e-04 2.225982710064016855e-04 2.219486982315062198e-04 2.214242638351727977e-04 2.210188174806656700e-04 2.207162549278892153e-04 2.204968284790590220e-04 2.203414302822674273e-04 2.202330815492362396e-04 2.201584296062380911e-04 
2.200677264510553222e-04 2.200924980322743491e-04 2.201254282987002140e-04 2.201688291629320775e-04 2.202223493692727764e-04 2.203274910511915504e-04 2.203777155559617676e-04 2.205099967244628925e-04 2.206497469405633639e-04 2.208246564836501274e-04 2.210345615712099694e-04 2.212817375538208176e-04 2.215667648859094379e-04 2.218878422747131763e-04 2.222403485862736836e-04 2.226168755120120886e-04 2.230078189513830006e-04 2.234024396624243738e-04 2.237901334440214819e-04 2.241615815872496432e-04 2.245095465011304160e-04 2.248292122960238713e-04 2.251181076116211472e-04 2.253757460947701833e-04 2.256031363988690889e-04 2.258022825415177605e-04 2.259757499024680886e-04 2.261263297365341074e-04 2.262568048501990576e-04 2.263698024455450437e-04 2.264677139803295285e-04 2.265526621186004347e-04 2.266264980996726816e-04 2.266908169599950011e-04 2.267469818623075236e-04 2.267961518579854981e-04 2.268393096631657704e-04 2.268772875743226751e-04 2.269107906466692368e-04 2.269404168653703943e-04 2.269666743829771910e-04 2.269899960714960683e-04 2.270107517094031759e-04 2.270292581370620300e-04 2.270457876956616730e-04 2.270605752316991991e-04 2.270738239113408445e-04 2.270857100518737417e-04 2.270963871432395403e-04 2.271059892030438199e-04 2.271108188792871725e-04 2.271203931508190095e-04 2.271298548057700450e-04 2.271392048343004900e-04 2.271484442261970744e-04 2.271575739697926678e-04 2.271665950509104011e-04 2.271755084518117199e-04 2.271843151501224279e-04 2.271930161178179548e-04 2.272016123201910879e-04 2.272101047148553457e-04 2.272184942507152845e-04 2.272267818670382043e-04 2.272349684924470064e-04 2.272430550439988111e-04 2.272510424262381512e-04 2.272589315303013397e-04 2.272667232330368022e-04 2.272744183961028855e-04 2.272782300401736790e-04 2.272856724830399334e-04 2.272937426044549731e-04 2.273024815709905771e-04 2.273119306686127380e-04 2.273221305891656371e-04 2.273331205139264750e-04 2.273449369465417114e-04 2.273576122339456137e-04 2.273711726946296490e-04 2.273856362457132385e-04 2.274010093792491272e-04 2.274172832782413265e-04 2.274344287733294414e-04 2.274523897110147916e-04 2.274710741146655541e-04 2.274903422502071843e-04 2.275099903346761967e-04 2.275297281272745890e-04 2.275491480118884031e-04 2.275676824492173613e-04 2.275845459515127528e-04 2.275986572571361388e-04 2.276085376065050694e-04 2.276121826796398092e-04 2.276069098647564432e-04 2.275891902121572423e-04 2.275544863771579332e-04 2.274971332650330223e-04 2.274103133550208790e-04 2.272861875452205293e-04 2.271162387292350281e-04 2.268918594913787914e-04 2.266051579679396219e-04 2.262499573335583825e-04 2.258230607252115305e-04 2.253257658437635028e-04 2.247656097847437566e-04 2.241579230503831734e-04 2.235261700029562797e-04 2.228999627609568220e-04 2.223104076806854657e-04 2.217840807837148306e-04 2.213380795085572231e-04 2.209778824376517812e-04 2.206995010812594479e-04 2.204917184223079043e-04 2.203411523081975313e-04 2.202344426184042010e-04 2.201600349806000472e-04 
2.200635137442837920e-04 2.200861257182796247e-04 2.201158850279491227e-04 2.201546304836814508e-04 2.202038511330010526e-04 2.202688662453323272e-04 2.203424078196394127e-04 2.204536883761745421e-04 2.205689443017871888e-04 2.207102558677652817e-04 2.208801356538560540e-04 2.210758102677883236e-04 2.212962747780823441e-04 2.215383195146369084e-04 2.217968572898849845e-04 2.220652935890848965e-04 2.223362549480438575e-04 2.226024587823550093e-04 2.228575072140557742e-04 2.230964323042697675e-04 2.233159270843935735e-04 2.235142938888298996e-04 2.236911983301767006e-04 2.238473327566538557e-04 2.239840731582205184e-04 2.241031811606674327e-04 2.242065735709823909e-04 2.242961613745017015e-04 2.243737486388743506e-04 2.244409774849967661e-04 2.244993054159522602e-04 2.245500035346795578e-04 2.245941670140802167e-04 2.246327318131498469e-04 2.246664937449336578e-04 2.246961275504019944e-04 2.247222046931181760e-04 2.247452092735588403e-04 2.247655518783926558e-04 2.247835814153698345e-04 2.247995951044436699e-04 2.248138468451450647e-04 2.248265541891649550e-04 2.248379041344163447e-04 2.248480579342930095e-04 2.248571550898004505e-04 2.248653166668443675e-04 2.248726480574765900e-04 2.248792412834591274e-04 2.248851769230601316e-04 2.248881647286206831e-04 2.248940922847035930e-04 2.248999561946970463e-04 2.249057569712779934e-04 2.249114951265963815e-04 2.249171711718418525e-04 2.249227856167629542e-04 2.249283389692321034e-04 2.249338317347986246e-04 2.249392644162253067e-04 2.249446375130679230e-04 2.249499515212450196e-04 2.249552069325945307e-04 2.249604042344693715e-04 2.249655439093089073e-04 2.249706264342383132e-04 2.249756522806721092e-04 2.249806219139060929e-04 2.249855357927419623e-04 2.249903943691096062e-04 2.249928030581231772e-04 2.249975102211807356e-04 2.250026205711891066e-04 2.250081619164485220e-04 2.250141625238815573e-04 2.250206507423508848e-04 2.250276545126890407e-04 2.250352007384044987e-04 2.250433144843093554e-04 2.250520179608614217e-04 2.250613292389390418e-04 2.250712606204149252e-04 2.250818165619968068e-04 2.250929910083072417e-04 2.251047639290114713e-04 2.251170967653925395e-04 2.251299263615103604e-04 2.251431567702967182e-04 2.251566480682109226e-04 2.251702009698291443e-04 2.251835356003087081e-04 2.251962622813898746e-04 2.252078416877530511e-04 2.252175314021459692e-04 2.252243160513950945e-04 2.252268193473409255e-04 2.252231991897965014e-04 2.252110322792426561e-04 2.251872028781159020e-04 2.251478209007412405e-04 2.250882052014496878e-04 2.250029744969897472e-04 2.248862834602925525e-04 2.247322196263888011e-04 2.245353578219291683e-04 2.242914645247290372e-04 2.239983426256529934e-04 2.236568821033999011e-04 2.232722588202567843e-04 2.228549983406390308e-04 2.224212133465443329e-04 2.219912368951364515e-04 2.215864277729650970e-04 2.212250383029109430e-04 2.209188116910765090e-04 2.206715148123546675e-04 2.204802964825462535e-04 2.203376360935406346e-04 2.202342502772549270e-04 2.201609830898044746e-04 
2.200591380170439622e-04 2.200795725960391917e-04 2.201061782476229568e-04 2.201404232800519760e-04 2.201839181663634850e-04 2.202430353012385341e-04 2.203185110403473013e-04 2.203851392434299627e-04 2.204823465534878186e-04 2.206077803605607812e-04 2.207388743334511526e-04 2.208901062346721358e-04 2.210562668849756459e-04 2.212338007459166639e-04 2.214181191938668805e-04 2.216041715480069208e-04 2.217869572389036151e-04 2.219620830440454631e-04 2.221261378495767045e-04 2.222768512355998685e-04 2.224130572833356268e-04 2.225345261443383916e-04 2.226417333410964647e-04 2.227356239558131250e-04 2.228174077495786672e-04 2.228884008842052511e-04 2.229499154428741842e-04 2.230031900815292309e-04 2.230493522760396499e-04 2.230894027616832625e-04 2.231242143044431152e-04 2.231545388831288870e-04 2.231810191615681146e-04 2.232042015776642416e-04 2.232245494379476156e-04 2.232424551349948116e-04 2.232582510742787138e-04 2.232722191834083205e-04 2.232845990383877134e-04 2.232955947239532806e-04 2.233053805789939148e-04 2.233141059842536373e-04 2.233218993408253204e-04 2.233288713724217688e-04 2.233351178665665118e-04 2.233407219524178103e-04 2.233457559967387182e-04 2.233502831856642166e-04 2.233543588477250163e-04 2.233580315637119832e-04 2.233598815788883274e-04 2.233635544499475113e-04 2.233671913299177883e-04 2.233707924841820888e-04 2.233743581777234354e-04 2.233778886749538826e-04 2.233813842394962671e-04 2.233848451340027393e-04 2.233882716199619110e-04 2.233916639575005819e-04 2.233950224052210279e-04 2.233983472199772759e-04 2.234016386567233428e-04 2.234048969683217112e-04 2.234081224053573070e-04 2.234113152159762790e-04 2.234144756456990554e-04 2.234176039372548126e-04 2.234207003304238871e-04 2.234237650618533795e-04 2.234252856274791300e-04 2.234282595031881059e-04 2.234314916398447842e-04 2.234350006216089836e-04 2.234388055428131290e-04 2.234429258126956782e-04 2.234473808967397577e-04 2.234521899802503233e-04 2.234573715362483395e-04 2.234629427751872192e-04 2.234689189475696190e-04 2.234753124614113429e-04 2.234821317634211367e-04 2.234893799133442474e-04 2.234970527526904723e-04 2.235051365269198512e-04 2.235136047587365235e-04 2.235224140808354625e-04 2.235314986094355440e-04 2.235407622638400655e-04 2.235500682021548740e-04 2.235592242460817921e-04 2.235679628228948537e-04 2.235759136107457856e-04 2.235825668478832497e-04 2.235872253701673515e-04 2.235889442191184892e-04 2.235864585951685506e-04 2.235781045581248193e-04 2.235617425576951519e-04 2.235347012791937373e-04 2.234937665954547412e-04 2.234352440026195327e-04 2.233551195183883285e-04 2.232493331326042556e-04 2.231141608937958233e-04 2.229466943343767673e-04 2.227454258401170709e-04 2.225109659794503826e-04 2.222468688808389679e-04 2.219603620850545351e-04 2.216625042140254510e-04 2.213672477412331101e-04 2.210893081997152574e-04 2.208411731979886610e-04 2.206308727986589012e-04 2.204610981276682654e-04 2.203297933894705061e-04 2.202318323059543402e-04 2.201609051018266368e-04 
2.200546382741396412e-04 2.200729071094509250e-04 2.200964217042664247e-04 2.201263216467039133e-04 2.201638504625739806e-04 2.202102134944705365e-04 2.202696254549778906e-04 2.203316736033696045e-04 2.204224786879765573e-04 2.205053818433876285e-04 2.206112073791245123e-04 2.207250597785865795e-04 2.208472430478763482e-04 2.209737552928588416e-04 2.211014811518930367e-04 2.212270013881981515e-04 2.213472505156918973e-04 2.214598963706181068e-04 2.215633819416964838e-04 2.216569064949441923e-04 2.217403117177584320e-04 2.218139244348722239e-04 2.218783935654032005e-04 2.219345496383094685e-04 2.219832963888540849e-04 2.220255347597484892e-04 2.220621152675383012e-04 2.220938120831179852e-04 2.221213123567301992e-04 2.221452153687104229e-04 2.221660374588918237e-04 2.221842199050298131e-04 2.222001379115417586e-04 2.222141096015300922e-04 2.222264044059694423e-04 2.222372505666012066e-04 2.222468416653428081e-04 2.222553422040626184e-04 2.222628923150994759e-04 2.222696117062634242e-04 2.222756029482158191e-04 2.222809542062427945e-04 2.222857415076863517e-04 2.222900306241484955e-04 2.222938786355111167e-04 2.222973352317919680e-04 2.223004437992240779e-04 2.223032423286978821e-04 2.223057641778446809e-04 2.223080387123133571e-04 2.223091851695719386e-04 2.223114627259312952e-04 2.223137199192914688e-04 2.223159568869657161e-04 2.223181737660183334e-04 2.223203706931881941e-04 2.223225478047993829e-04 2.223247052366815067e-04 2.223268431240834741e-04 2.223289616016025608e-04 2.223310608030891358e-04 2.223331408615816362e-04 2.223352019092159548e-04 2.223372440771585995e-04 2.223392674955210408e-04 2.223412722932864745e-04 2.223432585982381554e-04 2.223452265368816062e-04 2.223471762343754994e-04 2.223491078144557902e-04 2.223500668487283865e-04 2.223519438238697528e-04 2.223539858209507545e-04 2.223562051517049740e-04 2.223586145768562854e-04 2.223612272074476203e-04 2.223640563707400401e-04 2.223671154326110953e-04 2.223704175665450352e-04 2.223739754569365183e-04 2.223778009212199998e-04 2.223819044310227885e-04 2.223862945061704898e-04 2.223909769464304273e-04 2.223959538526063711e-04 2.224012223690836508e-04 2.224067730511218122e-04 2.224125877179057662e-04 2.224186365911421021e-04 2.224248744316865479e-04 2.224312352658316223e-04 2.224376251313859719e-04 2.224439120696127448e-04 2.224499123522418755e-04 2.224553716979456536e-04 2.224599400779074651e-04 2.224631387820303838e-04 2.224643189529074507e-04 2.224626121242673834e-04 2.224568757903002520e-04 2.224456409123184584e-04 2.224270733217849805e-04 2.223989660248470101e-04 2.223587820759284606e-04 2.223037653336306198e-04 2.222311282092708981e-04 2.221383136858185922e-04 2.220233243968985969e-04 2.218851256816635703e-04 2.217241348179683873e-04 2.215428007436848743e-04 2.213460571708289752e-04 2.211415676993290632e-04 2.209388391240297872e-04 2.207479668285481896e-04 2.205775772851853520e-04 2.204331789392305883e-04 2.203166133732175291e-04 2.202264369106335016e-04 2.201591885025283558e-04 
2.200500618323264588e-04 2.200662064280621067e-04 2.200867385641121644e-04 2.201125085732824279e-04 2.201444100949924410e-04 2.201833129425487625e-04 2.202299645372600477e-04 2.202848816025354474e-04 2.203478774730764276e-04 2.204189844127427307e-04 2.204979405671260830e-04 2.205809108947979905e-04 2.206687612152160595e-04 2.207566219739775148e-04 2.208425548413940588e-04 2.209251182068923435e-04 2.210023985557385518e-04 2.210734768375546464e-04 2.211377068472811670e-04 2.211949736839722322e-04 2.212455165504409709e-04 2.212897877082469389e-04 2.213283448598758101e-04 2.213618147117103101e-04 2.213908187246221349e-04 2.214159373965749204e-04 2.214377015019513097e-04 2.214565838498153117e-04 2.214729964041271045e-04 2.214872936940191393e-04 2.214997786037403748e-04 2.215107086831448675e-04 2.215203023313326374e-04 2.215287445393886894e-04 2.215361920276691170e-04 2.215427777214869838e-04 2.215486145790824635e-04 2.215537988248533633e-04 2.215584126578963337e-04 2.215625265093837165e-04 2.215662009185223515e-04 2.215694880896683112e-04 2.215724331848713952e-04 2.215750753978961026e-04 2.215774488482008585e-04 2.215795833267175370e-04 2.215815049196913627e-04 2.215832365319247391e-04 2.215847983271480523e-04 2.215862080997404993e-04 2.215869190972463785e-04 2.215883324029192564e-04 2.215897341820854429e-04 2.215911245057817017e-04 2.215925034449045278e-04 2.215938710701664816e-04 2.215952274520691914e-04 2.215965726608621277e-04 2.215979067665095343e-04 2.215992298386590409e-04 2.216005419466001651e-04 2.216018431592368010e-04 2.216031335450518200e-04 2.216044131720703431e-04 2.216056821078308744e-04 2.216069404193508506e-04 2.216081881730949546e-04 2.216094254349453550e-04 2.216106522701636499e-04 2.216118687433681533e-04 2.216124731142227308e-04 2.216136567159523508e-04 2.216149455318047854e-04 2.216163476592669895e-04 2.216178715521526215e-04 2.216195259725772804e-04 2.216213199231932952e-04 2.216232625551268120e-04 2.216253630460154032e-04 2.216276304413899404e-04 2.216300734509376376e-04 2.216327001890488666e-04 2.216355178460015414e-04 2.216385322718579314e-04 2.216417474489244105e-04 2.216451648195784461e-04 2.216487824228066282e-04 2.216525937730595816e-04 2.216565863859886278e-04 2.216607398135662726e-04 2.216650229912200791e-04 2.216693906166903824e-04 2.216737781696706316e-04 2.216780950415549222e-04 2.216822150822255583e-04 2.216859637063792405e-04 2.216891005828095082e-04 2.216912969736606039e-04 2.216921072628813072e-04 2.216909352344234607e-04 2.216869963930551048e-04 2.216792821306035369e-04 2.216665326722666758e-04 2.216472330498276734e-04 2.216196405053756462e-04 2.215818637983526889e-04 2.215319875963415021e-04 2.214682567085911530e-04 2.213893017648482754e-04 2.212944196278384171e-04 2.211838752537257106e-04 2.210593807144563380e-04 2.209242646384965288e-04 2.207838423893668971e-04 2.206446405433867613e-04 2.205135787557091368e-04 2.203966403087996974e-04 2.202974476349177347e-04 2.202173991050416406e-04 2.201554978179700965e-04 
2.200454613852848072e-04 2.200595561662236862e-04 2.200772500015622042e-04 2.200991581293642251e-04 2.201258724468505197e-04 2.201579140042297098e-04 2.201956441230130262e-04 2.202391505384443436e-04 2.202881571581130908e-04 2.203419446727867290e-04 2.203994415966020336e-04 2.204591150176758284e-04 2.205193807072245555e-04 2.205785841559246968e-04 2.206352171440800921e-04 2.206883432193400729e-04 2.207370407082205783e-04 2.207812152253859066e-04 2.208205215194989084e-04 2.208552508805002924e-04 2.208855976405851157e-04 2.209121112068465761e-04 2.209350963380837893e-04 2.209549909746649429e-04 2.209722286430758787e-04 2.209871840503136082e-04 2.210001597598922236e-04 2.210114318357941086e-04 2.210212469857307060e-04 2.210298166773724848e-04 2.210373193934851211e-04 2.210439054471067817e-04 2.210497016530921178e-04 2.210548152962439974e-04 2.210593374156560561e-04 2.210633454473976778e-04 2.210669053996472237e-04 2.210700736819108290e-04 2.210728986378307070e-04 2.210754218279742367e-04 2.210776790967512967e-04 2.210797014566371352e-04 2.210815158229932121e-04 2.210831456268414071e-04 2.210846113268050139e-04 2.210859308374558767e-04 2.210871198885949209e-04 2.210881923275426805e-04 2.210891603743566681e-04 2.210900348380490706e-04 2.210904760954041071e-04 2.210913536900071337e-04 2.210922247552624055e-04 2.210930893280423646e-04 2.210939474451187846e-04 2.210947991431529863e-04 2.210956444586901993e-04 2.210964834281523527e-04 2.210973160878333308e-04 2.210981424738861804e-04 2.210989626223052481e-04 2.210997765689095380e-04 2.211005843493179645e-04 2.211013859989277499e-04 2.211021815528942851e-04 2.211029710461123732e-04 2.211037545132033271e-04 2.211045319885039380e-04 2.211053035060571242e-04 2.211060690996071603e-04 2.211064496853412577e-04 2.211071954573413749e-04 2.211080081814839713e-04 2.211088931512915573e-04 2.211098559270386504e-04 2.211109023137329836e-04 2.211120383281312029e-04 2.211132701521862612e-04 2.211146040697792076e-04 2.211160463829354311e-04 2.211176033028880656e-04 2.211192808101455443e-04 2.211210844761322654e-04 2.211230192368507093e-04 2.211250891063108661e-04 2.211272968132065530e-04 2.211296433375130668e-04 2.211321273141518930e-04 2.211347442585282885e-04 2.211374855498398305e-04 2.211403370811525009e-04 2.211432774543289957e-04 2.211462755552758355e-04 2.211492872770858746e-04 2.211522510057518953e-04 2.211550811082525802e-04 2.211576580855702603e-04 2.211598143996240066e-04 2.211613196776551890e-04 2.211618728946999001e-04 2.211610704470392532e-04 2.211583665414363622e-04 2.211530671835600136e-04 2.211443147555856587e-04 2.211310637258796427e-04 2.211121216563750034e-04 2.210861810049639237e-04 2.210519330236150148e-04 2.210081761776460350e-04 2.209539461155653650e-04 2.208887981771462611e-04 2.208128976967138385e-04 2.207273975063291387e-04 2.206346487921972011e-04 2.205382068442700056e-04 2.204427228185264155e-04 2.203526611669935707e-04 2.202723169178020949e-04 2.202042163478112153e-04 2.201492813003929413e-04 
2.200408965007439894e-04 2.200530470687516219e-04 2.200680729677184774e-04 2.200864263654109742e-04 2.201084294490756937e-04 2.201343373597688675e-04 2.201642100854789221e-04 2.201978618010049817e-04 2.202348062048270787e-04 2.202742680154590410e-04 2.203152443278966807e-04 2.203565959543059532e-04 2.203972363863496468e-04 2.204361519645116005e-04 2.204726163871322117e-04 2.205061330059712331e-04 2.205364074099600339e-04 2.205634012533393205e-04 2.205872355004389815e-04 2.206081143042873209e-04 2.206262860981343308e-04 2.206420728827568833e-04 2.206557398849338860e-04 2.206675761749136544e-04 2.206778450189485197e-04 2.206867589912295334e-04 2.206945042676540666e-04 2.207012442357064882e-04 2.207071275584942031e-04 2.207122766665735726e-04 2.207167962035700673e-04 2.207207727977120138e-04 2.207242818113208844e-04 2.207273847490302593e-04 2.207301358421643223e-04 2.207325795726906891e-04 2.207347541813638625e-04 2.207366933292036963e-04 2.207384256020026691e-04 2.207399753302983385e-04 2.207413637081992658e-04 2.207426093018686791e-04 2.207437282781359012e-04 2.207447346816219483e-04 2.207456407630949830e-04 2.207464572748025133e-04 2.207471936992989837e-04 2.207478584228255044e-04 2.207484588738601824e-04 2.207490016407864482e-04 2.207492756571062011e-04 2.207498209093470198e-04 2.207503624756151147e-04 2.207509003792163871e-04 2.207514346403533455e-04 2.207519652761174612e-04 2.207524923011802665e-04 2.207530157289576249e-04 2.207535355729420528e-04 2.207540518478874549e-04 2.207545645706008078e-04 2.207550737601874074e-04 2.207555794377539864e-04 2.207560816256759842e-04 2.207565803466288656e-04 2.207570756226187635e-04 2.207575674742180076e-04 2.207580559201586298e-04 2.207585409773276210e-04 2.207590226611380537e-04 2.207592622425967024e-04 2.207597319639516677e-04 2.207602442374162011e-04 2.207608025064272173e-04 2.207614104084422392e-04 2.207620717679931849e-04 2.207627905833679479e-04 2.207635710036143055e-04 2.207644172924268797e-04 2.207653337780109181e-04 2.207663247927963974e-04 2.207673946079431325e-04 2.207685473546821251e-04 2.207697869020956217e-04 2.207711166672093178e-04 2.207725393913979677e-04 2.207740569234949407e-04 2.207756699069530842e-04 2.207773772664680290e-04 2.207791756510040448e-04 2.207810587669117191e-04 2.207830163815927005e-04 2.207850332835663949e-04 2.207870880003896753e-04 2.207891511571706186e-04 2.207911826812273984e-04 2.207931259994857186e-04 2.207948977245923503e-04 2.207963784412403862e-04 2.207974151236481914e-04 2.207977995459839524e-04 2.207972380533579034e-04 2.207953868794349309e-04 2.207917540214960055e-04 2.207857373267825096e-04 2.207766357965523438e-04 2.207636312345736315e-04 2.207458190667405400e-04 2.207223025247878460e-04 2.206922549706469251e-04 2.206550298892858645e-04 2.206102899547031414e-04 2.205581797184621290e-04 2.204994747816844849e-04 2.204358010903881976e-04 2.203695879034062318e-04 2.203039555491907253e-04 2.202420670499104878e-04 2.201869738526818817e-04 2.201402514224318544e-04 
2.200364173198536468e-04 2.200467536280880493e-04 2.200593479720616349e-04 2.200744784377729139e-04 2.200922477303883333e-04 2.201127560326535647e-04 2.201358645403612762e-04 2.201612274957777989e-04 2.201883240507995808e-04 2.202164566862647803e-04 2.202448554660646593e-04 2.202727584597866019e-04 2.202994885881730117e-04 2.203245247105771389e-04 2.203475298631187636e-04 2.203683191942416505e-04 2.203868592023032588e-04 2.204032238595725454e-04 2.204175552154132912e-04 2.204300389387759795e-04 2.204408718380661476e-04 2.204502630760471851e-04 2.204583956232564678e-04 2.204654408243393094e-04 2.204715525417275384e-04 2.204768665406596972e-04 2.204814968849454530e-04 2.204855374967041822e-04 2.204890769634950483e-04 2.204921825549970818e-04 2.204949162308358912e-04 2.204973264969439556e-04 2.204994592693400378e-04 2.205013486969465970e-04 2.205030266920841029e-04 2.205045207241248183e-04 2.205058527268163946e-04 2.205070420169722529e-04 2.205081059570160123e-04 2.205090594344416067e-04 2.205099150179452557e-04 2.205106835481130648e-04 2.205113745822626992e-04 2.205119965958697158e-04 2.205125570753706612e-04 2.205130626042548501e-04 2.205135189665212675e-04 2.205139312554908878e-04 2.205143039735285549e-04 2.205146411162033082e-04 2.205148114022517539e-04 2.205151503959136442e-04 2.205154872837367835e-04 2.205158220663001357e-04 2.205161547479144617e-04 2.205164853374359042e-04 2.205168138482478007e-04 2.205171402974562050e-04 2.205174647044709382e-04 2.205177870892461992e-04 2.205181074704881618e-04 2.205184258641397748e-04 2.205187422823830527e-04 2.205190567333012105e-04 2.205193692212365593e-04 2.205196797477509193e-04 2.205199883130100650e-04 2.205202949173454372e-04 2.205205995627338073e-04 2.205209022539466679e-04 2.205210528691653698e-04 2.205213482862076796e-04 2.205216706572012944e-04 2.205220222155879174e-04 2.205224053375035389e-04 2.205228225388122223e-04 2.205232764638691615e-04 2.205237698630811379e-04 2.205243055605274468e-04 2.205248864220077539e-04 2.205255153427898790e-04 2.205261952657495018e-04 2.205269291928754706e-04 2.205277200872526140e-04 2.205285706041761051e-04 2.205294828583584019e-04 2.205304585897862398e-04 2.205314993722453981e-04 2.205326058252702758e-04 2.205337768532054596e-04 2.205350105630997674e-04 2.205363031670080898e-04 2.205376475573869505e-04 2.205390342073422917e-04 2.205404481515818972e-04 2.205418687622540726e-04 2.205432665190373549e-04 2.205446004807806401e-04 2.205458139137830744e-04 2.205468293198228154e-04 2.205475406006451693e-04 2.205478026007134300e-04 2.205474232418285483e-04 2.205461481934606891e-04 2.205436521343748680e-04 2.205395218311565300e-04 2.205332715057997737e-04 2.205243434126174802e-04 2.205121197143382881e-04 2.204959600370793432e-04 2.204753197315470438e-04 2.204497428549167702e-04 2.204190173279079530e-04 2.203832599984165890e-04 2.203429390795885853e-04 2.202991649478754262e-04 2.202538045345638410e-04 2.202086715306305037e-04 2.201662861286214396e-04 2.201283937748494963e-04 
2.200321003492061278e-04 2.200407104320963850e-04 2.200511257331466838e-04 2.200633369869807432e-04 2.200774076355793718e-04 2.200933141161945980e-04 2.201106918181663442e-04 2.201293252229221396e-04 2.201486281644585532e-04 2.201681323211305847e-04 2.201872861272980136e-04 2.202056476889565956e-04 2.202228463930513557e-04 2.202386363430052678e-04 2.202529365036954385e-04 2.202656624350489867e-04 2.202768281479682141e-04 2.202867552466534768e-04 2.202952528575166267e-04 2.203027229465853742e-04 2.203092025240632149e-04 2.203147514875533294e-04 2.203195692032692784e-04 2.203237761918332442e-04 2.203274412367740940e-04 2.203306295104117340e-04 2.203334081520075998e-04 2.203358360856412014e-04 2.203379653352809239e-04 2.203398382398306617e-04 2.203414908925190269e-04 2.203429520193013360e-04 2.203442478978943811e-04 2.203453990878608676e-04 2.203464235082058342e-04 2.203473373155409739e-04 2.203481538605505871e-04 2.203488843389462680e-04 2.203495386949022171e-04 2.203501257808131901e-04 2.203506532794992519e-04 2.203511277892932310e-04 2.203515550282857875e-04 2.203519400221134311e-04 2.203522872266174297e-04 2.203526006016732065e-04 2.203528836634824416e-04 2.203531395309838358e-04 2.203533709707876538e-04 2.203535804398932076e-04 2.203536862871017556e-04 2.203538971019190459e-04 2.203541067482943654e-04 2.203543152290414898e-04 2.203545225446510477e-04 2.203547286940867316e-04 2.203549336757884016e-04 2.203551374887110224e-04 2.203553401332349591e-04 2.203555416118129482e-04 2.203557419292606363e-04 2.203559410926702504e-04 2.203561391109695993e-04 2.203563359942219764e-04 2.203565317527790730e-04 2.203567263964302861e-04 2.203569199336752457e-04 2.203571123712243229e-04 2.203573037137917644e-04 2.203574939641967940e-04 2.203575886802895103e-04 2.203577745507965928e-04 2.203579775166813874e-04 2.203581990106017331e-04 2.203584405563067201e-04 2.203587037704409380e-04 2.203589903644604775e-04 2.203593021454062378e-04 2.203596410120625443e-04 2.203600089407920198e-04 2.203604079562139061e-04 2.203608400902314134e-04 2.203613073479141274e-04 2.203618117036409605e-04 2.203623551157832304e-04 2.203629394796191967e-04 2.203635664475005901e-04 2.203642372412061652e-04 2.203649526886542766e-04 2.203657132358404869e-04 2.203665184165500555e-04 2.203673665193264851e-04 2.203682546982486316e-04 2.203691779161779285e-04 2.203701286622277149e-04 2.203710964335918465e-04 2.203720675220215402e-04 2.203730254472789673e-04 2.203739479234181171e-04 2.203747911663348803e-04 2.203754759425675871e-04 2.203759544293172666e-04 2.203761679389755978e-04 2.203758590019386481e-04 2.203750298715241487e-04 2.203733272350715585e-04 2.203704679396604961e-04 2.203661887730112173e-04 2.203600580550040661e-04 2.203516325883491127e-04 2.203405658432422377e-04 2.203263824213258797e-04 2.203088349609900022e-04 2.202876994598301438e-04 2.202632453223193724e-04 2.202355233211315680e-04 2.202054729911983287e-04 2.201742527313445968e-04 2.201433005235635908e-04 2.201142096285559828e-04 
